date,hour,exchange,mcp,mcv,buy_volume,sell_volume,day_of_week,month,is_weekend,is_peak,grid_period_Evening_Peak,grid_period_Morning_Peak,grid_period_Off_Peak,buy_sell_ratio,daily_avg_mcp,mcp_lag1,mcp_roll7_mean,mcp_roll7_std,mcp_ema_12,mcp_ema_24
2026-01-01,1.0,IEX,2.79457,4782.39,9759.28,23795.28,3,1,0,0,False,False,True,0.41013511906137057,4.485575416666666,,,,4.485575416666666,4.485575416666666
2026-01-01,24.0,IEX,3.03424,5023.75,9885.8,22532.05,3,1,0,0,False,False,True,0.4387439223511647,4.485575416666666,,,,4.485575416666666,4.485575416666666
2026-01-01,23.0,IEX,3.30918,5447.64,10591.7,18069.6,3,1,0,0,False,False,True,0.5861612871418509,4.485575416666666,,,,4.485575416666666,4.485575416666666
2026-01-01,22.0,IEX,4.16481,6325.73,11830.25,12723.08,3,1,0,1,True,False,False,0.9298259533620586,4.485575416666666,,,,4.485575416666666,4.485575416666666
2026-01-01,21.0,IEX,4.74096,5547.85,12072.75,7974.1,3,1,0,1,True,False,False,1.5139953079168869,4.485575416666666,,,,4.485575416666666,4.485575416666666
2026-01-01,20.0,IEX,7.82854,5631.43,13948.33,6166.73,3,1,0,1,True,False,False,2.261868117686573,4.485575416666666,,,,4.485575416666666,4.485575416666666
2026-01-01,19.0,IEX,10.0,4766.92,17607.45,4986.93,3,1,0,1,True,False,False,3.53071929317091,4.485575416666666,,,,4.485575416666666,4.485575416666666
2026-01-01,17.0,IEX,3.67669,7251.53,14354.63,14142.73,3,1,0,1,False,False,True,1.014982962260481,4.485575416666666,,,,4.485575416666666,4.485575416666666
2026-01-01,16.0,IEX,3.02417,6136.09,12998.55,18129.88,3,1,0,1,False,False,True,0.7169683413696238,4.485575416666666,,,,4.485575416666666,4.485575416666666
2026-01-01,15.0,IEX,2.6807,6688.66,13374.33,24054.53,3,1,0,1,False,False,True,0.5560004703662884,4.485575416666666,,,,4.485575416666666,4.485575416666666
2026-01-01,14.0,IEX,2.60539,5724.82,10747.88,27555.83,3,1,0,1,False,False,True,0.3900401474424685,4.485575416666666,,,,4.485575416666666,4.485575416666666
2026-01-01,13.0,IEX,3.0248600000000003,6344.03,12096.83,23414.63,3,1,0,1,False,False,True,0.5166355391835636,4.485575416666666,,,,4.485575416666666,4.485575416666666
2026-01-01,18.0,IEX,7.5326,5683.12,16109.08,6514.38,3,1,0,1,True,False,False,2.4728492926834953,4.485575416666666,,,,4.485575416666666,4.485575416666666
2026-01-01,11.0,IEX,3.47673,6190.46,14575.53,10777.3,3,1,0,1,False,False,True,1.3524287146572624,4.485575416666666,,,,4.485575416666666,4.485575416666666
2026-01-01,10.0,IEX,5.48804,9947.55,19490.65,11379.6,3,1,0,1,False,True,False,1.712771097654776,4.485575416666666,,,,4.485575416666666,4.485575416666666
2026-01-01,9.0,IEX,8.90017,9502.45,21152.55,9758.05,3,1,0,1,False,True,False,2.1677025613030243,4.485575416666666,,,,4.485575416666666,4.485575416666666
2026-01-01,8.0,IEX,8.910219999999999,9281.95,21535.23,9993.45,3,1,0,0,False,True,False,2.1549344799294192,4.485575416666666,,,,4.485575416666666,4.485575416666666
2026-01-01,7.0,IEX,4.29204,8486.7,16142.28,12847.38,3,1,0,0,False,True,False,1.2564647412496053,4.485575416666666,,,,4.485575416666666,4.485575416666666
2026-01-01,6.0,IEX,3.3593,6560.34,13470.85,18157.25,3,1,0,0,False,True,False,0.7418992409412773,4.485575416666666,,,,4.485575416666666,4.485575416666666
2026-01-01,5.0,IEX,2.96313,6642.53,13261.13,23411.75,3,1,0,0,False,False,True,0.5664305314355268,4.485575416666666,,,,4.485575416666666,4.485575416666666
2026-01-01,4.0,IEX,2.9115,7598.78,14113.85,25612.15,3,1,0,0,False,False,True,0.5510607268225975,4.485575416666666,,,,4.485575416666666,4.485575416666666
2026-01-01,3.0,IEX,2.88967,7006.71,13285.58,25682.8,3,1,0,0,False,False,True,0.5172948430399743,4.485575416666666,,,,4.485575416666666,4.485575416666666
2026-01-01,2.0,IEX,2.76925,5353.33,10809.63,24832.33,3,1,0,0,False,False,True,0.43530470139720884,4.485575416666666,,,,4.485575416666666,4.485575416666666
2026-01-01,12.0,IEX,3.27705,5693.18,13882.03,16340.73,3,1,0,1,False,False,True,0.8495354853488581,4.485575416666666,,,,4.485575416666666,4.485575416666666
2026-01-02,15.0,IEX,3.13615,7721.85,16302.45,23636.88,4,1,0,1,False,False,True,0.6897039707906865,4.838742916666667,4.485575416666666,,,4.539908878205128,4.513828816666667
2026-01-02,16.0,IEX,3.4825500000000003,8457.75,16894.13,17515.75,4,1,0,1,False,False,True,0.9645107968745211,4.838742916666667,4.485575416666666,,,4.539908878205128,4.513828816666667
2026-01-02,17.0,IEX,5.98716,9572.18,19021.58,11965.75,4,1,0,1,False,False,True,1.589668845170868,4.838742916666667,4.485575416666666,,,4.539908878205128,4.513828816666667
2026-01-02,18.0,IEX,10.0,4853.16,21314.33,5293.18,4,1,0,1,True,False,False,4.0267532862537205,4.838742916666667,4.485575416666666,,,4.539908878205128,4.513828816666667
2026-01-02,19.0,IEX,10.0,3980.65,23335.7,4420.65,4,1,0,1,True,False,False,5.278793830593253,4.838742916666667,4.485575416666666,,,4.539908878205128,4.513828816666667
2026-01-02,24.0,IEX,3.3889,5494.95,10878.75,21676.83,4,1,0,0,False,False,True,0.5018607423217044,4.838742916666667,4.485575416666666,,,4.539908878205128,4.513828816666667
2026-01-02,21.0,IEX,5.41462,6282.68,14915.35,7307.6,4,1,0,1,True,False,False,2.0410736739270434,4.838742916666667,4.485575416666666,,,4.539908878205128,4.513828816666667
2026-01-02,22.0,IEX,4.4554,6373.76,12664.03,11453.83,4,1,0,1,True,False,False,1.105658979480524,4.838742916666667,4.485575416666666,,,4.539908878205128,4.513828816666667
2026-01-02,23.0,IEX,3.90332,6186.88,11649.25,16847.0,4,1,0,0,False,False,True,0.6914732589235631,4.838742916666667,4.485575416666666,,,4.539908878205128,4.513828816666667
2026-01-02,14.0,IEX,3.13171,6305.35,14119.28,27236.73,4,1,0,1,False,False,True,0.5183911576322153,4.838742916666667,4.485575416666666,,,4.539908878205128,4.513828816666667
2026-01-02,20.0,IEX,10.0,4483.25,18830.58,4923.25,4,1,0,1,True,False,False,3.8248270881535027,4.838742916666667,4.485575416666666,,,4.539908878205128,4.513828816666667
2026-01-02,13.0,IEX,3.34159,7326.68,15204.83,23270.5,4,1,0,1,False,False,True,0.653395070731873,4.838742916666667,4.485575416666666,,,4.539908878205128,4.513828816666667
2026-01-02,6.0,IEX,3.35865,7533.18,13466.98,20552.28,4,1,0,0,False,True,False,0.6552547937964767,4.838742916666667,4.485575416666666,,,4.539908878205128,4.513828816666667
2026-01-02,11.0,IEX,3.93883,7924.34,17813.85,13630.7,4,1,0,1,False,False,True,1.306891794767039,4.838742916666667,4.485575416666666,,,4.539908878205128,4.513828816666667
2026-01-02,12.0,IEX,3.58209,7156.35,16621.5,17236.13,4,1,0,1,False,False,True,0.9643406025805441,4.838742916666667,4.485575416666666,,,4.539908878205128,4.513828816666667
2026-01-02,2.0,IEX,2.67068,5824.46,12462.78,27064.9,4,1,0,0,False,False,True,0.46047759257914217,4.838742916666667,4.485575416666666,,,4.539908878205128,4.513828816666667
2026-01-02,3.0,IEX,2.6767600000000003,6816.04,13438.05,28607.8,4,1,0,0,False,False,True,0.4697337787352632,4.838742916666667,4.485575416666666,,,4.539908878205128,4.513828816666667
2026-01-02,4.0,IEX,2.76782,7956.94,13807.13,28744.8,4,1,0,0,False,False,True,0.48033487779343226,4.838742916666667,4.485575416666666,,,4.539908878205128,4.513828816666667
2026-01-02,5.0,IEX,2.86621,7594.28,13998.8,27597.48,4,1,0,0,False,False,True,0.5072492124254645,4.838742916666667,4.485575416666666,,,4.539908878205128,4.513828816666667
2026-01-02,1.0,IEX,2.91133,5823.09,11728.23,25811.93,4,1,0,0,False,False,True,0.45437245473144683,4.838742916666667,4.485575416666666,,,4.539908878205128,4.513828816666667
2026-01-02,7.0,IEX,4.25351,8719.8,15693.9,13366.0,4,1,0,0,False,True,False,1.1741657929267053,4.838742916666667,4.485575416666666,,,4.539908878205128,4.513828816666667
2026-01-02,8.0,IEX,8.83858,9938.0,20177.95,10919.15,4,1,0,0,False,True,False,1.8479414589524448,4.838742916666667,4.485575416666666,,,4.539908878205128,4.513828816666667
2026-01-02,9.0,IEX,7.33641,9847.52,18697.23,11373.9,4,1,0,1,False,True,False,1.6438714938201748,4.838742916666667,4.485575416666666,,,4.539908878205128,4.513828816666667
2026-01-02,10.0,IEX,4.68756,9205.45,18962.68,12124.0,4,1,0,1,False,True,False,1.5640613645957924,4.838742916666667,4.485575416666666,,,4.539908878205128,4.513828816666667
2026-01-03,24.0,IEX,3.02306,6888.26,11903.58,24336.9,5,1,1,0,False,False,True,0.48911652655468996,4.51537,4.838742916666667,,,4.536133666173569,4.513952111333333
2026-01-03,23.0,IEX,3.75225,7216.53,12830.98,19764.08,5,1,1,0,False,False,True,0.6492070459898932,4.51537,4.838742916666667,,,4.536133666173569,4.513952111333333
2026-01-03,22.0,IEX,4.22479,7116.95,12665.85,13578.43,5,1,1,1,True,False,False,0.9327919347577063,4.51537,4.838742916666667,,,4.536133666173569,4.513952111333333
2026-01-03,21.0,IEX,4.931649999999999,6997.05,14067.98,9804.65,5,1,1,1,True,False,False,1.434827350864307,4.51537,4.838742916666667,,,4.536133666173569,4.513952111333333
2026-01-03,20.0,IEX,9.39979,5878.48,18180.25,7200.95,5,1,1,1,True,False,False,2.524701598365908,4.51537,4.838742916666667,,,4.536133666173569,4.513952111333333
2026-01-03,19.0,IEX,10.0,4603.32,22907.6,5757.63,5,1,1,1,True,False,False,3.9786509310625187,4.51537,4.838742916666667,,,4.536133666173569,4.513952111333333
2026-01-03,17.0,IEX,4.195930000000001,8352.55,16827.7,13820.48,5,1,1,1,False,False,True,1.2175915733624365,4.51537,4.838742916666667,,,4.536133666173569,4.513952111333333
2026-01-03,16.0,IEX,3.56562,8989.23,16262.73,19512.85,5,1,1,1,False,False,True,0.8334369398455701,4.51537,4.838742916666667,,,4.536133666173569,4.513952111333333
2026-01-03,15.0,IEX,3.25665,7393.0,14885.48,24815.73,5,1,1,1,False,False,True,0.5998405041480381,4.51537,4.838742916666667,,,4.536133666173569,4.513952111333333
2026-01-03,14.0,IEX,3.22931,6401.98,13322.55,28096.68,5,1,1,1,False,False,True,0.4741681221859066,4.51537,4.838742916666667,,,4.536133666173569,4.513952111333333
2026-01-03,13.0,IEX,3.39137,7905.93,14482.9,24137.4,5,1,1,1,False,False,True,0.6000190573135387,4.51537,4.838742916666667,,,4.536133666173569,4.513952111333333
2026-01-03,18.0,IEX,10.0,6063.04,21239.9,7292.35,5,1,1,1,True,False,False,2.9126276126178428,4.51537,4.838742916666667,,,4.536133666173569,4.513952111333333
2026-01-03,11.0,IEX,4.104430000000001,7568.45,16498.7,12903.13,5,1,1,1,False,False,True,1.2786587430502068,4.51537,4.838742916666667,,,4.536133666173569,4.513952111333333
2026-01-03,2.0,IEX,2.76532,6880.24,12667.18,29780.9,5,1,1,0,False,False,True,0.4253457751695396,4.51537,4.838742916666667,,,4.536133666173569,4.513952111333333
2026-01-03,3.0,IEX,2.69551,7441.5,13422.08,30553.7,5,1,1,0,False,False,True,0.4392947497555796,4.51537,4.838742916666667,,,4.536133666173569,4.513952111333333
2026-01-03,4.0,IEX,2.69061,8021.22,13864.0,30898.1,5,1,1,0,False,False,True,0.44870072902582986,4.51537,4.838742916666667,,,4.536133666173569,4.513952111333333
2026-01-03,5.0,IEX,2.79293,7409.8,13485.23,29791.18,5,1,1,0,False,False,True,0.4526584712479806,4.51537,4.838742916666667,,,4.536133666173569,4.513952111333333
2026-01-03,6.0,IEX,3.1655300000000004,6365.5,12688.38,22362.65,5,1,1,0,False,True,False,0.5673916103112145,4.51537,4.838742916666667,,,4.536133666173569,4.513952111333333
2026-01-03,1.0,IEX,2.92932,6733.75,12127.98,28452.5,5,1,1,0,False,False,True,0.4262535803791394,4.51537,4.838742916666667,,,4.536133666173569,4.513952111333333
2026-01-03,7.0,IEX,3.94432,6483.18,13778.7,14476.53,5,1,1,0,False,True,False,0.9517957680799226,4.51537,4.838742916666667,,,4.536133666173569,4.513952111333333
2026-01-03,8.0,IEX,6.8316300000000005,9593.66,18091.53,12488.68,5,1,1,0,False,True,False,1.4486342820469142,4.51537,4.838742916666667,,,4.536133666173569,4.513952111333333
2026-01-03,9.0,IEX,5.08688,9689.05,18402.38,12248.28,5,1,1,1,False,True,False,1.5024460565055289,4.51537,4.838742916666667,,,4.536133666173569,4.513952111333333
2026-01-03,10.0,IEX,4.73167,9976.7,20542.65,13116.33,5,1,1,1,False,True,False,1.5661888641363944,4.51537,4.838742916666667,,,4.536133666173569,4.513952111333333
2026-01-03,12.0,IEX,3.66031,8396.23,16238.2,18005.83,5,1,1,1,False,False,True,0.9018301289627692,4.51537,4.838742916666667,,,4.536133666173569,4.513952111333333
2026-01-04,14.0,IEX,2.65538,5746.9,11118.1,30928.93,6,1,1,1,False,False,True,0.3594725066921253,3.4134504166666666,4.51537,,,4.36341316624943,4.42591197576
2026-01-04,23.0,IEX,3.4612800000000004,6022.57,11023.75,21677.58,6,1,1,0,False,False,True,0.508532317487223,3.4134504166666666,4.51537,,,4.36341316624943,4.42591197576
2026-01-04,22.0,IEX,3.84505,6050.08,10562.18,15987.93,6,1,1,1,True,False,False,0.6606346158254167,3.4134504166666666,4.51537,,,4.36341316624943,4.42591197576
2026-01-04,21.0,IEX,3.9639,5977.32,10786.88,12228.73,6,1,1,1,True,False,False,0.8820932338173357,3.4134504166666666,4.51537,,,4.36341316624943,4.42591197576
2026-01-04,20.0,IEX,4.50476,5016.75,11520.83,10357.33,6,1,1,1,True,False,False,1.1123359001669968,3.4134504166666666,4.51537,,,4.36341316624943,4.42591197576
2026-01-04,19.0,IEX,5.0800600000000005,5880.28,14241.48,9634.98,6,1,1,1,True,False,False,1.4781016655165848,3.4134504166666666,4.51537,,,4.36341316624943,4.42591197576
2026-01-04,18.0,IEX,4.14918,6513.95,13715.98,12300.2,6,1,1,1,True,False,False,1.1151021925536964,3.4134504166666666,4.51537,,,4.36341316624943,4.42591197576
2026-01-04,17.0,IEX,3.30143,8101.27,14120.8,19363.4,6,1,1,1,False,False,True,0.7292520937804041,3.4134504166666666,4.51537,,,4.36341316624943,4.42591197576
2026-01-04,16.0,IEX,2.79624,5984.53,12664.63,22869.98,6,1,1,1,False,False,True,0.5537665531173326,3.4134504166666666,4.51537,,,4.36341316624943,4.42591197576
2026-01-04,15.0,IEX,2.63283,5931.82,13006.68,29448.23,6,1,1,1,False,False,True,0.4416795167513703,3.4134504166666666,4.51537,,,4.36341316624943,4.42591197576
2026-01-04,13.0,IEX,2.8415100000000004,6173.21,12470.1,26647.28,6,1,1,1,False,False,True,0.4679689632608023,3.4134504166666666,4.51537,,,4.36341316624943,4.42591197576
2026-01-04,24.0,IEX,2.8869,5450.52,10046.88,26168.33,6,1,1,0,False,False,True,0.38393279189618407,3.4134504166666666,4.51537,,,4.36341316624943,4.42591197576
2026-01-04,11.0,IEX,3.45394,6567.18,14443.15,14974.73,6,1,1,1,False,False,True,0.9645015296005327,3.4134504166666666,4.51537,,,4.36341316624943,4.42591197576
2026-01-04,1.0,IEX,2.7868000000000004,5755.2,11899.13,27567.95,6,1,1,0,False,False,True,0.4316291198904419,3.4134504166666666,4.51537,,,4.36341316624943,4.42591197576
2026-01-04,2.0,IEX,2.71541,6414.04,12455.58,29002.95,6,1,1,0,False,False,True,0.42945907211871237,3.4134504166666666,4.51537,,,4.36341316624943,4.42591197576
2026-01-04,3.0,IEX,2.67487,7149.3,13659.0,29697.6,6,1,1,0,False,False,True,0.4599361563022143,3.4134504166666666,4.51537,,,4.36341316624943,4.42591197576
2026-01-04,4.0,IEX,2.67009,7104.0,13062.78,29923.03,6,1,1,0,False,False,True,0.43654603145585663,3.4134504166666666,4.51537,,,4.36341316624943,4.42591197576
2026-01-04,5.0,IEX,2.73535,6836.84,13675.68,28467.45,6,1,1,0,False,False,True,0.4803970849231677,3.4134504166666666,4.51537,,,4.36341316624943,4.42591197576
2026-01-04,12.0,IEX,2.9307600000000003,6029.86,13574.33,21692.73,6,1,1,1,False,False,True,0.6257548032793684,3.4134504166666666,4.51537,,,4.36341316624943,4.42591197576
2026-01-04,7.0,IEX,3.83697,7995.5,15290.03,16966.03,6,1,1,0,False,True,False,0.9012143672378192,3.4134504166666666,4.51537,,,4.36341316624943,4.42591197576
2026-01-04,8.0,IEX,4.45592,9293.43,17804.6,15740.2,6,1,1,0,False,True,False,1.1311546224754738,3.4134504166666666,4.51537,,,4.36341316624943,4.42591197576
2026-01-04,9.0,IEX,4.376600000000001,8509.88,17736.95,15538.2,6,1,1,1,False,True,False,1.1415060939223938,3.4134504166666666,4.51537,,,4.36341316624943,4.42591197576
2026-01-04,10.0,IEX,4.0513200000000005,7617.61,16513.13,14036.03,6,1,1,1,False,True,False,1.1764815256333296,3.4134504166666666,4.51537,,,4.36341316624943,4.42591197576
2026-01-04,6.0,IEX,3.11626,6489.6,13621.25,22969.85,6,1,1,0,False,True,False,0.5930056136226377,3.4134504166666666,4.51537,,,4.36341316624943,4.42591197576
2026-01-05,14.0,IEX,2.55906,7313.02,14283.65,30560.88,0,1,0,1,False,False,True,0.467383465244658,4.198624583333333,3.4134504166666666,,,4.33806107657003,4.407728984365867
2026-01-05,15.0,IEX,2.87964,8020.34,15783.75,27931.9,0,1,0,1,False,False,True,0.5650797115251451,4.198624583333333,3.4134504166666666,,,4.33806107657003,4.407728984365867
2026-01-05,16.0,IEX,3.24569,9203.69,16538.03,21894.35,0,1,0,1,False,False,True,0.7553560618354251,4.198624583333333,3.4134504166666666,,,4.33806107657003,4.407728984365867
2026-01-05,17.0,IEX,4.03508,8412.28,15835.4,14609.35,0,1,0,1,False,False,True,1.083922281905819,4.198624583333333,3.4134504166666666,,,4.33806107657003,4.407728984365867
2026-01-05,18.0,IEX,7.66024,5733.9,17857.9,8205.53,0,1,0,1,True,False,False,2.1763249879333513,4.198624583333333,3.4134504166666666,,,4.33806107657003,4.407728984365867
2026-01-05,20.0,IEX,9.12544,5485.65,17315.43,7622.75,0,1,0,1,True,False,False,2.2715463549617314,4.198624583333333,3.4134504166666666,,,4.33806107657003,4.407728984365867
2026-01-05,21.0,IEX,4.857810000000001,6200.88,13769.73,10437.88,0,1,0,1,True,False,False,1.3192075389646103,4.198624583333333,3.4134504166666666,,,4.33806107657003,4.407728984365867
2026-01-05,22.0,IEX,3.8511,6605.16,11644.75,16036.23,0,1,0,1,True,False,False,0.7261525927689035,4.198624583333333,3.4134504166666666,,,4.33806107657003,4.407728984365867
2026-01-05,23.0,IEX,3.33395,6588.13,11693.33,20316.38,0,1,0,0,False,False,True,0.5755616893484166,4.198624583333333,3.4134504166666666,,,4.33806107657003,4.407728984365867
2026-01-05,13.0,IEX,2.8257800000000004,7217.97,15892.43,25813.48,0,1,0,1,False,False,True,0.6156639861747956,4.198624583333333,3.4134504166666666,,,4.33806107657003,4.407728984365867
2026-01-05,19.0,IEX,10.0,4599.39,19714.45,6656.8,0,1,0,1,True,False,False,2.961550590431513,4.198624583333333,3.4134504166666666,,,4.33806107657003,4.407728984365867
2026-01-05,24.0,IEX,2.76448,6089.57,10430.7,25437.2,0,1,0,0,False,False,True,0.41005692434306573,4.198624583333333,3.4134504166666666,,,4.33806107657003,4.407728984365867
2026-01-05,12.0,IEX,3.28132,8886.6,16391.7,19795.73,0,1,0,1,False,False,True,0.8280422086843768,4.198624583333333,3.4134504166666666,,,4.33806107657003,4.407728984365867
2026-01-05,10.0,IEX,4.71718,9050.4,18963.2,13247.53,0,1,0,1,False,True,False,1.4314517487928302,4.198624583333333,3.4134504166666666,,,4.33806107657003,4.407728984365867
2026-01-05,9.0,IEX,6.68975,10933.15,19264.85,13932.55,0,1,0,1,False,True,False,1.3827224726394505,4.198624583333333,3.4134504166666666,,,4.33806107657003,4.407728984365867
2026-01-05,8.0,IEX,6.822310000000001,10866.98,18591.1,14582.6,0,1,0,0,False,True,False,1.2748823932118534,4.198624583333333,3.4134504166666666,,,4.33806107657003,4.407728984365867
2026-01-05,7.0,IEX,3.65678,7250.68,14298.5,17453.65,0,1,0,0,False,True,False,0.8192269234118783,4.198624583333333,3.4134504166666666,,,4.33806107657003,4.407728984365867
2026-01-05,6.0,IEX,2.79534,6433.64,11862.83,24811.88,0,1,0,0,False,True,False,0.4781108886234695,4.198624583333333,3.4134504166666666,,,4.33806107657003,4.407728984365867
2026-01-05,5.0,IEX,2.5065,8355.58,12605.7,31851.18,0,1,0,0,False,False,True,0.3957686966712792,4.198624583333333,3.4134504166666666,,,4.33806107657003,4.407728984365867
2026-01-05,4.0,IEX,2.39438,8308.44,12021.43,33335.4,0,1,0,0,False,False,True,0.36062054141824584,4.198624583333333,3.4134504166666666,,,4.33806107657003,4.407728984365867
2026-01-05,3.0,IEX,2.37502,7918.99,11573.35,33619.03,0,1,0,0,False,False,True,0.34424996784730255,4.198624583333333,3.4134504166666666,,,4.33806107657003,4.407728984365867
2026-01-05,2.0,IEX,2.41859,6996.38,10797.68,33111.93,0,1,0,0,False,False,True,0.32609636456524993,4.198624583333333,3.4134504166666666,,,4.33806107657003,4.407728984365867
2026-01-05,1.0,IEX,2.45405,6723.85,10405.58,31741.43,0,1,0,0,False,False,True,0.3278232895216683,4.198624583333333,3.4134504166666666,,,4.33806107657003,4.407728984365867
2026-01-05,11.0,IEX,3.5175,7721.75,15524.28,12927.9,0,1,0,1,False,False,True,1.2008354015726952,4.198624583333333,3.4134504166666666,,,4.33806107657003,4.407728984365867
2026-01-06,15.0,IEX,2.73307,8932.86,17987.98,27638.2,1,1,0,1,False,False,True,0.6508376085812977,4.162884166666667,4.198624583333333,,,4.311110782738743,4.388141398949931
2026-01-06,16.0,IEX,3.1974,9554.92,18467.75,22058.4,1,1,0,1,False,False,True,0.8372207409253524,4.162884166666667,4.198624583333333,,,4.311110782738743,4.388141398949931
2026-01-06,17.0,IEX,4.00146,8729.8,17461.0,14488.63,1,1,0,1,False,False,True,1.2051519010388478,4.162884166666667,4.198624583333333,,,4.311110782738743,4.388141398949931
2026-01-06,19.0,IEX,10.0,5290.32,21694.1,7162.93,1,1,0,1,True,False,False,3.0286628474260353,4.162884166666667,4.198624583333333,,,4.311110782738743,4.388141398949931
2026-01-06,14.0,IEX,2.50159,8295.4,15193.9,30053.18,1,1,0,1,False,False,True,0.5055671311636348,4.162884166666667,4.198624583333333,,,4.311110782738743,4.388141398949931
2026-01-06,21.0,IEX,4.56458,5531.35,12128.73,10103.25,1,1,0,1,True,False,False,1.2004780628011005,4.162884166666667,4.198624583333333,,,4.311110782738743,4.388141398949931
2026-01-06,22.0,IEX,4.20176,6989.25,13726.18,14838.7,1,1,0,1,True,False,False,0.9250257765673369,4.162884166666667,4.198624583333333,,,4.311110782738743,4.388141398949931
2026-01-06,23.0,IEX,3.65985,6081.83,13364.1,19191.65,1,1,0,0,False,False,True,0.6963497142265779,4.162884166666667,4.198624583333333,,,4.311110782738743,4.388141398949931
2026-01-06,24.0,IEX,2.87942,5806.8,12025.18,25114.35,1,1,0,0,False,False,True,0.4788170904368152,4.162884166666667,4.198624583333333,,,4.311110782738743,4.388141398949931
2026-01-06,20.0,IEX,8.00057,5602.15,16249.88,8148.55,1,1,0,1,True,False,False,1.994205101528241,4.162884166666667,4.198624583333333,,,4.311110782738743,4.388141398949931
2026-01-06,13.0,IEX,2.90299,8527.28,16790.08,25949.58,1,1,0,1,False,False,True,0.6470270421921946,4.162884166666667,4.198624583333333,,,4.311110782738743,4.388141398949931
2026-01-06,18.0,IEX,8.865110000000001,6026.35,17969.08,8087.33,1,1,0,1,True,False,False,2.221880395356836,4.162884166666667,4.198624583333333,,,4.311110782738743,4.388141398949931
2026-01-06,11.0,IEX,3.04238,9029.33,17828.53,15018.33,1,1,0,1,False,False,True,1.187118007669882,4.162884166666667,4.198624583333333,,,4.311110782738743,4.388141398949931
2026-01-06,1.0,IEX,2.57283,7600.3,13100.18,30408.9,1,1,0,0,False,False,True,0.4308008509249592,4.162884166666667,4.198624583333333,,,4.311110782738743,4.388141398949931
2026-01-06,2.0,IEX,2.5202600000000004,8056.9,13392.93,32272.53,1,1,0,0,False,False,True,0.4149947337828814,4.162884166666667,4.198624583333333,,,4.311110782738743,4.388141398949931
2026-01-06,3.0,IEX,2.49747,8626.3,14145.18,33394.5,1,1,0,0,False,False,True,0.423578133997042,4.162884166666667,4.198624583333333,,,4.311110782738743,4.388141398949931
2026-01-06,4.0,IEX,2.58435,9561.31,14902.93,33761.08,1,1,0,0,False,False,True,0.44142337850524227,4.162884166666667,4.198624583333333,,,4.311110782738743,4.388141398949931
2026-01-06,5.0,IEX,2.63803,9007.45,15542.88,33012.55,1,1,0,0,False,False,True,0.47081731024388673,4.162884166666667,4.198624583333333,,,4.311110782738743,4.388141398949931
2026-01-06,12.0,IEX,3.05062,9576.36,19130.4,21517.2,1,1,0,1,False,False,True,0.8890747862690895,4.162884166666667,4.198624583333333,,,4.311110782738743,4.388141398949931
2026-01-06,7.0,IEX,3.98659,7995.23,16944.68,15770.25,1,1,0,0,False,True,False,1.0744712347144332,4.162884166666667,4.198624583333333,,,4.311110782738743,4.388141398949931
2026-01-06,8.0,IEX,7.16822,9262.23,20535.53,12096.03,1,1,0,0,False,True,False,1.6977082549417384,4.162884166666667,4.198624583333333,,,4.311110782738743,4.388141398949931
2026-01-06,9.0,IEX,5.38692,9360.14,20219.83,12342.45,1,1,0,1,False,True,False,1.6382347089611589,4.162884166666667,4.198624583333333,,,4.311110782738743,4.388141398949931
2026-01-06,10.0,IEX,3.95302,9901.8,19275.43,14589.63,1,1,0,1,False,True,False,1.321173325628427,4.162884166666667,4.198624583333333,,,4.311110782738743,4.388141398949931
2026-01-06,6.0,IEX,3.00073,7710.8,14531.75,24098.65,1,1,0,0,False,True,False,0.6030109567950857,4.162884166666667,4.198624583333333,,,4.311110782738743,4.388141398949931
2026-01-07,24.0,IEX,2.91028,5765.03,11923.98,24165.93,2,1,0,0,False,False,True,0.4934211095979252,4.80858,4.162884166666667,4.346175357142857,0.48816711007300273,4.3876445084712445,4.421776487033936
2026-01-07,23.0,IEX,3.34843,5981.15,12747.8,18377.1,2,1,0,0,False,False,True,0.6936785452037163,4.80858,4.162884166666667,4.346175357142857,0.48816711007300273,4.3876445084712445,4.421776487033936
2026-01-07,22.0,IEX,4.469069999999999,6928.65,13364.58,12252.7,2,1,0,1,True,False,False,1.0907457122995374,4.80858,4.162884166666667,4.346175357142857,0.48816711007300273,4.3876445084712445,4.421776487033936
2026-01-07,21.0,IEX,5.23963,6211.24,14162.15,9251.15,2,1,0,1,True,False,False,1.530852919333431,4.80858,4.162884166666667,4.346175357142857,0.48816711007300273,4.3876445084712445,4.421776487033936
2026-01-07,20.0,IEX,10.0,5995.57,19269.7,7868.18,2,1,0,1,True,False,False,2.449066998404883,4.80858,4.162884166666667,4.346175357142857,0.48816711007300273,4.3876445084712445,4.421776487033936
2026-01-07,19.0,IEX,10.0,5650.65,25342.03,7523.25,2,1,0,1,True,False,False,3.368494994359492,4.80858,4.162884166666667,4.346175357142857,0.48816711007300273,4.3876445084712445,4.421776487033936
2026-01-07,18.0,IEX,10.0,7013.3,23083.85,8885.9,2,1,0,1,True,False,False,2.5978066345583377,4.80858,4.162884166666667,4.346175357142857,0.48816711007300273,4.3876445084712445,4.421776487033936
2026-01-07,17.0,IEX,4.59977,9925.39,19760.7,15521.5,2,1,0,1,False,False,True,1.2731179323692183,4.80858,4.162884166666667,4.346175357142857,0.48816711007300273,4.3876445084712445,4.421776487033936
2026-01-07,15.0,IEX,2.91558,7590.86,16617.58,25345.85,2,1,0,1,False,False,True,0.6556331704576359,4.80858,4.162884166666667,4.346175357142857,0.48816711007300273,4.3876445084712445,4.421776487033936
2026-01-07,14.0,IEX,2.50288,6608.52,13805.55,27589.8,2,1,0,1,False,False,True,0.5003860120405418,4.80858,4.162884166666667,4.346175357142857,0.48816711007300273,4.3876445084712445,4.421776487033936
2026-01-07,13.0,IEX,3.14429,7854.34,15280.48,23390.13,2,1,0,1,False,False,True,0.653287518858045,4.80858,4.162884166666667,4.346175357142857,0.48816711007300273,4.3876445084712445,4.421776487033936
2026-01-07,16.0,IEX,3.19167,8687.6,17711.75,21067.3,2,1,0,1,False,False,True,0.840722351302387,4.80858,4.162884166666667,4.346175357142857,0.48816711007300273,4.3876445084712445,4.421776487033936
2026-01-07,11.0,IEX,3.95166,8148.76,19528.53,13264.55,2,1,0,1,False,False,True,1.472234639341527,4.80858,4.162884166666667,4.346175357142857,0.48816711007300273,4.3876445084712445,4.421776487033936
2026-01-07,12.0,IEX,3.22837,8115.26,18127.35,19039.65,2,1,0,1,False,False,True,0.9520842027284722,4.80858,4.162884166666667,4.346175357142857,0.48816711007300273,4.3876445084712445,4.421776487033936
2026-01-07,2.0,IEX,2.74694,6645.58,12816.0,29568.03,2,1,0,0,False,False,True,0.43344111852110506,4.80858,4.162884166666667,4.346175357142857,0.48816711007300273,4.3876445084712445,4.421776487033936
2026-01-07,3.0,IEX,2.67867,7385.34,14092.3,30771.58,2,1,0,0,False,False,True,0.4579647842398847,4.80858,4.162884166666667,4.346175357142857,0.48816711007300273,4.3876445084712445,4.421776487033936
2026-01-07,1.0,IEX,2.81962,6214.65,12139.28,27321.35,2,1,0,0,False,False,True,0.4443147939452792,4.80858,4.162884166666667,4.346175357142857,0.48816711007300273,4.3876445084712445,4.421776487033936
2026-01-07,5.0,IEX,2.84598,7843.26,15377.93,30180.83,2,1,0,0,False,False,True,0.509526411132654,4.80858,4.162884166666667,4.346175357142857,0.48816711007300273,4.3876445084712445,4.421776487033936
2026-01-07,4.0,IEX,2.7128400000000004,8010.5,14841.1,31072.43,2,1,0,0,False,False,True,0.47762920361309713,4.80858,4.162884166666667,4.346175357142857,0.48816711007300273,4.3876445084712445,4.421776487033936
2026-01-07,7.0,IEX,5.18085,9669.06,19889.83,14141.9,2,1,0,0,False,True,False,1.4064467989404206,4.80858,4.162884166666667,4.346175357142857,0.48816711007300273,4.3876445084712445,4.421776487033936
2026-01-07,8.0,IEX,10.0,9235.48,23811.53,11124.68,2,1,0,0,False,True,False,2.1404238125137764,4.80858,4.162884166666667,4.346175357142857,0.48816711007300273,4.3876445084712445,4.421776487033936
2026-01-07,9.0,IEX,8.37519,9512.24,23264.8,11618.68,2,1,0,1,False,True,False,2.002361712343948,4.80858,4.162884166666667,4.346175357142857,0.48816711007300273,4.3876445084712445,4.421776487033936
2026-01-07,10.0,IEX,5.19976,9287.45,20653.53,12438.83,2,1,0,1,False,True,False,1.6604077701356093,4.80858,4.162884166666667,4.346175357142857,0.48816711007300273,4.3876445084712445,4.421776487033936
2026-01-07,6.0,IEX,3.34444,7147.42,14622.08,20570.13,2,1,0,0,False,True,False,0.7108404270119633,4.80858,4.162884166666667,4.346175357142857,0.48816711007300273,4.3876445084712445,4.421776487033936
2026-01-08,15.0,IEX,3.2002,8404.48,16657.48,25102.2,3,1,0,1,False,False,True,0.6635864582930634,4.7090000000000005,4.80858,4.378093154761905,0.505786662598864,4.437083814860284,4.444754368071221
2026-01-08,16.0,IEX,3.39447,9531.98,17651.73,20117.0,3,1,0,1,False,False,True,0.8774533971877251,4.7090000000000005,4.80858,4.378093154761905,0.505786662598864,4.437083814860284,4.444754368071221
2026-01-08,17.0,IEX,3.86812,8934.88,16989.85,15314.15,3,1,0,1,False,False,True,1.109421677919165,4.7090000000000005,4.80858,4.378093154761905,0.505786662598864,4.437083814860284,4.444754368071221
2026-01-08,18.0,IEX,7.5039,7196.92,20280.0,9850.25,3,1,0,1,True,False,False,2.058830992047074,4.7090000000000005,4.80858,4.378093154761905,0.505786662598864,4.437083814860284,4.444754368071221
2026-01-08,19.0,IEX,10.0,5420.65,25358.55,7388.55,3,1,0,1,True,False,False,3.4321416198954577,4.7090000000000005,4.80858,4.378093154761905,0.505786662598864,4.437083814860284,4.444754368071221
2026-01-08,24.0,IEX,3.03048,6635.03,12804.8,23460.1,3,1,0,0,False,False,True,0.5458118249513805,4.7090000000000005,4.80858,4.378093154761905,0.505786662598864,4.437083814860284,4.444754368071221
2026-01-08,21.0,IEX,5.97982,6430.3,15084.3,9234.4,3,1,0,1,True,False,False,1.6334899921668002,4.7090000000000005,4.80858,4.378093154761905,0.505786662598864,4.437083814860284,4.444754368071221
2026-01-08,22.0,IEX,4.39017,6705.12,12935.68,11891.73,3,1,0,1,True,False,False,1.0877878987432545,4.7090000000000005,4.80858,4.378093154761905,0.505786662598864,4.437083814860284,4.444754368071221
2026-01-08,23.0,IEX,3.53982,6311.6,12834.63,17726.85,3,1,0,0,False,False,True,0.7240220339631565,4.7090000000000005,4.80858,4.378093154761905,0.505786662598864,4.437083814860284,4.444754368071221
2026-01-08,14.0,IEX,3.0469,7119.85,13329.65,27496.25,3,1,0,1,False,False,True,0.48478065173077034,4.7090000000000005,4.80858,4.378093154761905,0.505786662598864,4.437083814860284,4.444754368071221
2026-01-08,20.0,IEX,10.0,5947.47,20620.28,7815.38,3,1,0,1,True,False,False,2.6384232082913135,4.7090000000000005,4.80858,4.378093154761905,0.505786662598864,4.437083814860284,4.444754368071221
2026-01-08,13.0,IEX,3.25235,8036.1,14576.43,23512.7,3,1,0,1,False,False,True,0.6199385861173159,4.7090000000000005,4.80858,4.378093154761905,0.505786662598864,4.437083814860284,4.444754368071221
2026-01-08,4.0,IEX,2.6806300000000003,8015.67,14571.8,30318.8,3,1,0,0,False,False,True,0.4806192855651875,4.7090000000000005,4.80858,4.378093154761905,0.505786662598864,4.437083814860284,4.444754368071221
2026-01-08,11.0,IEX,3.89574,9155.7,19675.48,14708.18,3,1,0,1,False,False,True,1.3377236331499045,4.7090000000000005,4.80858,4.378093154761905,0.505786662598864,4.437083814860284,4.444754368071221
2026-01-08,10.0,IEX,5.56063,10920.47,23113.8,14208.8,3,1,0,1,False,True,False,1.6267242823977224,4.7090000000000005,4.80858,4.378093154761905,0.505786662598864,4.437083814860284,4.444754368071221
2026-01-08,9.0,IEX,9.17488,10187.18,22591.4,12234.38,3,1,0,1,False,True,False,1.8465504571162985,4.7090000000000005,4.80858,4.378093154761905,0.505786662598864,4.437083814860284,4.444754368071221
2026-01-08,8.0,IEX,8.33867,9319.67,20322.53,11581.35,3,1,0,0,False,True,False,1.754763475972349,4.7090000000000005,4.80858,4.378093154761905,0.505786662598864,4.437083814860284,4.444754368071221
2026-01-08,7.0,IEX,4.4009,8690.65,17045.9,14917.98,3,1,0,0,False,True,False,1.1426412951735818,4.7090000000000005,4.80858,4.378093154761905,0.505786662598864,4.437083814860284,4.444754368071221
2026-01-08,6.0,IEX,3.34047,7608.85,14760.98,21370.9,3,1,0,0,False,True,False,0.6907046494575779,4.7090000000000005,4.80858,4.378093154761905,0.505786662598864,4.437083814860284,4.444754368071221
2026-01-08,5.0,IEX,2.84334,7729.43,14731.18,29421.05,3,1,0,0,False,False,True,0.5007020481931468,4.7090000000000005,4.80858,4.378093154761905,0.505786662598864,4.437083814860284,4.444754368071221
2026-01-08,3.0,IEX,2.66074,7328.72,13753.08,29836.2,3,1,0,0,False,False,True,0.4609528021460666,4.7090000000000005,4.80858,4.378093154761905,0.505786662598864,4.437083814860284,4.444754368071221
2026-01-08,2.0,IEX,2.66246,6760.99,13009.9,29567.18,3,1,0,0,False,False,True,0.4400115261448635,4.7090000000000005,4.80858,4.378093154761905,0.505786662598864,4.437083814860284,4.444754368071221
2026-01-08,1.0,IEX,2.81509,6543.88,12520.4,28051.43,3,1,0,0,False,False,True,0.4463373166906866,4.7090000000000005,4.80858,4.378093154761905,0.505786662598864,4.437083814860284,4.444754368071221
2026-01-08,12.0,IEX,3.43622,8774.13,17303.75,18881.7,3,1,0,1,False,False,True,0.9164296642164478,4.7090000000000005,4.80858,4.378093154761905,0.505786662598864,4.437083814860284,4.444754368071221
2026-01-09,14.0,IEX,2.70716,8011.93,15658.93,28860.63,4,1,0,1,False,False,True,0.5425706228372109,4.819943333333334,4.7090000000000005,4.3754075,0.5029751114365353,4.495985279240752,4.47476948529219
2026-01-09,15.0,IEX,2.9375500000000003,8637.16,18059.88,27290.63,4,1,0,1,False,False,True,0.6617611976485112,4.819943333333334,4.7090000000000005,4.3754075,0.5029751114365353,4.495985279240752,4.47476948529219
2026-01-09,16.0,IEX,3.27197,10385.29,18865.25,22575.05,4,1,0,1,False,False,True,0.8356681376848919,4.819943333333334,4.7090000000000005,4.3754075,0.5029751114365353,4.495985279240752,4.47476948529219
2026-01-09,17.0,IEX,4.01284,8761.28,18178.13,14006.25,4,1,0,1,False,False,True,1.2978584551197798,4.819943333333334,4.7090000000000005,4.3754075,0.5029751114365353,4.495985279240752,4.47476948529219
2026-01-09,18.0,IEX,8.77478,6867.6,21417.73,8885.38,4,1,0,1,True,False,False,2.410446145904344,4.819943333333334,4.7090000000000005,4.3754075,0.5029751114365353,4.495985279240752,4.47476948529219
2026-01-09,23.0,IEX,3.4843200000000003,5783.74,12646.13,19056.68,4,1,0,0,False,False,True,0.6636061472073802,4.819943333333334,4.7090000000000005,4.3754075,0.5029751114365353,4.495985279240752,4.47476948529219
2026-01-09,20.0,IEX,10.0,5814.15,21683.58,7682.05,4,1,0,1,True,False,False,2.822629372598943,4.819943333333334,4.7090000000000005,4.3754075,0.5029751114365353,4.495985279240752,4.47476948529219
2026-01-09,21.0,IEX,5.1602,5886.35,14308.7,9097.58,4,1,0,1,True,False,False,1.5728028755198604,4.819943333333334,4.7090000000000005,4.3754075,0.5029751114365353,4.495985279240752,4.47476948529219
2026-01-09,22.0,IEX,3.99325,6412.53,12164.38,12545.88,4,1,0,1,True,False,False,0.9695916101783282,4.819943333333334,4.7090000000000005,4.3754075,0.5029751114365353,4.495985279240752,4.47476948529219
2026-01-09,13.0,IEX,3.32095,10350.27,17249.15,24275.18,4,1,0,1,False,False,True,0.7105673363861494,4.819943333333334,4.7090000000000005,4.3754075,0.5029751114365353,4.495985279240752,4.47476948529219
2026-01-09,19.0,IEX,10.0,5540.0,28783.73,7407.9,4,1,0,1,True,False,False,3.88554515600164,4.819943333333334,4.7090000000000005,4.3754075,0.5029751114365353,4.495985279240752,4.47476948529219
2026-01-09,24.0,IEX,2.94146,6007.59,12581.03,25005.75,4,1,0,0,False,False,True,0.503125480938134,4.819943333333334,4.7090000000000005,4.3754075,0.5029751114365353,4.495985279240752,4.47476948529219
2026-01-09,12.0,IEX,3.70392,9915.6,18999.13,17545.13,4,1,0,1,False,False,True,1.0828719986213429,4.819943333333334,4.7090000000000005,4.3754075,0.5029751114365353,4.495985279240752,4.47476948529219
2026-01-09,10.0,IEX,6.78759,10620.65,24102.18,12992.08,4,1,0,1,False,True,False,1.8551440555668193,4.819943333333334,4.7090000000000005,4.3754075,0.5029751114365353,4.495985279240752,4.47476948529219
2026-01-09,1.0,IEX,2.64022,7052.23,12980.6,29927.8,4,1,0,0,False,False,True,0.43373051128591794,4.819943333333334,4.7090000000000005,4.3754075,0.5029751114365353,4.495985279240752,4.47476948529219
2026-01-09,2.0,IEX,2.5604400000000003,7477.19,13156.25,31138.45,4,1,0,0,False,False,True,0.422508185082267,4.819943333333334,4.7090000000000005,4.3754075,0.5029751114365353,4.495985279240752,4.47476948529219
2026-01-09,3.0,IEX,2.57425,8304.98,13949.13,31808.1,4,1,0,0,False,False,True,0.4385401830230224,4.819943333333334,4.7090000000000005,4.3754075,0.5029751114365353,4.495985279240752,4.47476948529219
2026-01-09,4.0,IEX,2.55737,8716.43,14227.9,32253.43,4,1,0,0,False,False,True,0.4411282767627727,4.819943333333334,4.7090000000000005,4.3754075,0.5029751114365353,4.495985279240752,4.47476948529219
2026-01-09,11.0,IEX,4.65919,8415.58,20276.98,12217.48,4,1,0,1,False,False,True,1.6596695868054054,4.819943333333334,4.7090000000000005,4.3754075,0.5029751114365353,4.495985279240752,4.47476948529219
2026-01-09,6.0,IEX,3.17718,7065.29,14321.85,22399.43,4,1,0,0,False,True,False,0.6393845733398642,4.819943333333334,4.7090000000000005,4.3754075,0.5029751114365353,4.495985279240752,4.47476948529219
2026-01-09,7.0,IEX,4.42587,7549.32,16020.55,13961.65,4,1,0,0,False,True,False,1.1474682425447793,4.819943333333334,4.7090000000000005,4.3754075,0.5029751114365353,4.495985279240752,4.47476948529219
2026-01-09,8.0,IEX,9.32513,8317.87,21494.53,10222.4,4,1,0,0,False,True,False,2.1026891903049294,4.819943333333334,4.7090000000000005,4.3754075,0.5029751114365353,4.495985279240752,4.47476948529219
2026-01-09,9.0,IEX,10.0,8661.72,23298.0,10529.63,4,1,0,1,False,True,False,2.2126133565826973,4.819943333333334,4.7090000000000005,4.3754075,0.5029751114365353,4.495985279240752,4.47476948529219
2026-01-09,5.0,IEX,2.663,8597.0,14964.33,31306.65,4,1,0,0,False,False,True,0.4779920558482009,4.819943333333334,4.7090000000000005,4.3754075,0.5029751114365353,4.495985279240752,4.47476948529219
2026-01-10,15.0,IEX,3.02558,7976.47,15544.43,27400.18,5,1,1,1,False,False,True,0.5673112364344646,4.6809975,4.819943333333334,4.399068571428571,0.5144221027737963,4.524448697819098,4.491267726468815
2026-01-10,24.0,IEX,2.87237,5233.6,10635.35,24352.23,5,1,1,0,False,False,True,0.4367300241346563,4.6809975,4.819943333333334,4.399068571428571,0.5144221027737963,4.524448697819098,4.491267726468815
2026-01-10,23.0,IEX,3.55518,5409.98,11612.1,18776.35,5,1,1,0,False,False,True,0.6184428812743463,4.6809975,4.819943333333334,4.399068571428571,0.5144221027737963,4.524448697819098,4.491267726468815
2026-01-10,22.0,IEX,4.06243,6597.64,12118.9,12101.55,5,1,1,1,True,False,False,1.0014336998141282,4.6809975,4.819943333333334,4.399068571428571,0.5144221027737963,4.524448697819098,4.491267726468815
2026-01-10,21.0,IEX,5.09856,6749.35,14382.88,9417.58,5,1,1,1,True,False,False,1.5272373565956037,4.6809975,4.819943333333334,4.399068571428571,0.5144221027737963,4.524448697819098,4.491267726468815
2026-01-10,20.0,IEX,10.0,6159.07,19309.48,8211.78,5,1,1,1,True,False,False,2.351436591882105,4.6809975,4.819943333333334,4.399068571428571,0.5144221027737963,4.524448697819098,4.491267726468815
2026-01-10,19.0,IEX,10.0,5856.87,25666.83,7909.58,5,1,1,1,True,False,False,3.2450307054925416,4.6809975,4.819943333333334,4.399068571428571,0.5144221027737963,4.524448697819098,4.491267726468815
2026-01-10,18.0,IEX,7.99254,7325.2,20236.0,9665.08,5,1,1,1,True,False,False,2.093722967534958,4.6809975,4.819943333333334,4.399068571428571,0.5144221027737963,4.524448697819098,4.491267726468815
2026-01-10,17.0,IEX,3.62172,7942.68,15890.15,15873.38,5,1,1,1,False,False,True,1.0010564851335655,4.6809975,4.819943333333334,4.399068571428571,0.5144221027737963,4.524448697819098,4.491267726468815
2026-01-10,16.0,IEX,3.1362,8911.98,16259.53,22599.3,5,1,1,1,False,False,True,0.7194705142551007,4.6809975,4.819943333333334,4.399068571428571,0.5144221027737963,4.524448697819098,4.491267726468815
2026-01-10,14.0,IEX,2.66569,7419.97,14369.7,30441.38,5,1,1,1,False,False,True,0.47204495969892135,4.6809975,4.819943333333334,4.399068571428571,0.5144221027737963,4.524448697819098,4.491267726468815
2026-01-10,13.0,IEX,3.0237800000000004,8528.79,15657.63,26758.05,5,1,1,1,False,False,True,0.5851558687628,4.6809975,4.819943333333334,4.399068571428571,0.5144221027737963,4.524448697819098,4.491267726468815
2026-01-10,1.0,IEX,2.69316,6591.19,12072.55,27827.93,5,1,1,0,False,False,True,0.43382853110747777,4.6809975,4.819943333333334,4.399068571428571,0.5144221027737963,4.524448697819098,4.491267726468815
2026-01-10,12.0,IEX,3.42925,10346.38,17922.18,21779.13,5,1,1,1,False,False,True,0.822906148765857,4.6809975,4.819943333333334,4.399068571428571,0.5144221027737963,4.524448697819098,4.491267726468815
2026-01-10,2.0,IEX,2.52669,7171.65,12251.38,29577.58,5,1,1,0,False,False,True,0.41421171021624764,4.6809975,4.819943333333334,4.399068571428571,0.5144221027737963,4.524448697819098,4.491267726468815
2026-01-10,3.0,IEX,2.5033000000000003,7702.15,13085.83,29859.03,5,1,1,0,False,False,True,0.4382536872637009,4.6809975,4.819943333333334,4.399068571428571,0.5144221027737963,4.524448697819098,4.491267726468815
2026-01-10,5.0,IEX,2.72538,7886.25,14228.63,28895.63,5,1,1,0,False,False,True,0.49241459677729305,4.6809975,4.819943333333334,4.399068571428571,0.5144221027737963,4.524448697819098,4.491267726468815
2026-01-10,6.0,IEX,3.12055,6435.99,12999.6,21438.13,5,1,1,0,False,True,False,0.6063775149202018,4.6809975,4.819943333333334,4.399068571428571,0.5144221027737963,4.524448697819098,4.491267726468815
2026-01-10,4.0,IEX,2.65523,8089.5,14291.18,30207.65,5,1,1,0,False,False,True,0.4730980395783525,4.6809975,4.819943333333334,4.399068571428571,0.5144221027737963,4.524448697819098,4.491267726468815
2026-01-10,8.0,IEX,10.0,8585.35,22479.25,10638.05,5,1,1,0,False,True,False,2.113098733214171,4.6809975,4.819943333333334,4.399068571428571,0.5144221027737963,4.524448697819098,4.491267726468815
2026-01-10,9.0,IEX,10.0,9921.95,23885.63,11974.65,5,1,1,1,False,True,False,1.9946829326997593,4.6809975,4.819943333333334,4.399068571428571,0.5144221027737963,4.524448697819098,4.491267726468815
2026-01-10,10.0,IEX,5.1206700000000005,9987.1,22446.08,14077.6,5,1,1,1,False,True,False,1.594453598912845,4.6809975,4.819943333333334,4.399068571428571,0.5144221027737963,4.524448697819098,4.491267726468815
2026-01-10,11.0,IEX,4.16259,9318.0,18132.7,15445.38,5,1,1,1,False,False,True,1.1739885964774008,4.6809975,4.819943333333334,4.399068571428571,0.5144221027737963,4.524448697819098,4.491267726468815
2026-01-10,7.0,IEX,4.35307,7898.73,16431.08,14771.6,5,1,1,0,False,True,False,1.1123426026210144,4.6809975,4.819943333333334,4.399068571428571,0.5144221027737963,4.524448697819098,4.491267726468815
2026-01-11,18.0,IEX,3.66289,7201.63,12627.58,15006.25,6,1,1,1,True,False,False,0.841488046086472,3.164869166666667,4.6809975,4.363556964285714,0.5959247859361925,4.315282616103339,4.385155841684643
2026-01-11,15.0,IEX,2.46485,9005.52,13866.1,32781.88,6,1,1,1,False,False,True,0.4229806220927596,3.164869166666667,4.6809975,4.363556964285714,0.5959247859361925,4.315282616103339,4.385155841684643
2026-01-11,16.0,IEX,2.4931,9136.58,13397.95,28078.83,6,1,1,1,False,False,True,0.47715485279224423,3.164869166666667,4.6809975,4.363556964285714,0.5959247859361925,4.315282616103339,4.385155841684643
2026-01-11,17.0,IEX,2.7166300000000003,8499.43,13441.7,21964.98,6,1,1,1,False,False,True,0.6119604931978265,3.164869166666667,4.6809975,4.363556964285714,0.5959247859361925,4.315282616103339,4.385155841684643
2026-01-11,19.0,IEX,4.4925500000000005,6749.75,11971.43,11723.93,6,1,1,1,True,False,False,1.0211106676505997,3.164869166666667,4.6809975,4.363556964285714,0.5959247859361925,4.315282616103339,4.385155841684643
2026-01-11,14.0,IEX,2.33477,7898.18,11326.93,33837.33,6,1,1,1,False,False,True,0.3347465653067938,3.164869166666667,4.6809975,4.363556964285714,0.5959247859361925,4.315282616103339,4.385155841684643
2026-01-11,21.0,IEX,3.5948200000000003,6944.45,10501.35,13919.98,6,1,1,1,True,False,False,0.7544084109643776,3.164869166666667,4.6809975,4.363556964285714,0.5959247859361925,4.315282616103339,4.385155841684643
2026-01-11,22.0,IEX,3.32026,7136.28,11147.98,17974.1,6,1,1,1,True,False,False,0.6202246562441376,3.164869166666667,4.6809975,4.363556964285714,0.5959247859361925,4.315282616103339,4.385155841684643
2026-01-11,23.0,IEX,3.07388,6383.08,11009.8,23918.93,6,1,1,0,False,False,True,0.46029650972669073,3.164869166666667,4.6809975,4.363556964285714,0.5959247859361925,4.315282616103339,4.385155841684643
2026-01-11,24.0,IEX,2.4125,6144.98,10321.08,28965.23,6,1,1,0,False,False,True,0.35632653344843923,3.164869166666667,4.6809975,4.363556964285714,0.5959247859361925,4.315282616103339,4.385155841684643
2026-01-11,20.0,IEX,3.84263,6076.65,10368.65,12365.1,6,1,1,1,True,False,False,0.8385415396247975,3.164869166666667,4.6809975,4.363556964285714,0.5959247859361925,4.315282616103339,4.385155841684643
2026-01-11,13.0,IEX,2.7168400000000004,8479.33,13350.0,29825.48,6,1,1,1,False,False,True,0.4476038607098347,3.164869166666667,4.6809975,4.363556964285714,0.5959247859361925,4.315282616103339,4.385155841684643
2026-01-11,1.0,IEX,2.44399,7393.54,11289.85,30632.15,6,1,1,0,False,False,True,0.36856211517358,3.164869166666667,4.6809975,4.363556964285714,0.5959247859361925,4.315282616103339,4.385155841684643
2026-01-11,11.0,IEX,3.57292,9315.53,19281.25,17060.35,6,1,1,1,False,False,True,1.130179040213021,3.164869166666667,4.6809975,4.363556964285714,0.5959247859361925,4.315282616103339,4.385155841684643
2026-01-11,10.0,IEX,4.0267800000000005,9255.28,19865.65,16240.2,6,1,1,1,False,True,False,1.223239245068879,3.164869166666667,4.6809975,4.363556964285714,0.5959247859361925,4.315282616103339,4.385155841684643
2026-01-11,9.0,IEX,4.72561,9968.2,20725.95,16007.43,6,1,1,1,False,True,False,1.2947706150863876,3.164869166666667,4.6809975,4.363556964285714,0.5959247859361925,4.315282616103339,4.385155841684643
2026-01-11,8.0,IEX,4.56303,9656.24,19679.25,16889.23,6,1,1,0,False,True,False,1.1651952154330332,3.164869166666667,4.6809975,4.363556964285714,0.5959247859361925,4.315282616103339,4.385155841684643
2026-01-11,7.0,IEX,3.67572,7937.74,15753.63,19957.78,6,1,1,0,False,True,False,0.7893478128382276,3.164869166666667,4.6809975,4.363556964285714,0.5959247859361925,4.315282616103339,4.385155841684643
2026-01-11,6.0,IEX,2.86058,7359.91,13009.93,26687.4,6,1,1,0,False,True,False,0.4874933487385458,3.164869166666667,4.6809975,4.363556964285714,0.5959247859361925,4.315282616103339,4.385155841684643
2026-01-11,5.0,IEX,2.60308,9410.25,14052.38,30792.6,6,1,1,0,False,False,True,0.4563557476613356,3.164869166666667,4.6809975,4.363556964285714,0.5959247859361925,4.315282616103339,4.385155841684643
2026-01-11,4.0,IEX,2.4804,9407.43,13621.73,31763.9,6,1,1,0,False,False,True,0.42884312051453277,3.164869166666667,4.6809975,4.363556964285714,0.5959247859361925,4.315282616103339,4.385155841684643
2026-01-11,3.0,IEX,2.43719,8691.19,12864.75,31690.5,6,1,1,0,False,False,True,0.4059497324415993,3.164869166666667,4.6809975,4.363556964285714,0.5959247859361925,4.315282616103339,4.385155841684643
2026-01-11,2.0,IEX,2.41659,7852.86,11836.53,31503.83,6,1,1,0,False,False,True,0.37571717458616394,3.164869166666667,4.6809975,4.363556964285714,0.5959247859361925,4.315282616103339,4.385155841684643
2026-01-11,12.0,IEX,3.02525,8579.24,17205.2,23396.8,6,1,1,1,False,False,True,0.7353655197568192,3.164869166666667,4.6809975,4.363556964285714,0.5959247859361925,4.315282616103339,4.385155841684643
2026-01-12,15.0,IEX,3.04786,7750.52,14639.73,26729.9,0,1,0,1,False,False,True,0.5476911621264234,4.822037916666667,3.164869166666667,4.452616011904762,0.6134926783899468,4.393244970036158,4.420106407683205
2026-01-12,16.0,IEX,3.22616,9377.78,17040.23,22188.85,0,1,0,1,False,False,True,0.7679636390493588,4.822037916666667,3.164869166666667,4.452616011904762,0.6134926783899468,4.393244970036158,4.420106407683205
2026-01-12,17.0,IEX,3.96747,10182.35,19342.03,17044.43,0,1,0,1,False,False,True,1.134800635084423,4.822037916666667,3.164869166666667,4.452616011904762,0.6134926783899468,4.393244970036158,4.420106407683205
2026-01-12,18.0,IEX,8.1228,6935.88,21288.0,9681.53,0,1,0,1,True,False,False,2.1988260097331453,4.822037916666667,3.164869166666667,4.452616011904762,0.6134926783899468,4.393244970036158,4.420106407683205
2026-01-12,19.0,IEX,10.0,4550.62,27834.2,6836.63,0,1,0,1,True,False,False,4.071333384911377,4.822037916666667,3.164869166666667,4.452616011904762,0.6134926783899468,4.393244970036158,4.420106407683205
2026-01-12,24.0,IEX,3.11977,5889.88,11029.3,23037.25,0,1,0,0,False,False,True,0.4787594003282686,4.822037916666667,3.164869166666667,4.452616011904762,0.6134926783899468,4.393244970036158,4.420106407683205
2026-01-12,21.0,IEX,5.43796,6928.85,14525.73,9490.2,0,1,0,1,True,False,False,1.5306031468982706,4.822037916666667,3.164869166666667,4.452616011904762,0.6134926783899468,4.393244970036158,4.420106407683205
2026-01-12,22.0,IEX,4.63347,7164.73,14062.6,12194.65,0,1,0,1,True,False,False,1.1531778270363007,4.822037916666667,3.164869166666667,4.452616011904762,0.6134926783899468,4.393244970036158,4.420106407683205
2026-01-12,23.0,IEX,3.82406,6023.65,12262.33,18225.73,0,1,0,0,False,False,True,0.6728032289116522,4.822037916666667,3.164869166666667,4.452616011904762,0.6134926783899468,4.393244970036158,4.420106407683205
2026-01-12,14.0,IEX,2.97698,6748.41,13374.75,30353.78,0,1,0,1,False,False,True,0.44062881115939145,4.822037916666667,3.164869166666667,4.452616011904762,0.6134926783899468,4.393244970036158,4.420106407683205
2026-01-12,20.0,IEX,9.98734,5529.77,19129.2,7852.6,0,1,0,1,True,False,False,2.4360339219672036,4.822037916666667,3.164869166666667,4.452616011904762,0.6134926783899468,4.393244970036158,4.420106407683205
2026-01-12,13.0,IEX,3.26961,8723.65,15236.25,26135.15,0,1,0,1,False,False,True,0.5829792442044606,4.822037916666667,3.164869166666667,4.452616011904762,0.6134926783899468,4.393244970036158,4.420106407683205
2026-01-12,6.0,IEX,2.95538,6578.78,11454.55,22869.58,0,1,0,0,False,True,False,0.5008640296407436,4.822037916666667,3.164869166666667,4.452616011904762,0.6134926783899468,4.393244970036158,4.420106407683205
2026-01-12,11.0,IEX,4.90703,8479.2,20639.48,12963.65,0,1,0,1,False,False,True,1.5921040743987194,4.822037916666667,3.164869166666667,4.452616011904762,0.6134926783899468,4.393244970036158,4.420106407683205
2026-01-12,2.0,IEX,2.39828,7367.14,10255.65,30029.05,0,1,0,0,False,False,True,0.3415242905314939,4.822037916666667,3.164869166666667,4.452616011904762,0.6134926783899468,4.393244970036158,4.420106407683205
2026-01-12,3.0,IEX,2.41855,8300.83,11382.95,30007.53,0,1,0,0,False,False,True,0.3793364530904955,4.822037916666667,3.164869166666667,4.452616011904762,0.6134926783899468,4.393244970036158,4.420106407683205
2026-01-12,4.0,IEX,2.44482,8804.28,11982.13,29960.55,0,1,0,0,False,False,True,0.39993024146755307,4.822037916666667,3.164869166666667,4.452616011904762,0.6134926783899468,4.393244970036158,4.420106407683205
2026-01-12,5.0,IEX,2.58933,8769.17,12450.6,28459.38,0,1,0,0,False,False,True,0.4374866914045609,4.822037916666667,3.164869166666667,4.452616011904762,0.6134926783899468,4.393244970036158,4.420106407683205
2026-01-12,1.0,IEX,2.43667,6645.15,9575.45,29252.55,0,1,0,0,False,False,True,0.32733727475815366,4.822037916666667,3.164869166666667,4.452616011904762,0.6134926783899468,4.393244970036158,4.420106407683205
2026-01-12,7.0,IEX,4.41831,7965.45,16196.5,14655.05,0,1,0,0,False,True,False,1.1051821719440178,4.822037916666667,3.164869166666667,4.452616011904762,0.6134926783899468,4.393244970036158,4.420106407683205
2026-01-12,8.0,IEX,9.12517,8941.38,21763.38,11459.48,0,1,0,0,False,True,False,1.8991594715474356,4.822037916666667,3.164869166666667,4.452616011904762,0.6134926783899468,4.393244970036158,4.420106407683205
2026-01-12,9.0,IEX,10.0,9792.15,23147.48,12078.15,0,1,0,1,False,True,False,1.9164756176099191,4.822037916666667,3.164869166666667,4.452616011904762,0.6134926783899468,4.393244970036158,4.420106407683205
2026-01-12,10.0,IEX,6.76412,11321.5,22857.23,13811.2,0,1,0,1,False,True,False,1.6549778428702953,4.822037916666667,3.164869166666667,4.452616011904762,0.6134926783899468,4.393244970036158,4.420106407683205
2026-01-12,12.0,IEX,3.65777,9175.83,18138.93,19725.53,0,1,0,1,False,False,True,0.919566165816804,4.822037916666667,3.164869166666667,4.452616011904762,0.6134926783899468,4.393244970036158,4.420106407683205
2026-01-13,14.0,IEX,2.9420900000000003,7427.6,12622.28,30767.9,1,1,0,1,False,False,True,0.41024184282637366,4.72275375,4.822037916666667,4.532597380952381,0.6058726926595837,4.443938628492134,4.444318195068549
2026-01-13,23.0,IEX,3.44821,6111.65,11919.13,17366.53,1,1,0,0,False,False,True,0.6863276655230909,4.72275375,4.822037916666667,4.532597380952381,0.6058726926595837,4.443938628492134,4.444318195068549
2026-01-13,22.0,IEX,4.64238,6806.38,12887.38,11098.33,1,1,0,1,True,False,False,1.1611999272312141,4.72275375,4.822037916666667,4.532597380952381,0.6058726926595837,4.443938628492134,4.444318195068549
2026-01-13,21.0,IEX,5.40739,5950.33,13184.93,8618.13,1,1,0,1,True,False,False,1.529906137955791,4.72275375,4.822037916666667,4.532597380952381,0.6058726926595837,4.443938628492134,4.444318195068549
2026-01-13,20.0,IEX,10.0,4871.53,18647.5,6532.73,1,1,0,1,True,False,False,2.8544727811275337,4.72275375,4.822037916666667,4.532597380952381,0.6058726926595837,4.443938628492134,4.444318195068549
2026-01-13,19.0,IEX,10.0,4047.32,29910.98,5708.53,1,1,0,1,True,False,False,5.239699177827394,4.72275375,4.822037916666667,4.532597380952381,0.6058726926595837,4.443938628492134,4.444318195068549
2026-01-13,18.0,IEX,7.1951,5751.87,18432.28,8330.4,1,1,0,1,True,False,False,2.2126524510075716,4.72275375,4.822037916666667,4.532597380952381,0.6058726926595837,4.443938628492134,4.444318195068549
2026-01-13,17.0,IEX,3.43856,8619.0,16965.28,17230.53,1,1,0,1,False,False,True,0.9846058124824913,4.72275375,4.822037916666667,4.532597380952381,0.6058726926595837,4.443938628492134,4.444318195068549
2026-01-13,16.0,IEX,3.10238,10506.23,17061.23,23201.73,1,1,0,1,False,False,True,0.7353430107430166,4.72275375,4.822037916666667,4.532597380952381,0.6058726926595837,4.443938628492134,4.444318195068549
2026-01-13,15.0,IEX,2.96522,9197.35,15509.45,27663.15,1,1,0,1,False,False,True,0.5606537937434263,4.72275375,4.822037916666667,4.532597380952381,0.6058726926595837,4.443938628492134,4.444318195068549
2026-01-13,13.0,IEX,3.19416,8349.42,14365.88,25387.28,1,1,0,1,False,False,True,0.5658692067185341,4.72275375,4.822037916666667,4.532597380952381,0.6058726926595837,4.443938628492134,4.444318195068549
2026-01-13,24.0,IEX,3.03932,5871.05,10869.18,23072.35,1,1,0,0,False,False,True,0.4710911543596161,4.72275375,4.822037916666667,4.532597380952381,0.6058726926595837,4.443938628492134,4.444318195068549
2026-01-13,11.0,IEX,4.63363,9184.15,19517.1,13161.55,1,1,0,1,False,False,True,1.48288765268309,4.72275375,4.822037916666667,4.532597380952381,0.6058726926595837,4.443938628492134,4.444318195068549
2026-01-13,1.0,IEX,2.72884,6679.57,11531.08,26142.93,1,1,0,0,False,False,True,0.4410783334381118,4.72275375,4.822037916666667,4.532597380952381,0.6058726926595837,4.443938628492134,4.444318195068549
2026-01-13,2.0,IEX,2.4773,7136.3,11839.35,27447.13,1,1,0,0,False,False,True,0.4313511101410781,4.72275375,4.822037916666667,4.532597380952381,0.6058726926595837,4.443938628492134,4.444318195068549
2026-01-13,3.0,IEX,2.4772,8194.03,12876.23,27975.58,1,1,0,0,False,False,True,0.46026677535898564,4.72275375,4.822037916666667,4.532597380952381,0.6058726926595837,4.443938628492134,4.444318195068549
2026-01-13,4.0,IEX,2.47006,8484.8,13165.78,28407.3,1,1,0,0,False,False,True,0.4634646726498243,4.72275375,4.822037916666667,4.532597380952381,0.6058726926595837,4.443938628492134,4.444318195068549
2026-01-13,5.0,IEX,2.6929000000000003,8419.3,13912.73,27343.33,1,1,0,0,False,False,True,0.5088162266597315,4.72275375,4.822037916666667,4.532597380952381,0.6058726926595837,4.443938628492134,4.444318195068549
2026-01-13,12.0,IEX,3.48605,9012.62,16732.6,18559.25,1,1,0,1,False,False,True,0.9015773800656937,4.72275375,4.822037916666667,4.532597380952381,0.6058726926595837,4.443938628492134,4.444318195068549
2026-01-13,7.0,IEX,4.59197,7991.83,16397.38,12987.7,1,1,0,0,False,True,False,1.2625314711130289,4.72275375,4.822037916666667,4.532597380952381,0.6058726926595837,4.443938628492134,4.444318195068549
2026-01-13,8.0,IEX,9.62509,7971.3,21097.45,9712.28,1,1,0,0,False,True,False,2.1722448259602847,4.72275375,4.822037916666667,4.532597380952381,0.6058726926595837,4.443938628492134,4.444318195068549
2026-01-13,9.0,IEX,10.0,9794.93,23770.3,11456.13,1,1,0,1,False,True,False,2.0748978912818745,4.72275375,4.822037916666667,4.532597380952381,0.6058726926595837,4.443938628492134,4.444318195068549
2026-01-13,10.0,IEX,5.6216,12037.72,23079.58,14541.93,1,1,0,1,False,True,False,1.587105699458665,4.72275375,4.822037916666667,4.532597380952381,0.6058726926595837,4.443938628492134,4.444318195068549
2026-01-13,6.0,IEX,3.16664,7354.5,13456.88,20969.3,1,1,0,0,False,True,False,0.6417419748671906,4.72275375,4.822037916666667,4.532597380952381,0.6058726926595837,4.443938628492134,4.444318195068549
2026-01-14,14.0,IEX,2.79824,9047.25,12307.6,36562.33,2,1,0,1,False,False,True,0.336619684703732,4.2719812500000005,4.72275375,4.4559404166666665,0.5990423814646647,4.417483647185652,4.430531239463066
2026-01-14,15.0,IEX,2.72927,8804.75,13291.83,35630.55,2,1,0,1,False,False,True,0.37304588327347005,4.2719812500000005,4.72275375,4.4559404166666665,0.5990423814646647,4.417483647185652,4.430531239463066
2026-01-14,16.0,IEX,2.92727,8992.32,13818.9,30678.83,2,1,0,1,False,False,True,0.4504376469212034,4.2719812500000005,4.72275375,4.4559404166666665,0.5990423814646647,4.417483647185652,4.430531239463066
2026-01-14,17.0,IEX,3.32376,9780.2,15405.95,22919.5,2,1,0,1,False,False,True,0.6721765306083569,4.2719812500000005,4.72275375,4.4559404166666665,0.5990423814646647,4.417483647185652,4.430531239463066
2026-01-14,18.0,IEX,6.059270000000001,8008.62,15001.33,12804.83,2,1,0,1,True,False,False,1.1715368332328218,4.2719812500000005,4.72275375,4.4559404166666665,0.5990423814646647,4.417483647185652,4.430531239463066
2026-01-14,20.0,IEX,6.76228,7941.84,15881.48,10843.85,2,1,0,1,True,False,False,1.4645610171068753,4.2719812500000005,4.72275375,4.4559404166666665,0.5990423814646647,4.417483647185652,4.430531239463066
2026-01-14,21.0,IEX,4.81729,7345.9,13710.95,12399.95,2,1,0,1,True,False,False,1.1057262318753494,4.2719812500000005,4.72275375,4.4559404166666665,0.5990423814646647,4.417483647185652,4.430531239463066
2026-01-14,22.0,IEX,4.17395,7326.38,12364.88,15270.93,2,1,0,1,True,False,False,0.8097005219657869,4.2719812500000005,4.72275375,4.4559404166666665,0.5990423814646647,4.417483647185652,4.430531239463066
2026-01-14,23.0,IEX,3.27621,6606.05,11219.23,21074.25,2,1,0,0,False,False,True,0.5323667506400622,4.2719812500000005,4.72275375,4.4559404166666665,0.5990423814646647,4.417483647185652,4.430531239463066
2026-01-14,13.0,IEX,2.78147,9411.8,13466.45,31604.9,2,1,0,1,False,False,True,0.42608741036165676,4.2719812500000005,4.72275375,4.4559404166666665,0.5990423814646647,4.417483647185652,4.430531239463066
2026-01-14,19.0,IEX,10.0,7575.87,18014.88,9677.08,2,1,0,1,True,False,False,1.8616028782839424,4.2719812500000005,4.72275375,4.4559404166666665,0.5990423814646647,4.417483647185652,4.430531239463066
2026-01-14,24.0,IEX,2.79434,5915.32,9733.15,26333.7,2,1,0,0,False,False,True,0.3696081445563638,4.2719812500000005,4.72275375,4.4559404166666665,0.5990423814646647,4.417483647185652,4.430531239463066
2026-01-14,12.0,IEX,2.9386,9313.91,14775.03,24801.2,2,1,0,1,False,False,True,0.595738512412408,4.2719812500000005,4.72275375,4.4559404166666665,0.5990423814646647,4.417483647185652,4.430531239463066
2026-01-14,10.0,IEX,4.6805900000000005,9281.76,18886.13,15032.68,2,1,0,1,False,True,False,1.2563381903583806,4.2719812500000005,4.72275375,4.4559404166666665,0.5990423814646647,4.417483647185652,4.430531239463066
2026-01-14,9.0,IEX,8.362129999999999,10553.82,23122.8,13035.98,2,1,0,1,False,True,False,1.7737676785529222,4.2719812500000005,4.72275375,4.4559404166666665,0.5990423814646647,4.417483647185652,4.430531239463066
2026-01-14,8.0,IEX,10.0,8984.25,22033.65,11085.45,2,1,0,0,False,True,False,1.987618904070093,4.2719812500000005,4.72275375,4.4559404166666665,0.5990423814646647,4.417483647185652,4.430531239463066
2026-01-14,7.0,IEX,4.69054,8749.34,16588.2,14859.88,2,1,0,0,False,True,False,1.11630780254194,4.2719812500000005,4.72275375,4.4559404166666665,0.5990423814646647,4.417483647185652,4.430531239463066
2026-01-14,6.0,IEX,3.04077,7578.68,12963.9,23280.43,2,1,0,0,False,True,False,0.5568582708494395,4.2719812500000005,4.72275375,4.4559404166666665,0.5990423814646647,4.417483647185652,4.430531239463066
2026-01-14,5.0,IEX,2.64428,8384.56,13491.95,29917.35,2,1,0,0,False,False,True,0.4509741001622891,4.2719812500000005,4.72275375,4.4559404166666665,0.5990423814646647,4.417483647185652,4.430531239463066
2026-01-14,4.0,IEX,2.54424,8606.76,13205.03,31216.13,2,1,0,0,False,False,True,0.4230194452601846,4.2719812500000005,4.72275375,4.4559404166666665,0.5990423814646647,4.417483647185652,4.430531239463066
2026-01-14,3.0,IEX,2.4795700000000003,8104.93,12881.65,30920.43,2,1,0,0,False,False,True,0.4166064312764711,4.2719812500000005,4.72275375,4.4559404166666665,0.5990423814646647,4.417483647185652,4.430531239463066
2026-01-14,2.0,IEX,2.49275,7740.6,11916.45,30917.4,2,1,0,0,False,False,True,0.3854285934828192,4.2719812500000005,4.72275375,4.4559404166666665,0.5990423814646647,4.417483647185652,4.430531239463066
2026-01-14,1.0,IEX,2.71401,7342.75,11480.0,29825.58,2,1,0,0,False,False,True,0.3849045013089755,4.2719812500000005,4.72275375,4.4559404166666665,0.5990423814646647,4.417483647185652,4.430531239463066
2026-01-14,11.0,IEX,3.49672,9224.25,15985.63,17339.23,2,1,0,1,False,False,True,0.9219342491437427,4.2719812500000005,4.72275375,4.4559404166666665,0.5990423814646647,4.417483647185652,4.430531239463066
2026-01-15,16.0,IEX,2.58328,10594.35,14623.93,33147.9,3,1,0,1,False,False,True,0.4411721404851673,4.014338333333334,4.2719812500000005,4.356703035714285,0.6076110997977549,4.355461291208372,4.397235806972687
2026-01-15,17.0,IEX,3.14198,11193.13,16321.58,27121.93,3,1,0,1,False,False,True,0.601785344700106,4.014338333333334,4.2719812500000005,4.356703035714285,0.6076110997977549,4.355461291208372,4.397235806972687
2026-01-15,18.0,IEX,5.76758,10882.0,16717.8,17076.98,3,1,0,1,True,False,False,0.9789670064736464,4.014338333333334,4.2719812500000005,4.356703035714285,0.6076110997977549,4.355461291208372,4.397235806972687
2026-01-15,19.0,IEX,10.0,10436.54,17998.4,13775.05,3,1,0,1,True,False,False,1.3065941674936978,4.014338333333334,4.2719812500000005,4.356703035714285,0.6076110997977549,4.355461291208372,4.397235806972687
2026-01-15,15.0,IEX,2.54643,9486.1,12897.15,37175.5,3,1,0,1,False,False,True,0.34692606680557725,4.014338333333334,4.2719812500000005,4.356703035714285,0.6076110997977549,4.355461291208372,4.397235806972687
2026-01-15,21.0,IEX,4.51249,8842.92,13408.8,15075.33,3,1,0,1,True,False,False,0.8894531656093411,4.014338333333334,4.2719812500000005,4.356703035714285,0.6076110997977549,4.355461291208372,4.397235806972687
2026-01-15,22.0,IEX,3.99446,8171.36,11966.73,17377.95,3,1,0,1,True,False,False,0.6886157454195599,4.014338333333334,4.2719812500000005,4.356703035714285,0.6076110997977549,4.355461291208372,4.397235806972687
2026-01-15,23.0,IEX,3.67186,6706.32,11903.55,22944.88,3,1,0,0,False,False,True,0.5187889409232957,4.014338333333334,4.2719812500000005,4.356703035714285,0.6076110997977549,4.355461291208372,4.397235806972687
2026-01-15,24.0,IEX,2.92463,6670.58,10799.63,27251.5,3,1,0,0,False,False,True,0.39629488270506397,4.014338333333334,4.2719812500000005,4.356703035714285,0.6076110997977549,4.355461291208372,4.397235806972687
2026-01-15,20.0,IEX,6.756600000000001,10320.4,16634.03,14420.15,3,1,0,1,True,False,False,1.1535268349125862,4.014338333333334,4.2719812500000005,4.356703035714285,0.6076110997977549,4.355461291208372,4.397235806972687
2026-01-15,14.0,IEX,2.32343,8609.35,10669.18,38108.3,3,1,0,1,False,False,True,0.27996998021954006,4.014338333333334,4.2719812500000005,4.356703035714285,0.6076110997977549,4.355461291208372,4.397235806972687
2026-01-15,13.0,IEX,2.45389,10533.48,13118.28,34962.33,3,1,0,1,False,False,True,0.375211835030671,4.014338333333334,4.2719812500000005,4.356703035714285,0.6076110997977549,4.355461291208372,4.397235806972687
2026-01-15,1.0,IEX,2.47207,7449.05,10745.05,29372.23,3,1,0,0,False,False,True,0.3658234324170063,4.014338333333334,4.2719812500000005,4.356703035714285,0.6076110997977549,4.355461291208372,4.397235806972687
2026-01-15,11.0,IEX,2.99046,11337.08,16806.55,22574.48,3,1,0,1,False,False,True,0.7444933390516666,4.014338333333334,4.2719812500000005,4.356703035714285,0.6076110997977549,4.355461291208372,4.397235806972687
2026-01-15,10.0,IEX,4.45046,13158.55,21552.45,19843.05,3,1,0,1,False,True,False,1.0861460304307322,4.014338333333334,4.2719812500000005,4.356703035714285,0.6076110997977549,4.355461291208372,4.397235806972687
2026-01-15,9.0,IEX,7.623939999999999,12272.85,23226.38,16433.43,3,1,0,1,False,True,False,1.4133616649638197,4.014338333333334,4.2719812500000005,4.356703035714285,0.6076110997977549,4.355461291208372,4.397235806972687
2026-01-15,8.0,IEX,8.49234,10778.35,21451.98,14740.13,3,1,0,0,False,True,False,1.4553453724930885,4.014338333333334,4.2719812500000005,4.356703035714285,0.6076110997977549,4.355461291208372,4.397235806972687
2026-01-15,7.0,IEX,4.25108,8848.45,16142.58,18254.13,3,1,0,0,False,True,False,0.8843248071070355,4.014338333333334,4.2719812500000005,4.356703035714285,0.6076110997977549,4.355461291208372,4.397235806972687
2026-01-15,6.0,IEX,2.90009,7213.09,12034.33,25510.03,3,1,0,0,False,True,False,0.4717489550299436,4.014338333333334,4.2719812500000005,4.356703035714285,0.6076110997977549,4.355461291208372,4.397235806972687
2026-01-15,5.0,IEX,2.53995,9152.9,13007.2,30792.13,3,1,0,0,False,False,True,0.4224196246175826,4.014338333333334,4.2719812500000005,4.356703035714285,0.6076110997977549,4.355461291208372,4.397235806972687
2026-01-15,4.0,IEX,2.46509,8983.15,12667.88,31402.7,3,1,0,0,False,False,True,0.4034009813158101,4.014338333333334,4.2719812500000005,4.356703035714285,0.6076110997977549,4.355461291208372,4.397235806972687
2026-01-15,3.0,IEX,2.46926,8825.28,12560.08,30925.83,3,1,0,0,False,False,True,0.4061355829718602,4.014338333333334,4.2719812500000005,4.356703035714285,0.6076110997977549,4.355461291208372,4.397235806972687
2026-01-15,2.0,IEX,2.46492,7813.17,11483.48,30359.28,3,1,0,0,False,False,True,0.37825271206094063,4.014338333333334,4.2719812500000005,4.356703035714285,0.6076110997977549,4.355461291208372,4.397235806972687
2026-01-15,12.0,IEX,2.54783,10955.07,14560.15,28407.05,3,1,0,1,False,False,True,0.5125541017062475,4.014338333333334,4.2719812500000005,4.356703035714285,0.6076110997977549,4.355461291208372,4.397235806972687
2026-01-16,15.0,IEX,2.39855,10322.83,14536.3,37027.55,4,1,0,1,False,False,True,0.3925806594299161,4.0770825,4.014338333333334,4.25058005952381,0.5773371285062293,4.3126337848686225,4.371623542414872
2026-01-16,16.0,IEX,2.80465,10329.79,16318.28,32499.38,4,1,0,1,False,False,True,0.5021105016458436,4.0770825,4.014338333333334,4.25058005952381,0.5773371285062293,4.3126337848686225,4.371623542414872
2026-01-16,17.0,IEX,2.95763,9635.58,16218.7,23820.93,4,1,0,1,False,False,True,0.6808592272926124,4.0770825,4.014338333333334,4.25058005952381,0.5773371285062293,4.3126337848686225,4.371623542414872
2026-01-16,18.0,IEX,5.78554,8850.73,17421.65,14846.4,4,1,0,1,True,False,False,1.1734595584293437,4.0770825,4.014338333333334,4.25058005952381,0.5773371285062293,4.3126337848686225,4.371623542414872
2026-01-16,24.0,IEX,2.92944,6059.1,11121.3,26264.93,4,1,0,0,False,False,True,0.4234277416983682,4.0770825,4.014338333333334,4.25058005952381,0.5773371285062293,4.3126337848686225,4.371623542414872
2026-01-16,20.0,IEX,7.101,8073.27,17598.8,11711.3,4,1,0,1,True,False,False,1.5027195943211091,4.0770825,4.014338333333334,4.25058005952381,0.5773371285062293,4.3126337848686225,4.371623542414872
2026-01-16,22.0,IEX,3.94865,7215.9,12483.78,15644.88,4,1,0,1,True,False,False,0.7979466759745383,4.0770825,4.014338333333334,4.25058005952381,0.5773371285062293,4.3126337848686225,4.371623542414872
2026-01-16,23.0,IEX,3.37881,7043.2,12014.1,21394.48,4,1,0,0,False,False,True,0.56155139056357,4.0770825,4.014338333333334,4.25058005952381,0.5773371285062293,4.3126337848686225,4.371623542414872
2026-01-16,14.0,IEX,2.04346,10432.06,12317.23,38887.8,4,1,0,1,False,False,True,0.3167376400010446,4.0770825,4.014338333333334,4.25058005952381,0.5773371285062293,4.3126337848686225,4.371623542414872
2026-01-16,19.0,IEX,10.0,8086.84,19731.63,11297.95,4,1,0,1,True,False,False,1.7464787844286098,4.0770825,4.014338333333334,4.25058005952381,0.5773371285062293,4.3126337848686225,4.371623542414872
2026-01-16,13.0,IEX,2.51063,10861.46,14579.18,34728.38,4,1,0,1,False,False,True,0.4198059338155693,4.0770825,4.014338333333334,4.25058005952381,0.5773371285062293,4.3126337848686225,4.371623542414872
2026-01-16,21.0,IEX,4.72519,7414.38,14739.43,12543.68,4,1,0,1,True,False,False,1.1750483102446425,4.0770825,4.014338333333334,4.25058005952381,0.5773371285062293,4.3126337848686225,4.371623542414872
2026-01-16,11.0,IEX,2.84745,10840.05,17035.3,22509.43,4,1,0,1,False,False,True,0.7568072577773816,4.0770825,4.014338333333334,4.25058005952381,0.5773371285062293,4.3126337848686225,4.371623542414872
2026-01-16,12.0,IEX,2.61686,11183.25,16413.78,28367.93,4,1,0,1,False,False,True,0.5786033733943211,4.0770825,4.014338333333334,4.25058005952381,0.5773371285062293,4.3126337848686225,4.371623542414872
2026-01-16,2.0,IEX,2.57985,7470.42,12752.8,31045.53,4,1,0,0,False,False,True,0.4107773323854425,4.0770825,4.014338333333334,4.25058005952381,0.5773371285062293,4.3126337848686225,4.371623542414872
2026-01-16,3.0,IEX,2.53543,8329.48,13786.33,31269.03,4,1,0,0,False,False,True,0.4408940730042173,4.0770825,4.014338333333334,4.25058005952381,0.5773371285062293,4.3126337848686225,4.371623542414872
2026-01-16,4.0,IEX,2.60182,8969.34,14655.55,31354.48,4,1,0,0,False,False,True,0.4674148636917548,4.0770825,4.014338333333334,4.25058005952381,0.5773371285062293,4.3126337848686225,4.371623542414872
2026-01-16,5.0,IEX,2.74598,8528.35,14914.3,30423.28,4,1,0,0,False,False,True,0.49022656318114727,4.0770825,4.014338333333334,4.25058005952381,0.5773371285062293,4.3126337848686225,4.371623542414872
2026-01-16,1.0,IEX,2.77328,7083.14,12620.45,30233.03,4,1,0,0,False,False,True,0.4174391384464478,4.0770825,4.014338333333334,4.25058005952381,0.5773371285062293,4.3126337848686225,4.371623542414872
2026-01-16,7.0,IEX,4.26009,9425.75,18005.6,17869.55,4,1,0,0,False,True,False,1.0076135095692877,4.0770825,4.014338333333334,4.25058005952381,0.5773371285062293,4.3126337848686225,4.371623542414872
2026-01-16,8.0,IEX,9.17476,9526.65,22331.7,13006.08,4,1,0,0,False,True,False,1.7170200385381145,4.0770825,4.014338333333334,4.25058005952381,0.5773371285062293,4.3126337848686225,4.371623542414872
2026-01-16,9.0,IEX,7.76453,10892.95,23537.05,15011.13,4,1,0,1,False,True,False,1.5679732294850732,4.0770825,4.014338333333334,4.25058005952381,0.5773371285062293,4.3126337848686225,4.371623542414872
2026-01-16,10.0,IEX,4.3062,11478.9,20765.65,17987.95,4,1,0,1,False,True,False,1.1544200416643253,4.0770825,4.014338333333334,4.25058005952381,0.5773371285062293,4.3126337848686225,4.371623542414872
2026-01-16,6.0,IEX,3.06018,7695.48,14409.35,25149.6,4,1,0,0,False,True,False,0.5729454939351142,4.0770825,4.014338333333334,4.25058005952381,0.5773371285062293,4.3126337848686225,4.371623542414872
2026-01-17,15.0,IEX,2.00532,10129.09,13860.55,37889.9,5,1,1,1,False,False,True,0.36581120552817203,3.546309166666667,4.0770825,4.088481726190477,0.5953593018064127,4.194737689760629,4.305598392355016
2026-01-17,16.0,IEX,2.33596,9964.18,15131.83,32225.45,5,1,1,1,False,False,True,0.46956147998877856,3.546309166666667,4.0770825,4.088481726190477,0.5953593018064127,4.194737689760629,4.305598392355016
2026-01-17,17.0,IEX,2.83865,9050.23,15367.68,24649.75,5,1,1,1,False,False,True,0.6234416168020197,3.546309166666667,4.0770825,4.088481726190477,0.5953593018064127,4.194737689760629,4.305598392355016
2026-01-17,18.0,IEX,4.44661,8537.2,15688.43,16346.0,5,1,1,1,True,False,False,0.9597718090298717,3.546309166666667,4.0770825,4.088481726190477,0.5953593018064127,4.194737689760629,4.305598392355016
2026-01-17,20.0,IEX,4.886310000000001,7320.67,14536.13,12583.93,5,1,1,1,True,False,False,1.1551343648962331,3.546309166666667,4.0770825,4.088481726190477,0.5953593018064127,4.194737689760629,4.305598392355016
2026-01-17,21.0,IEX,4.09603,7189.37,12671.35,13119.63,5,1,1,1,True,False,False,0.965831352739497,3.546309166666667,4.0770825,4.088481726190477,0.5953593018064127,4.194737689760629,4.305598392355016
2026-01-17,22.0,IEX,3.89234,6312.18,11970.68,16023.73,5,1,1,1,True,False,False,0.7470595168871047,3.546309166666667,4.0770825,4.088481726190477,0.5953593018064127,4.194737689760629,4.305598392355016
2026-01-17,23.0,IEX,3.4464,6641.91,12682.0,21866.83,5,1,1,0,False,False,True,0.5799651798729101,3.546309166666667,4.0770825,4.088481726190477,0.5953593018064127,4.194737689760629,4.305598392355016
2026-01-17,14.0,IEX,1.813,9600.56,12118.8,41501.33,5,1,1,1,False,False,True,0.29200991864790593,3.546309166666667,4.0770825,4.088481726190477,0.5953593018064127,4.194737689760629,4.305598392355016
2026-01-17,24.0,IEX,2.6335300000000004,5828.25,11056.58,26688.55,5,1,1,0,False,False,True,0.4142817798590475,3.546309166666667,4.0770825,4.088481726190477,0.5953593018064127,4.194737689760629,4.305598392355016
2026-01-17,19.0,IEX,7.02451,9062.9,17531.15,13294.58,5,1,1,1,True,False,False,1.318668960344239,3.546309166666667,4.0770825,4.088481726190477,0.5953593018064127,4.194737689760629,4.305598392355016
2026-01-17,13.0,IEX,2.22264,11128.85,14252.63,37231.23,5,1,1,1,False,False,True,0.38281383656064705,3.546309166666667,4.0770825,4.088481726190477,0.5953593018064127,4.194737689760629,4.305598392355016
2026-01-17,9.0,IEX,6.5427100000000005,11432.75,23201.5,15591.95,5,1,1,1,False,True,False,1.4880435086772061,3.546309166666667,4.0770825,4.088481726190477,0.5953593018064127,4.194737689760629,4.305598392355016
2026-01-17,11.0,IEX,2.5085,11411.2,17709.33,23160.28,5,1,1,1,False,False,True,0.7646423096937334,3.546309166666667,4.0770825,4.088481726190477,0.5953593018064127,4.194737689760629,4.305598392355016
2026-01-17,10.0,IEX,4.1079300000000005,12261.78,20178.33,18514.35,5,1,1,1,False,True,False,1.089875150307802,3.546309166666667,4.0770825,4.088481726190477,0.5953593018064127,4.194737689760629,4.305598392355016
2026-01-17,8.0,IEX,7.947010000000001,10247.1,22239.73,13724.98,5,1,1,0,False,True,False,1.6203834165001454,3.546309166666667,4.0770825,4.088481726190477,0.5953593018064127,4.194737689760629,4.305598392355016
2026-01-17,7.0,IEX,4.10459,9461.27,17425.13,17643.68,5,1,1,0,False,True,False,0.9876131277672158,3.546309166666667,4.0770825,4.088481726190477,0.5953593018064127,4.194737689760629,4.305598392355016
2026-01-17,6.0,IEX,3.01502,7352.65,14005.4,24182.58,5,1,1,0,False,True,False,0.5791524309733898,3.546309166666667,4.0770825,4.088481726190477,0.5953593018064127,4.194737689760629,4.305598392355016
2026-01-17,5.0,IEX,2.67087,8974.21,14617.18,30109.93,5,1,1,0,False,False,True,0.4854604442835103,3.546309166666667,4.0770825,4.088481726190477,0.5953593018064127,4.194737689760629,4.305598392355016
2026-01-17,4.0,IEX,2.52862,9342.28,14171.58,30786.48,5,1,1,0,False,False,True,0.4603182954139875,3.546309166666667,4.0770825,4.088481726190477,0.5953593018064127,4.194737689760629,4.305598392355016
2026-01-17,3.0,IEX,2.5090700000000004,8874.01,13688.0,30501.45,5,1,1,0,False,False,True,0.44876555034309334,3.546309166666667,4.0770825,4.088481726190477,0.5953593018064127,4.194737689760629,4.305598392355016
2026-01-17,2.0,IEX,2.49049,7851.68,12587.68,30190.4,5,1,1,0,False,False,True,0.4169431341032437,3.546309166666667,4.0770825,4.088481726190477,0.5953593018064127,4.194737689760629,4.305598392355016
2026-01-17,1.0,IEX,2.48583,7365.7,11616.18,29812.33,5,1,1,0,False,False,True,0.3896434795973198,3.546309166666667,4.0770825,4.088481726190477,0.5953593018064127,4.194737689760629,4.305598392355016
2026-01-17,12.0,IEX,2.55948,10881.73,16020.78,29205.13,5,1,1,1,False,False,True,0.5485604753176718,3.546309166666667,4.0770825,4.088481726190477,0.5953593018064127,4.194737689760629,4.305598392355016
2026-01-18,18.0,IEX,3.22699,7494.63,11819.58,19316.23,6,1,1,1,True,False,False,0.6118989054220731,2.90816,3.546309166666667,4.051808988095238,0.6655074728676159,3.996802660566686,4.193803320966615
2026-01-18,15.0,IEX,1.83234,9206.36,11957.18,39032.0,6,1,1,1,False,False,True,0.306343000536395,2.90816,3.546309166666667,4.051808988095238,0.6655074728676159,3.996802660566686,4.193803320966615
2026-01-18,16.0,IEX,2.0508200000000003,9489.45,12076.9,34010.5,6,1,1,1,False,False,True,0.3550932799120585,2.90816,3.546309166666667,4.051808988095238,0.6655074728676159,3.996802660566686,4.193803320966615
2026-01-18,17.0,IEX,2.25183,8129.08,11497.78,27039.75,6,1,1,1,False,False,True,0.4252176886157536,2.90816,3.546309166666667,4.051808988095238,0.6655074728676159,3.996802660566686,4.193803320966615
2026-01-18,19.0,IEX,4.29952,8211.04,13427.7,15896.5,6,1,1,1,True,False,False,0.8446953726639856,2.90816,3.546309166666667,4.051808988095238,0.6655074728676159,3.996802660566686,4.193803320966615
2026-01-18,14.0,IEX,1.80414,8690.76,10317.9,41609.58,6,1,1,1,False,False,True,0.2479693377707803,2.90816,3.546309166666667,4.051808988095238,0.6655074728676159,3.996802660566686,4.193803320966615
2026-01-18,21.0,IEX,3.60935,5987.05,11160.9,15471.53,6,1,1,1,True,False,False,0.7213830818791787,2.90816,3.546309166666667,4.051808988095238,0.6655074728676159,3.996802660566686,4.193803320966615
2026-01-18,22.0,IEX,3.46285,5724.83,10304.73,18435.6,6,1,1,1,True,False,False,0.558958210983663,2.90816,3.546309166666667,4.051808988095238,0.6655074728676159,3.996802660566686,4.193803320966615
2026-01-18,23.0,IEX,2.9639,6172.68,10492.45,24122.25,6,1,1,0,False,False,True,0.43496978912208867,2.90816,3.546309166666667,4.051808988095238,0.6655074728676159,3.996802660566686,4.193803320966615
2026-01-18,24.0,IEX,2.54988,6093.38,10213.93,28062.9,6,1,1,0,False,False,True,0.36396559145207175,2.90816,3.546309166666667,4.051808988095238,0.6655074728676159,3.996802660566686,4.193803320966615
2026-01-18,20.0,IEX,3.87266,6741.93,11883.2,14825.63,6,1,1,1,True,False,False,0.8015308618915145,2.90816,3.546309166666667,4.051808988095238,0.6655074728676159,3.996802660566686,4.193803320966615
2026-01-18,13.0,IEX,2.12656,8979.93,11348.83,36329.18,6,1,1,1,False,False,True,0.31238882894896364,2.90816,3.546309166666667,4.051808988095238,0.6655074728676159,3.996802660566686,4.193803320966615
2026-01-18,1.0,IEX,2.4456,7422.58,12533.7,30215.2,6,1,1,0,False,False,True,0.4148143979140253,2.90816,3.546309166666667,4.051808988095238,0.6655074728676159,3.996802660566686,4.193803320966615
2026-01-18,11.0,IEX,2.42497,9134.93,13397.8,23148.25,6,1,1,1,False,False,True,0.5787824131073483,2.90816,3.546309166666667,4.051808988095238,0.6655074728676159,3.996802660566686,4.193803320966615
2026-01-18,2.0,IEX,2.46074,7744.78,13198.18,30816.0,6,1,1,0,False,False,True,0.42828984928988517,2.90816,3.546309166666667,4.051808988095238,0.6655074728676159,3.996802660566686,4.193803320966615
2026-01-18,3.0,IEX,2.4622,8811.93,14288.55,31381.53,6,1,1,0,False,False,True,0.4553171880225989,2.90816,3.546309166666667,4.051808988095238,0.6655074728676159,3.996802660566686,4.193803320966615
2026-01-18,4.0,IEX,2.46718,9160.38,14564.6,31744.1,6,1,1,0,False,False,True,0.45881281861548673,2.90816,3.546309166666667,4.051808988095238,0.6655074728676159,3.996802660566686,4.193803320966615
2026-01-18,5.0,IEX,2.59161,9048.4,14932.58,30993.63,6,1,1,0,False,False,True,0.48179513000516716,2.90816,3.546309166666667,4.051808988095238,0.6655074728676159,3.996802660566686,4.193803320966615
2026-01-18,12.0,IEX,2.21553,8651.8,12699.75,28397.85,6,1,1,1,False,False,True,0.4472081511638353,2.90816,3.546309166666667,4.051808988095238,0.6655074728676159,3.996802660566686,4.193803320966615
2026-01-18,7.0,IEX,3.76072,8036.98,15876.8,19278.28,6,1,1,0,False,True,False,0.8235589477777276,2.90816,3.546309166666667,4.051808988095238,0.6655074728676159,3.996802660566686,4.193803320966615
2026-01-18,8.0,IEX,4.58299,9515.94,18215.73,15776.93,6,1,1,0,False,True,False,1.1545801362149797,2.90816,3.546309166666667,4.051808988095238,0.6655074728676159,3.996802660566686,4.193803320966615
2026-01-18,9.0,IEX,4.43642,10053.0,19166.93,16852.2,6,1,1,1,False,True,False,1.1373547660617873,2.90816,3.546309166666667,4.051808988095238,0.6655074728676159,3.996802660566686,4.193803320966615
2026-01-18,10.0,IEX,3.00258,8856.79,14377.9,17923.18,6,1,1,1,False,True,False,0.8021958152503095,2.90816,3.546309166666667,4.051808988095238,0.6655074728676159,3.996802660566686,4.193803320966615
2026-01-18,6.0,IEX,2.89446,8024.73,14254.75,25880.48,6,1,1,0,False,True,False,0.5507915616129254,2.90816,3.546309166666667,4.051808988095238,0.6655074728676159,3.996802660566686,4.193803320966615
2026-01-19,15.0,IEX,2.21057,10084.98,14755.15,37402.13,0,1,0,1,False,False,True,0.39450025963908997,3.8887375,2.90816,3.9184803571428577,0.5724661881799495,3.980177251248734,4.169398055289286
2026-01-19,24.0,IEX,2.87636,6539.75,11610.35,26438.33,0,1,0,0,False,False,True,0.4391483877994002,3.8887375,2.90816,3.9184803571428577,0.5724661881799495,3.980177251248734,4.169398055289286
2026-01-19,23.0,IEX,3.22392,6904.63,12051.8,22818.7,0,1,0,0,False,False,True,0.5281545396853656,3.8887375,2.90816,3.9184803571428577,0.5724661881799495,3.980177251248734,4.169398055289286
2026-01-19,22.0,IEX,3.99213,8140.1,13424.15,16495.63,0,1,0,1,True,False,False,0.8138003817897222,3.8887375,2.90816,3.9184803571428577,0.5724661881799495,3.980177251248734,4.169398055289286
2026-01-19,21.0,IEX,4.59108,8557.55,15142.23,12896.93,0,1,0,1,True,False,False,1.1740956947319279,3.8887375,2.90816,3.9184803571428577,0.5724661881799495,3.980177251248734,4.169398055289286
2026-01-19,20.0,IEX,7.1002600000000005,7825.15,17139.2,10515.23,0,1,0,1,True,False,False,1.6299405703632346,3.8887375,2.90816,3.9184803571428577,0.5724661881799495,3.980177251248734,4.169398055289286
2026-01-19,19.0,IEX,10.0,8246.95,19429.53,10348.15,0,1,0,1,True,False,False,1.877584880507545,3.8887375,2.90816,3.9184803571428577,0.5724661881799495,3.980177251248734,4.169398055289286
2026-01-19,18.0,IEX,5.52151,9203.85,16922.88,14191.35,0,1,0,1,True,False,False,1.1924785160027211,3.8887375,2.90816,3.9184803571428577,0.5724661881799495,3.980177251248734,4.169398055289286
2026-01-19,17.0,IEX,3.1188,9950.12,18005.38,24061.35,0,1,0,1,False,False,True,0.7483112956054789,3.8887375,2.90816,3.9184803571428577,0.5724661881799495,3.980177251248734,4.169398055289286
2026-01-19,16.0,IEX,2.51958,10696.57,16896.25,31121.03,0,1,0,1,False,False,True,0.5429206550866341,3.8887375,2.90816,3.9184803571428577,0.5724661881799495,3.980177251248734,4.169398055289286
2026-01-19,14.0,IEX,1.99962,9468.94,12566.58,39090.33,0,1,0,1,False,False,True,0.32147541340237457,3.8887375,2.90816,3.9184803571428577,0.5724661881799495,3.980177251248734,4.169398055289286
2026-01-19,13.0,IEX,2.35774,10037.69,14199.5,34051.75,0,1,0,1,False,False,True,0.4169976578540023,3.8887375,2.90816,3.9184803571428577,0.5724661881799495,3.980177251248734,4.169398055289286
2026-01-19,1.0,IEX,2.39696,7250.8,10920.23,31763.38,0,1,0,0,False,False,True,0.3437993688506074,3.8887375,2.90816,3.9184803571428577,0.5724661881799495,3.980177251248734,4.169398055289286
2026-01-19,12.0,IEX,2.61057,9675.78,15794.95,26930.5,0,1,0,1,False,False,True,0.5865078626143192,3.8887375,2.90816,3.9184803571428577,0.5724661881799495,3.980177251248734,4.169398055289286
2026-01-19,2.0,IEX,2.34898,7549.99,11237.15,32827.35,0,1,0,0,False,False,True,0.34231060370626604,3.8887375,2.90816,3.9184803571428577,0.5724661881799495,3.980177251248734,4.169398055289286
2026-01-19,3.0,IEX,2.19509,8249.36,11292.48,33443.88,0,1,0,0,False,False,True,0.337654602176047,3.8887375,2.90816,3.9184803571428577,0.5724661881799495,3.980177251248734,4.169398055289286
2026-01-19,5.0,IEX,2.45662,9294.48,13165.88,31879.1,0,1,0,0,False,False,True,0.41299409317923214,3.8887375,2.90816,3.9184803571428577,0.5724661881799495,3.980177251248734,4.169398055289286
2026-01-19,6.0,IEX,2.72514,8155.14,13345.45,26258.85,0,1,0,0,False,True,False,0.5082267500259049,3.8887375,2.90816,3.9184803571428577,0.5724661881799495,3.980177251248734,4.169398055289286
2026-01-19,4.0,IEX,2.3163400000000003,8944.21,12462.2,33060.05,0,1,0,0,False,False,True,0.37695647756825634,3.8887375,2.90816,3.9184803571428577,0.5724661881799495,3.980177251248734,4.169398055289286
2026-01-19,8.0,IEX,8.87515,10137.34,22410.03,12530.4,0,1,0,0,False,True,False,1.788452881162251,3.8887375,2.90816,3.9184803571428577,0.5724661881799495,3.980177251248734,4.169398055289286
2026-01-19,9.0,IEX,7.3172,11090.33,22590.1,14147.3,0,1,0,1,False,True,False,1.5967781826943812,3.8887375,2.90816,3.9184803571428577,0.5724661881799495,3.980177251248734,4.169398055289286
2026-01-19,10.0,IEX,3.74434,11539.85,21236.15,17749.83,0,1,0,1,False,True,False,1.1964142748429623,3.8887375,2.90816,3.9184803571428577,0.5724661881799495,3.980177251248734,4.169398055289286
2026-01-19,11.0,IEX,2.82008,10741.93,18374.35,22138.85,0,1,0,1,False,False,True,0.8299595503696174,3.8887375,2.90816,3.9184803571428577,0.5724661881799495,3.980177251248734,4.169398055289286
2026-01-19,7.0,IEX,4.01166,9270.15,17818.9,17663.08,0,1,0,0,False,True,False,1.0088217904188728,3.8887375,2.90816,3.9184803571428577,0.5724661881799495,3.980177251248734,4.169398055289286
2026-01-20,18.0,IEX,5.62357,7976.27,15869.5,12598.2,1,1,0,1,True,False,False,1.2596640779955357,4.14409,3.8887375,3.8358141071428578,0.46948789084924514,4.005394597210468,4.167373410866143
2026-01-20,15.0,IEX,2.49292,8706.55,13719.15,34999.0,1,1,0,1,False,False,True,0.39198691379982653,4.14409,3.8887375,3.8358141071428578,0.46948789084924514,4.005394597210468,4.167373410866143
2026-01-20,16.0,IEX,2.74799,9957.23,17385.9,28454.55,1,1,0,1,False,False,True,0.6110059724680216,4.14409,3.8887375,3.8358141071428578,0.46948789084924514,4.005394597210468,4.167373410866143
2026-01-20,17.0,IEX,3.25515,9083.95,16812.1,21332.85,1,1,0,1,False,False,True,0.7880850421823221,4.14409,3.8887375,3.8358141071428578,0.46948789084924514,4.005394597210468,4.167373410866143
2026-01-20,19.0,IEX,10.0,7576.93,20531.15,9678.13,1,1,0,1,True,False,False,2.121396383266813,4.14409,3.8887375,3.8358141071428578,0.46948789084924514,4.005394597210468,4.167373410866143
2026-01-20,14.0,IEX,2.10292,9590.1,12363.83,38993.35,1,1,0,1,False,False,True,0.31707534738177784,4.14409,3.8887375,3.8358141071428578,0.46948789084924514,4.005394597210468,4.167373410866143
2026-01-20,21.0,IEX,4.77755,7378.01,13977.98,11267.03,1,1,0,1,True,False,False,1.2406091035165352,4.14409,3.8887375,3.8358141071428578,0.46948789084924514,4.005394597210468,4.167373410866143
2026-01-20,22.0,IEX,3.71125,7057.2,12327.1,16161.33,1,1,0,1,True,False,False,0.7627528175201219,4.14409,3.8887375,3.8358141071428578,0.46948789084924514,4.005394597210468,4.167373410866143
2026-01-20,23.0,IEX,3.30796,6350.18,11407.7,22008.48,1,1,0,0,False,False,True,0.5183320245113102,4.14409,3.8887375,3.8358141071428578,0.46948789084924514,4.005394597210468,4.167373410866143
2026-01-20,24.0,IEX,2.92059,5717.9,10877.05,25873.08,1,1,0,0,False,False,True,0.4204002768822265,4.14409,3.8887375,3.8358141071428578,0.46948789084924514,4.005394597210468,4.167373410866143
2026-01-20,20.0,IEX,7.77769,7259.55,16697.1,9748.9,1,1,0,1,True,False,False,1.712716304698257,4.14409,3.8887375,3.8358141071428578,0.46948789084924514,4.005394597210468,4.167373410866143
2026-01-20,13.0,IEX,2.54289,9047.75,13608.65,33448.3,1,1,0,1,False,False,True,0.40685625266251,4.14409,3.8887375,3.8358141071428578,0.46948789084924514,4.005394597210468,4.167373410866143
2026-01-20,1.0,IEX,2.67812,6896.15,12143.23,28510.8,1,1,0,0,False,False,True,0.42591684539686125,4.14409,3.8887375,3.8358141071428578,0.46948789084924514,4.005394597210468,4.167373410866143
2026-01-20,11.0,IEX,3.1105,9801.15,17785.18,19562.63,1,1,0,1,False,False,True,0.9091405394319984,4.14409,3.8887375,3.8358141071428578,0.46948789084924514,4.005394597210468,4.167373410866143
2026-01-20,10.0,IEX,4.11586,11167.65,22091.25,16302.13,1,1,0,1,False,True,False,1.3551143308542417,4.14409,3.8887375,3.8358141071428578,0.46948789084924514,4.005394597210468,4.167373410866143
2026-01-20,9.0,IEX,7.52746,10285.9,24112.73,13089.25,1,1,0,1,False,True,False,1.842178121861697,4.14409,3.8887375,3.8358141071428578,0.46948789084924514,4.005394597210468,4.167373410866143
2026-01-20,8.0,IEX,9.50026,8781.35,24877.1,10976.9,1,1,0,0,False,True,False,2.2663138023792566,4.14409,3.8887375,3.8358141071428578,0.46948789084924514,4.005394597210468,4.167373410866143
2026-01-20,7.0,IEX,4.86928,8773.98,18649.65,14219.95,1,1,0,0,False,True,False,1.3115130494048763,4.14409,3.8887375,3.8358141071428578,0.46948789084924514,4.005394597210468,4.167373410866143
2026-01-20,6.0,IEX,3.07819,7200.69,14262.3,22110.95,1,1,0,0,False,True,False,0.6450333429160513,4.14409,3.8887375,3.8358141071428578,0.46948789084924514,4.005394597210468,4.167373410866143
2026-01-20,5.0,IEX,2.72838,8467.71,14814.33,28358.38,1,1,0,0,False,False,True,0.5223969068323377,4.14409,3.8887375,3.8358141071428578,0.46948789084924514,4.005394597210468,4.167373410866143
2026-01-20,4.0,IEX,2.60413,8500.3,14132.05,29067.93,1,1,0,0,False,False,True,0.48617324987153426,4.14409,3.8887375,3.8358141071428578,0.46948789084924514,4.005394597210468,4.167373410866143
2026-01-20,3.0,IEX,2.52,7666.38,12862.4,29342.78,1,1,0,0,False,False,True,0.4383497404000747,4.14409,3.8887375,3.8358141071428578,0.46948789084924514,4.005394597210468,4.167373410866143
2026-01-20,2.0,IEX,2.5942800000000004,7339.61,12639.33,29253.58,1,1,0,0,False,False,True,0.4320609646983169,4.14409,3.8887375,3.8358141071428578,0.46948789084924514,4.005394597210468,4.167373410866143
2026-01-20,12.0,IEX,2.87122,9125.43,16238.9,26826.7,1,1,0,1,False,False,True,0.605326036894092,4.14409,3.8887375,3.8358141071428578,0.46948789084924514,4.005394597210468,4.167373410866143
2026-01-21,15.0,IEX,2.47071,10152.07,15291.5,35310.38,2,1,0,1,False,False,True,0.43305962710311824,4.327872916666666,4.14409,3.8437986309523815,0.47853023330175753,4.055006646357575,4.1802133713301854
2026-01-21,16.0,IEX,2.92911,9623.43,16930.18,27047.63,2,1,0,1,False,False,True,0.6259394998282882,4.327872916666666,4.14409,3.8437986309523815,0.47853023330175753,4.055006646357575,4.1802133713301854
2026-01-21,17.0,IEX,3.29182,9569.2,17266.13,21472.53,2,1,0,1,False,False,True,0.8041031956625032,4.327872916666666,4.14409,3.8437986309523815,0.47853023330175753,4.055006646357575,4.1802133713301854
2026-01-21,18.0,IEX,6.36376,7537.83,16662.73,11436.83,2,1,0,1,True,False,False,1.4569360553082138,4.327872916666666,4.14409,3.8437986309523815,0.47853023330175753,4.055006646357575,4.1802133713301854
2026-01-21,19.0,IEX,10.0,7124.72,21698.38,9242.93,2,1,0,1,True,False,False,2.3475651093889436,4.327872916666666,4.14409,3.8437986309523815,0.47853023330175753,4.055006646357575,4.1802133713301854
2026-01-21,24.0,IEX,3.00881,6117.28,11129.65,26288.65,2,1,0,0,False,False,True,0.4233633144252887,4.327872916666666,4.14409,3.8437986309523815,0.47853023330175753,4.055006646357575,4.1802133713301854
2026-01-21,21.0,IEX,4.82787,8082.08,14930.78,11763.13,2,1,0,1,True,False,False,1.2692863198236473,4.327872916666666,4.14409,3.8437986309523815,0.47853023330175753,4.055006646357575,4.1802133713301854
2026-01-21,22.0,IEX,4.11516,7815.22,12804.93,16062.9,2,1,0,1,True,False,False,0.7971742332971169,4.327872916666666,4.14409,3.8437986309523815,0.47853023330175753,4.055006646357575,4.1802133713301854
2026-01-21,23.0,IEX,3.43562,6615.43,11915.28,22300.98,2,1,0,0,False,False,True,0.534294008364523,4.327872916666666,4.14409,3.8437986309523815,0.47853023330175753,4.055006646357575,4.1802133713301854
2026-01-21,14.0,IEX,2.05283,9499.05,12209.98,39558.65,2,1,0,1,False,False,True,0.3086551233905466,4.327872916666666,4.14409,3.8437986309523815,0.47853023330175753,4.055006646357575,4.1802133713301854
2026-01-21,20.0,IEX,8.12492,6747.98,17407.53,9155.0,2,1,0,1,True,False,False,1.9014232638979538,4.327872916666666,4.14409,3.8437986309523815,0.47853023330175753,4.055006646357575,4.1802133713301854
2026-01-21,13.0,IEX,2.48539,9575.8,13908.5,34114.3,2,1,0,1,False,False,True,0.4077029279780904,4.327872916666666,4.14409,3.8437986309523815,0.47853023330175753,4.055006646357575,4.1802133713301854
2026-01-21,1.0,IEX,2.72049,6750.8,11770.05,27968.35,2,1,0,0,False,False,True,0.4208346218418911,4.327872916666666,4.14409,3.8437986309523815,0.47853023330175753,4.055006646357575,4.1802133713301854
2026-01-21,11.0,IEX,3.24139,10490.93,18309.43,19563.43,2,1,0,1,False,False,True,0.9359008103712382,4.327872916666666,4.14409,3.8437986309523815,0.47853023330175753,4.055006646357575,4.1802133713301854
2026-01-21,2.0,IEX,2.55365,7149.79,12292.7,28866.85,2,1,0,0,False,False,True,0.42584140617149385,4.327872916666666,4.14409,3.8437986309523815,0.47853023330175753,4.055006646357575,4.1802133713301854
2026-01-21,3.0,IEX,2.47935,7845.09,12682.43,29445.53,2,1,0,0,False,False,True,0.4307081582736979,4.327872916666666,4.14409,3.8437986309523815,0.47853023330175753,4.055006646357575,4.1802133713301854
2026-01-21,4.0,IEX,2.60169,8564.9,14180.83,29789.3,2,1,0,0,False,False,True,0.47603770465367173,4.327872916666666,4.14409,3.8437986309523815,0.47853023330175753,4.055006646357575,4.1802133713301854
2026-01-21,5.0,IEX,2.76268,8574.25,14767.4,28766.78,2,1,0,0,False,False,True,0.5133490781681687,4.327872916666666,4.14409,3.8437986309523815,0.47853023330175753,4.055006646357575,4.1802133713301854
2026-01-21,12.0,IEX,2.60077,9582.95,16148.4,27044.35,2,1,0,1,False,False,True,0.5971080833530449,4.327872916666666,4.14409,3.8437986309523815,0.47853023330175753,4.055006646357575,4.1802133713301854
2026-01-21,7.0,IEX,5.22252,9807.43,18834.0,14116.78,2,1,0,0,False,True,False,1.3341569385269467,4.327872916666666,4.14409,3.8437986309523815,0.47853023330175753,4.055006646357575,4.1802133713301854
2026-01-21,8.0,IEX,10.0,8103.34,26286.73,10310.85,2,1,0,0,False,True,False,2.549424147815724,4.327872916666666,4.14409,3.8437986309523815,0.47853023330175753,4.055006646357575,4.1802133713301854
2026-01-21,9.0,IEX,9.07512,9924.3,25170.78,12120.98,2,1,0,1,False,True,False,2.0766291157343475,4.327872916666666,4.14409,3.8437986309523815,0.47853023330175753,4.055006646357575,4.1802133713301854
2026-01-21,10.0,IEX,4.337149999999999,11222.32,22210.8,15800.1,2,1,0,1,False,True,False,1.4057379374777768,4.327872916666666,4.14409,3.8437986309523815,0.47853023330175753,4.055006646357575,4.1802133713301854
2026-01-21,6.0,IEX,3.16814,7334.91,14386.0,22201.58,2,1,0,0,False,True,False,0.6479719008070723,4.327872916666666,4.14409,3.8437986309523815,0.47853023330175753,4.055006646357575,4.1802133713301854
2026-01-22,14.0,IEX,1.9771,9029.75,10488.3,40481.18,3,1,0,1,False,False,True,0.2590907675470204,3.9640308333333336,4.327872916666666,3.8366118452380955,0.4759127280433314,4.0410103674307685,4.162918768290438
2026-01-22,23.0,IEX,3.1776,5716.75,10149.8,23076.65,3,1,0,0,False,False,True,0.4398298711295487,3.9640308333333336,4.327872916666666,3.8366118452380955,0.4759127280433314,4.0410103674307685,4.162918768290438
2026-01-22,22.0,IEX,3.61469,6351.1,10750.18,17811.48,3,1,0,1,True,False,False,0.6035534382299768,3.9640308333333336,4.327872916666666,3.8366118452380955,0.4759127280433314,4.0410103674307685,4.162918768290438
2026-01-22,21.0,IEX,3.88476,6962.72,12083.13,13205.93,3,1,0,1,True,False,False,0.9149775889202975,3.9640308333333336,4.327872916666666,3.8366118452380955,0.4759127280433314,4.0410103674307685,4.162918768290438
2026-01-22,20.0,IEX,7.0949,6683.41,15886.18,9662.85,3,1,0,1,True,False,False,1.6440470444599191,3.9640308333333336,4.327872916666666,3.8366118452380955,0.4759127280433314,4.0410103674307685,4.162918768290438
2026-01-22,19.0,IEX,10.0,7599.24,19702.95,9719.45,3,1,0,1,True,False,False,2.027167173011675,3.9640308333333336,4.327872916666666,3.8366118452380955,0.4759127280433314,4.0410103674307685,4.162918768290438
2026-01-22,18.0,IEX,5.300649999999999,7086.9,14327.45,13090.68,3,1,0,1,True,False,False,1.094477138624978,3.9640308333333336,4.327872916666666,3.8366118452380955,0.4759127280433314,4.0410103674307685,4.162918768290438
2026-01-22,17.0,IEX,2.88892,8600.18,14463.53,22355.8,3,1,0,1,False,False,True,0.6469699135584637,3.9640308333333336,4.327872916666666,3.8366118452380955,0.4759127280433314,4.0410103674307685,4.162918768290438
2026-01-22,16.0,IEX,2.5259,9355.17,14134.25,29788.48,3,1,0,1,False,False,True,0.4744871170081565,3.9640308333333336,4.327872916666666,3.8366118452380955,0.4759127280433314,4.0410103674307685,4.162918768290438
2026-01-22,15.0,IEX,2.13283,9085.43,12537.43,37737.18,3,1,0,1,False,False,True,0.33223017715361075,3.9640308333333336,4.327872916666666,3.8366118452380955,0.4759127280433314,4.0410103674307685,4.162918768290438
2026-01-22,24.0,IEX,2.72067,5188.07,9423.3,28016.8,3,1,0,0,False,False,True,0.3363446216782985,3.9640308333333336,4.327872916666666,3.8366118452380955,0.4759127280433314,4.0410103674307685,4.162918768290438
2026-01-22,13.0,IEX,2.16815,9756.9,11913.58,35185.8,3,1,0,1,False,False,True,0.3385905676896388,3.9640308333333336,4.327872916666666,3.8366118452380955,0.4759127280433314,4.0410103674307685,4.162918768290438
2026-01-22,11.0,IEX,2.58575,9976.55,15474.48,20718.88,3,1,0,1,False,False,True,0.7468782092724712,3.9640308333333336,4.327872916666666,3.8366118452380955,0.4759127280433314,4.0410103674307685,4.162918768290438
2026-01-22,12.0,IEX,2.41814,9822.5,14657.23,27595.8,3,1,0,1,False,False,True,0.5311398834130049,3.9640308333333336,4.327872916666666,3.8366118452380955,0.4759127280433314,4.0410103674307685,4.162918768290438
2026-01-22,1.0,IEX,2.5957600000000003,7120.97,10721.25,28701.63,3,1,0,0,False,False,True,0.37354150256499663,3.9640308333333336,4.327872916666666,3.8366118452380955,0.4759127280433314,4.0410103674307685,4.162918768290438
2026-01-22,2.0,IEX,2.46389,7387.64,10673.33,29966.7,3,1,0,0,False,False,True,0.35617301859858674,3.9640308333333336,4.327872916666666,3.8366118452380955,0.4759127280433314,4.0410103674307685,4.162918768290438
2026-01-22,4.0,IEX,2.51645,8079.52,11717.13,30510.88,3,1,0,0,False,False,True,0.38403120448048983,3.9640308333333336,4.327872916666666,3.8366118452380955,0.4759127280433314,4.0410103674307685,4.162918768290438
2026-01-22,5.0,IEX,2.6299200000000003,8065.79,12401.9,28814.68,3,1,0,0,False,False,True,0.4304021420920162,3.9640308333333336,4.327872916666666,3.8366118452380955,0.4759127280433314,4.0410103674307685,4.162918768290438
2026-01-22,3.0,IEX,2.45345,7537.23,10721.83,30254.2,3,1,0,0,False,False,True,0.35439145627569346,3.9640308333333336,4.327872916666666,3.8366118452380955,0.4759127280433314,4.0410103674307685,4.162918768290438
2026-01-22,7.0,IEX,4.451149999999999,8262.3,16650.9,14181.85,3,1,0,0,False,True,False,1.174099288051912,3.9640308333333336,4.327872916666666,3.8366118452380955,0.4759127280433314,4.0410103674307685,4.162918768290438
2026-01-22,8.0,IEX,10.0,8251.07,26526.33,10458.58,3,1,0,0,False,True,False,2.5363223281398413,3.9640308333333336,4.327872916666666,3.8366118452380955,0.4759127280433314,4.0410103674307685,4.162918768290438
2026-01-22,9.0,IEX,8.7497,10617.72,24821.93,13022.28,3,1,0,1,False,True,False,1.9061124458189254,3.9640308333333336,4.327872916666666,3.8366118452380955,0.4759127280433314,4.0410103674307685,4.162918768290438
2026-01-22,10.0,IEX,3.88686,10807.08,19277.23,16066.65,3,1,0,1,False,True,False,1.1998288372499377,3.9640308333333336,4.327872916666666,3.8366118452380955,0.4759127280433314,4.0410103674307685,4.162918768290438
2026-01-22,6.0,IEX,2.8995,6554.15,12295.8,21708.15,3,1,0,0,False,True,False,0.5664139963256132,3.9640308333333336,4.327872916666666,3.8366118452380955,0.4759127280433314,4.0410103674307685,4.162918768290438
2026-01-23,18.0,IEX,5.30015,7500.9,15145.05,12624.15,4,1,0,1,True,False,False,1.1996886909616182,3.80696,3.9640308333333336,3.798022916666667,0.46396603800785596,4.005002618595266,4.134442066827203
2026-01-23,15.0,IEX,1.94336,10161.95,13082.88,37865.45,4,1,0,1,False,False,True,0.34550969278180776,3.80696,3.9640308333333336,3.798022916666667,0.46396603800785596,4.005002618595266,4.134442066827203
2026-01-23,16.0,IEX,2.47288,10577.31,15061.88,31576.13,4,1,0,1,False,False,True,0.4770020897187204,3.80696,3.9640308333333336,3.798022916666667,0.46396603800785596,4.005002618595266,4.134442066827203
2026-01-23,17.0,IEX,2.87491,9521.89,15220.23,23026.93,4,1,0,1,False,False,True,0.660975214385515,3.80696,3.9640308333333336,3.798022916666667,0.46396603800785596,4.005002618595266,4.134442066827203
2026-01-23,19.0,IEX,10.0,6707.21,18689.78,8831.33,4,1,0,1,True,False,False,2.1163041103477007,3.80696,3.9640308333333336,3.798022916666667,0.46396603800785596,4.005002618595266,4.134442066827203
2026-01-23,14.0,IEX,1.84949,9009.58,11327.75,41585.38,4,1,0,1,False,False,True,0.27239741460282496,3.80696,3.9640308333333336,3.798022916666667,0.46396603800785596,4.005002618595266,4.134442066827203
2026-01-23,21.0,IEX,4.08656,7659.75,13642.9,15028.03,4,1,0,1,True,False,False,0.9078302339642452,3.80696,3.9640308333333336,3.798022916666667,0.46396603800785596,4.005002618595266,4.134442066827203
2026-01-23,22.0,IEX,3.68961,6877.93,11566.03,18569.63,4,1,0,1,True,False,False,0.6228465507267261,3.80696,3.9640308333333336,3.798022916666667,0.46396603800785596,4.005002618595266,4.134442066827203
2026-01-23,23.0,IEX,3.04462,5932.08,10262.63,23842.7,4,1,0,0,False,False,True,0.4304306976850647,3.80696,3.9640308333333336,3.798022916666667,0.46396603800785596,4.005002618595266,4.134442066827203
2026-01-23,24.0,IEX,2.64768,5963.13,10149.53,27237.8,4,1,0,0,False,False,True,0.3726266437184257,3.80696,3.9640308333333336,3.798022916666667,0.46396603800785596,4.005002618595266,4.134442066827203
2026-01-23,20.0,IEX,7.35004,6688.3,16291.43,9670.8,4,1,0,1,True,False,False,1.684600031347355,3.80696,3.9640308333333336,3.798022916666667,0.46396603800785596,4.005002618595266,4.134442066827203
2026-01-23,13.0,IEX,2.19006,10370.63,13411.35,39505.58,4,1,0,1,False,False,True,0.3394798911091851,3.80696,3.9640308333333336,3.798022916666667,0.46396603800785596,4.005002618595266,4.134442066827203
2026-01-23,6.0,IEX,2.8415700000000004,7823.85,13303.55,25993.48,4,1,0,0,False,True,False,0.5118033443341163,3.80696,3.9640308333333336,3.798022916666667,0.46396603800785596,4.005002618595266,4.134442066827203
2026-01-23,11.0,IEX,2.6355,9959.48,15777.53,23951.55,4,1,0,1,False,False,True,0.6587268879639411,3.80696,3.9640308333333336,3.798022916666667,0.46396603800785596,4.005002618595266,4.134442066827203
2026-01-23,1.0,IEX,2.46256,7390.78,11587.13,31502.08,4,1,0,0,False,False,True,0.3678211088385842,3.80696,3.9640308333333336,3.798022916666667,0.46396603800785596,4.005002618595266,4.134442066827203
2026-01-23,2.0,IEX,2.35417,7613.67,12019.7,32919.78,4,1,0,0,False,False,True,0.3651209089595614,3.80696,3.9640308333333336,3.798022916666667,0.46396603800785596,4.005002618595266,4.134442066827203
2026-01-23,3.0,IEX,2.2555300000000003,8007.43,12101.6,33626.55,4,1,0,0,False,False,True,0.3598822952815907,3.80696,3.9640308333333336,3.798022916666667,0.46396603800785596,4.005002618595266,4.134442066827203
2026-01-23,4.0,IEX,2.32427,9010.64,13371.28,33930.28,4,1,0,0,False,False,True,0.3940810390028962,3.80696,3.9640308333333336,3.798022916666667,0.46396603800785596,4.005002618595266,4.134442066827203
2026-01-23,5.0,IEX,2.49791,9589.62,14105.18,32295.23,4,1,0,0,False,False,True,0.43675737858601493,3.80696,3.9640308333333336,3.798022916666667,0.46396603800785596,4.005002618595266,4.134442066827203
2026-01-23,12.0,IEX,2.51818,9810.47,15377.08,32168.33,4,1,0,1,False,False,True,0.47801921937569675,3.80696,3.9640308333333336,3.798022916666667,0.46396603800785596,4.005002618595266,4.134442066827203
2026-01-23,7.0,IEX,3.78378,9216.43,15986.73,17042.65,4,1,0,0,False,True,False,0.9380424987088025,3.80696,3.9640308333333336,3.798022916666667,0.46396603800785596,4.005002618595266,4.134442066827203
2026-01-23,8.0,IEX,10.0,9600.24,22908.65,11933.75,4,1,0,0,False,True,False,1.919652245170502,3.80696,3.9640308333333336,3.798022916666667,0.46396603800785596,4.005002618595266,4.134442066827203
2026-01-23,9.0,IEX,6.88435,11808.93,21860.55,16073.98,4,1,0,1,False,True,False,1.3599960922186067,3.80696,3.9640308333333336,3.798022916666667,0.46396603800785596,4.005002618595266,4.134442066827203
2026-01-23,10.0,IEX,3.3598600000000003,10337.2,17144.73,19487.63,4,1,0,1,False,True,False,0.8797750158024474,3.80696,3.9640308333333336,3.798022916666667,0.46396603800785596,4.005002618595266,4.134442066827203
2026-01-24,24.0,IEX,2.39767,6316.08,9604.8,28407.48,5,1,1,0,False,False,True,0.33810813196450085,3.000405833333333,3.80696,3.7200367261904757,0.5510364756377191,3.850449267016507,4.043719168147694
2026-01-24,23.0,IEX,2.53304,6131.25,9791.75,24536.98,5,1,1,0,False,False,True,0.3990609274657839,3.000405833333333,3.80696,3.7200367261904757,0.5510364756377191,3.850449267016507,4.043719168147694
2026-01-24,22.0,IEX,2.98753,6862.83,10245.43,19724.18,5,1,1,1,True,False,False,0.5194350282143871,3.000405833333333,3.80696,3.7200367261904757,0.5510364756377191,3.850449267016507,4.043719168147694
2026-01-24,21.0,IEX,3.32495,7103.0,11693.6,14957.45,5,1,1,1,True,False,False,0.7817910133199235,3.000405833333333,3.80696,3.7200367261904757,0.5510364756377191,3.850449267016507,4.043719168147694
2026-01-24,20.0,IEX,4.72488,7151.53,14440.63,10386.33,5,1,1,1,True,False,False,1.3903496216754623,3.000405833333333,3.80696,3.7200367261904757,0.5510364756377191,3.850449267016507,4.043719168147694
2026-01-24,19.0,IEX,6.24998,8119.34,17382.75,10095.0,5,1,1,1,True,False,False,1.7219167887846292,3.000405833333333,3.80696,3.7200367261904757,0.5510364756377191,3.850449267016507,4.043719168147694
2026-01-24,18.0,IEX,3.60049,7432.98,13724.05,13541.33,5,1,1,1,True,False,False,1.0134935039516106,3.000405833333333,3.80696,3.7200367261904757,0.5510364756377191,3.850449267016507,4.043719168147694
2026-01-24,17.0,IEX,2.68843,8948.97,14005.0,22612.93,5,1,1,1,False,False,True,0.6193359283297937,3.000405833333333,3.80696,3.7200367261904757,0.5510364756377191,3.850449267016507,4.043719168147694
2026-01-24,15.0,IEX,1.89942,9607.32,12393.08,36534.1,5,1,1,1,False,False,True,0.3392195235850289,3.000405833333333,3.80696,3.7200367261904757,0.5510364756377191,3.850449267016507,4.043719168147694
2026-01-24,14.0,IEX,1.82653,8738.13,10361.53,40905.93,5,1,1,1,False,False,True,0.2533014161386133,3.000405833333333,3.80696,3.7200367261904757,0.5510364756377191,3.850449267016507,4.043719168147694
2026-01-24,13.0,IEX,1.88008,9948.51,11642.95,38383.8,5,1,1,1,False,False,True,0.3033297900928699,3.000405833333333,3.80696,3.7200367261904757,0.5510364756377191,3.850449267016507,4.043719168147694
2026-01-24,16.0,IEX,2.38907,10137.57,14225.53,30537.73,5,1,1,1,False,False,True,0.4658345592596979,3.000405833333333,3.80696,3.7200367261904757,0.5510364756377191,3.850449267016507,4.043719168147694
2026-01-24,11.0,IEX,2.46289,10527.82,15395.25,24022.23,5,1,1,1,False,False,True,0.6408751391353446,3.000405833333333,3.80696,3.7200367261904757,0.5510364756377191,3.850449267016507,4.043719168147694
2026-01-24,12.0,IEX,2.16716,10388.29,14061.38,31199.9,5,1,1,1,False,False,True,0.4506867007744618,3.000405833333333,3.80696,3.7200367261904757,0.5510364756377191,3.850449267016507,4.043719168147694
2026-01-24,2.0,IEX,2.36422,7068.6,11174.33,30344.25,5,1,1,0,False,False,True,0.3682519751293072,3.000405833333333,3.80696,3.7200367261904757,0.5510364756377191,3.850449267016507,4.043719168147694
2026-01-24,3.0,IEX,2.28348,7389.03,11310.0,30646.93,5,1,1,0,False,False,True,0.36904185823211594,3.000405833333333,3.80696,3.7200367261904757,0.5510364756377191,3.850449267016507,4.043719168147694
2026-01-24,4.0,IEX,2.37463,8689.61,12846.2,30873.28,5,1,1,0,False,False,True,0.4160944349236316,3.000405833333333,3.80696,3.7200367261904757,0.5510364756377191,3.850449267016507,4.043719168147694
2026-01-24,5.0,IEX,2.44516,8893.39,13473.1,29988.38,5,1,1,0,False,False,True,0.44927735327841073,3.000405833333333,3.80696,3.7200367261904757,0.5510364756377191,3.850449267016507,4.043719168147694
2026-01-24,1.0,IEX,2.3838000000000004,6290.22,10411.85,29038.13,5,1,1,0,False,False,True,0.35855786844450455,3.000405833333333,3.80696,3.7200367261904757,0.5510364756377191,3.850449267016507,4.043719168147694
2026-01-24,7.0,IEX,3.81297,8354.65,15751.55,15162.08,5,1,1,0,False,True,False,1.0388779105248898,3.000405833333333,3.80696,3.7200367261904757,0.5510364756377191,3.850449267016507,4.043719168147694
2026-01-24,8.0,IEX,5.0327,10483.89,20088.38,12561.6,5,1,1,0,False,True,False,1.5991895924092556,3.000405833333333,3.80696,3.7200367261904757,0.5510364756377191,3.850449267016507,4.043719168147694
2026-01-24,9.0,IEX,4.2188,11062.83,19915.23,16780.28,5,1,1,1,False,True,False,1.1868234611181558,3.000405833333333,3.80696,3.7200367261904757,0.5510364756377191,3.850449267016507,4.043719168147694
2026-01-24,10.0,IEX,3.2254,10706.1,18078.45,18914.88,5,1,1,1,False,True,False,0.9557792589983234,3.000405833333333,3.80696,3.7200367261904757,0.5510364756377191,3.850449267016507,4.043719168147694
2026-01-24,6.0,IEX,2.73646,7328.21,12866.35,23435.93,5,1,1,0,False,True,False,0.5490010421822386,3.000405833333333,3.80696,3.7200367261904757,0.5510364756377191,3.850449267016507,4.043719168147694
2026-01-25,15.0,IEX,1.7601,9218.29,11104.83,43683.85,6,1,1,1,False,False,True,0.25420904973938674,2.406855,3.000405833333333,3.6484217261904766,0.6893533993044089,3.6283578413216597,3.912770034695879
2026-01-25,16.0,IEX,1.94082,8524.77,11282.73,36822.38,6,1,1,1,False,False,True,0.30640958017748726,2.406855,3.000405833333333,3.6484217261904766,0.6893533993044089,3.6283578413216597,3.912770034695879
2026-01-25,17.0,IEX,2.20802,7888.97,11425.68,28127.6,6,1,1,1,False,False,True,0.4062088481042788,2.406855,3.000405833333333,3.6484217261904766,0.6893533993044089,3.6283578413216597,3.912770034695879
2026-01-25,18.0,IEX,2.58723,6925.33,11476.53,20238.15,6,1,1,1,True,False,False,0.5670740652840927,2.406855,3.000405833333333,3.6484217261904766,0.6893533993044089,3.6283578413216597,3.912770034695879
2026-01-25,19.0,IEX,3.86131,8043.75,14637.43,18981.73,6,1,1,1,True,False,False,0.7711325570582173,2.406855,3.000405833333333,3.6484217261904766,0.6893533993044089,3.6283578413216597,3.912770034695879
2026-01-25,21.0,IEX,2.63334,5952.83,10263.43,19824.53,6,1,1,1,True,False,False,0.5177136605419076,2.406855,3.000405833333333,3.6484217261904766,0.6893533993044089,3.6283578413216597,3.912770034695879
2026-01-25,22.0,IEX,2.4875700000000003,5950.85,9496.7,23854.7,6,1,1,1,True,False,False,0.39810603344493706,2.406855,3.000405833333333,3.6484217261904766,0.6893533993044089,3.6283578413216597,3.912770034695879
2026-01-25,23.0,IEX,1.98701,6012.33,8647.05,28507.8,6,1,1,0,False,False,True,0.30332224854133877,2.406855,3.000405833333333,3.6484217261904766,0.6893533993044089,3.6283578413216597,3.912770034695879
2026-01-25,24.0,IEX,1.87518,5877.08,8390.73,32471.18,6,1,1,0,False,False,True,0.25840545361812983,2.406855,3.000405833333333,3.6484217261904766,0.6893533993044089,3.6283578413216597,3.912770034695879
2026-01-25,14.0,IEX,1.68328,9211.58,9938.93,47704.25,6,1,1,1,False,False,True,0.20834474911389556,2.406855,3.000405833333333,3.6484217261904766,0.6893533993044089,3.6283578413216597,3.912770034695879
2026-01-25,20.0,IEX,3.19373,6838.58,12621.65,17436.65,6,1,1,1,True,False,False,0.7238575066174652,2.406855,3.000405833333333,3.6484217261904766,0.6893533993044089,3.6283578413216597,3.912770034695879
2026-01-25,13.0,IEX,1.76835,10252.15,11186.78,44153.1,6,1,1,1,False,False,True,0.2533634104392753,2.406855,3.000405833333333,3.6484217261904766,0.6893533993044089,3.6283578413216597,3.912770034695879
2026-01-25,4.0,IEX,2.25295,9541.28,13098.7,35544.18,6,1,1,0,False,False,True,0.36851884039285226,2.406855,3.000405833333333,3.6484217261904766,0.6893533993044089,3.6283578413216597,3.912770034695879
2026-01-25,11.0,IEX,1.88237,10047.27,12694.93,29209.28,6,1,1,1,False,False,True,0.4346197508344541,2.406855,3.000405833333333,3.6484217261904766,0.6893533993044089,3.6283578413216597,3.912770034695879
2026-01-25,12.0,IEX,1.85045,10524.88,13438.55,37100.98,6,1,1,1,False,False,True,0.3622154993312263,2.406855,3.000405833333333,3.6484217261904766,0.6893533993044089,3.6283578413216597,3.912770034695879
2026-01-25,2.0,IEX,2.1885100000000004,8271.86,11423.5,34883.05,6,1,1,0,False,False,True,0.32747996510411786,2.406855,3.000405833333333,3.6484217261904766,0.6893533993044089,3.6283578413216597,3.912770034695879
2026-01-25,3.0,IEX,2.0911500000000003,8772.67,11727.65,35335.85,6,1,1,0,False,False,True,0.3318909831426466,2.406855,3.000405833333333,3.6484217261904766,0.6893533993044089,3.6283578413216597,3.912770034695879
2026-01-25,5.0,IEX,2.29279,9149.33,13086.45,34528.5,6,1,1,0,False,False,True,0.3790043006852298,2.406855,3.000405833333333,3.6484217261904766,0.6893533993044089,3.6283578413216597,3.912770034695879
2026-01-25,1.0,IEX,2.2205100000000004,7481.84,10912.58,33370.83,6,1,1,0,False,False,True,0.3270095468626313,2.406855,3.000405833333333,3.6484217261904766,0.6893533993044089,3.6283578413216597,3.912770034695879
2026-01-25,7.0,IEX,3.0417,7903.32,14042.88,21160.65,6,1,1,0,False,True,False,0.6636317879348546,2.406855,3.000405833333333,3.6484217261904766,0.6893533993044089,3.6283578413216597,3.912770034695879
2026-01-25,8.0,IEX,3.76202,8983.43,16636.1,19298.6,6,1,1,0,False,True,False,0.8620366239716681,2.406855,3.000405833333333,3.6484217261904766,0.6893533993044089,3.6283578413216597,3.912770034695879
2026-01-25,9.0,IEX,3.28798,8567.3,15797.45,20684.9,6,1,1,1,False,True,False,0.7637189443682498,2.406855,3.000405833333333,3.6484217261904766,0.6893533993044089,3.6283578413216597,3.912770034695879
2026-01-25,10.0,IEX,2.45942,9319.64,13769.23,22631.48,6,1,1,1,False,True,False,0.6084104969677588,2.406855,3.000405833333333,3.6484217261904766,0.6893533993044089,3.6283578413216597,3.912770034695879
2026-01-25,6.0,IEX,2.44873,7899.63,12078.03,27439.55,6,1,1,0,False,True,False,0.4401686614976672,2.406855,3.000405833333333,3.6484217261904766,0.6893533993044089,3.6283578413216597,3.912770034695879
2026-01-26,14.0,IEX,1.51315,8211.12,9029.55,39939.08,0,1,0,1,False,False,True,0.22608307446589074,2.6244691666666666,2.406855,3.4678119642857146,0.7760623498514669,3.4739134298362764,3.809705965253542
2026-01-26,24.0,IEX,1.87907,5803.78,8359.03,29824.9,0,1,0,0,False,False,True,0.2802701768387253,2.6244691666666666,2.406855,3.4678119642857146,0.7760623498514669,3.4739134298362764,3.809705965253542
2026-01-26,23.0,IEX,2.15978,6006.85,8845.25,26736.0,0,1,0,0,False,False,True,0.3308366994573471,2.6244691666666666,2.406855,3.4678119642857146,0.7760623498514669,3.4739134298362764,3.809705965253542
2026-01-26,22.0,IEX,2.5959,5875.53,9046.38,22168.23,0,1,0,1,True,False,False,0.4080785879575958,2.6244691666666666,2.406855,3.4678119642857146,0.7760623498514669,3.4739134298362764,3.809705965253542
2026-01-26,21.0,IEX,2.94541,5902.7,9595.9,19384.33,0,1,0,1,True,False,False,0.4950338750449286,2.6244691666666666,2.406855,3.4678119642857146,0.7760623498514669,3.4739134298362764,3.809705965253542
2026-01-26,20.0,IEX,3.4976100000000003,7448.15,12199.43,17144.6,0,1,0,1,True,False,False,0.7115610742090449,2.6244691666666666,2.406855,3.4678119642857146,0.7760623498514669,3.4739134298362764,3.809705965253542
2026-01-26,19.0,IEX,3.48572,8250.05,13073.08,18049.9,0,1,0,1,True,False,False,0.7242743723099438,2.6244691666666666,2.406855,3.4678119642857146,0.7760623498514669,3.4739134298362764,3.809705965253542
2026-01-26,18.0,IEX,2.59219,7529.68,11506.38,20267.58,0,1,0,1,True,False,False,0.5677234279732837,2.6244691666666666,2.406855,3.4678119642857146,0.7760623498514669,3.4739134298362764,3.809705965253542
2026-01-26,17.0,IEX,2.02018,8206.45,11286.43,25734.33,0,1,0,1,False,False,True,0.43857485295378784,2.6244691666666666,2.406855,3.4678119642857146,0.7760623498514669,3.4739134298362764,3.809705965253542
2026-01-26,15.0,IEX,1.7825,8742.41,10302.65,38028.13,0,1,0,1,False,False,True,0.27092181491150846,2.6244691666666666,2.406855,3.4678119642857146,0.7760623498514669,3.4739134298362764,3.809705965253542
2026-01-26,13.0,IEX,1.7056900000000002,8032.46,8958.85,36404.5,0,1,0,1,False,False,True,0.24609182923921716,2.6244691666666666,2.406855,3.4678119642857146,0.7760623498514669,3.4739134298362764,3.809705965253542
2026-01-26,16.0,IEX,1.90653,8544.36,11097.18,32267.63,0,1,0,1,False,False,True,0.34391060008314506,2.6244691666666666,2.406855,3.4678119642857146,0.7760623498514669,3.4739134298362764,3.809705965253542
2026-01-26,11.0,IEX,2.06268,9638.11,12929.88,24979.0,0,1,0,1,False,False,True,0.5176300090005084,2.6244691666666666,2.406855,3.4678119642857146,0.7760623498514669,3.4739134298362764,3.809705965253542
2026-01-26,2.0,IEX,2.26677,7986.23,11689.18,31918.58,0,1,0,0,False,False,True,0.36621867252045087,2.6244691666666666,2.406855,3.4678119642857146,0.7760623498514669,3.4739134298362764,3.809705965253542
2026-01-26,3.0,IEX,2.2105900000000003,8247.73,11907.08,32543.05,0,1,0,0,False,False,True,0.3658870326026949,2.6244691666666666,2.406855,3.4678119642857146,0.7760623498514669,3.4739134298362764,3.809705965253542
2026-01-26,4.0,IEX,2.22926,8353.03,11610.13,32932.2,0,1,0,0,False,False,True,0.35254644379891215,2.6244691666666666,2.406855,3.4678119642857146,0.7760623498514669,3.4739134298362764,3.809705965253542
2026-01-26,5.0,IEX,2.36225,8277.25,12109.75,30972.28,0,1,0,0,False,False,True,0.39098671444563116,2.6244691666666666,2.406855,3.4678119642857146,0.7760623498514669,3.4739134298362764,3.809705965253542
2026-01-26,6.0,IEX,2.70731,7024.5,12272.05,24423.53,0,1,0,0,False,True,False,0.5024683162088084,2.6244691666666666,2.406855,3.4678119642857146,0.7760623498514669,3.4739134298362764,3.809705965253542
2026-01-26,1.0,IEX,2.3064400000000003,7316.3,11408.03,28569.85,0,1,0,0,False,False,True,0.39930311135714647,2.6244691666666666,2.406855,3.4678119642857146,0.7760623498514669,3.4739134298362764,3.809705965253542
2026-01-26,8.0,IEX,4.88677,9685.75,18136.88,14544.68,0,1,0,0,False,True,False,1.2469769006626636,2.6244691666666666,2.406855,3.4678119642857146,0.7760623498514669,3.4739134298362764,3.809705965253542
2026-01-26,12.0,IEX,1.88034,8889.29,11588.33,30969.48,0,1,0,1,False,False,True,0.3741854883019717,2.6244691666666666,2.406855,3.4678119642857146,0.7760623498514669,3.4739134298362764,3.809705965253542
2026-01-26,9.0,IEX,4.50062,10025.93,18937.3,15906.05,0,1,0,1,False,True,False,1.190572140040694,2.6244691666666666,2.406855,3.4678119642857146,0.7760623498514669,3.4739134298362764,3.809705965253542
2026-01-26,10.0,IEX,3.46707,10111.38,17200.25,18404.78,0,1,0,1,False,True,False,0.9345534144203009,2.6244691666666666,2.406855,3.4678119642857146,0.7760623498514669,3.4739134298362764,3.809705965253542
2026-01-26,7.0,IEX,4.023429999999999,7904.23,15279.5,16257.55,0,1,0,0,False,True,False,0.9398402582554936,2.6244691666666666,2.406855,3.4678119642857146,0.7760623498514669,3.4739134298362764,3.809705965253542
2026-01-27,14.0,IEX,1.77001,10171.32,11432.85,44532.3,1,1,0,1,False,False,True,0.2567316306912664,3.2324104166666667,2.6244691666666666,3.337572023809524,0.7179788109114661,3.4367591201178747,3.763522321366592
2026-01-27,23.0,IEX,2.83019,5946.78,10244.6,25304.0,1,1,0,0,False,False,True,0.4048608913986481,3.2324104166666667,2.6244691666666666,3.337572023809524,0.7179788109114661,3.4367591201178747,3.763522321366592
2026-01-27,22.0,IEX,3.1645,6775.05,10893.83,20826.5,1,1,0,1,True,False,False,0.5230754084829062,3.2324104166666667,2.6244691666666666,3.337572023809524,0.7179788109114661,3.4367591201178747,3.763522321366592
2026-01-27,21.0,IEX,3.60939,7012.29,12767.35,15446.7,1,1,0,1,True,False,False,0.8265422382602483,3.2324104166666667,2.6244691666666666,3.337572023809524,0.7179788109114661,3.4367591201178747,3.763522321366592
2026-01-27,20.0,IEX,5.57523,7519.44,16605.0,11668.73,1,1,0,1,True,False,False,1.4230340393315863,3.2324104166666667,2.6244691666666666,3.337572023809524,0.7179788109114661,3.4367591201178747,3.763522321366592
2026-01-27,19.0,IEX,9.50005,8616.85,19744.53,11525.53,1,1,0,1,True,False,False,1.713112540843577,3.2324104166666667,2.6244691666666666,3.337572023809524,0.7179788109114661,3.4367591201178747,3.763522321366592
2026-01-27,18.0,IEX,4.291810000000001,8553.7,15483.33,16618.83,1,1,0,1,True,False,False,0.9316738898396132,3.2324104166666667,2.6244691666666666,3.337572023809524,0.7179788109114661,3.4367591201178747,3.763522321366592
2026-01-27,17.0,IEX,2.62615,10074.22,15120.65,28406.48,1,1,0,1,False,False,True,0.5322957999258283,3.2324104166666667,2.6244691666666666,3.337572023809524,0.7179788109114661,3.4367591201178747,3.763522321366592
2026-01-27,16.0,IEX,2.18936,11740.31,15071.9,36411.18,1,1,0,1,False,False,True,0.41393604919864274,3.2324104166666667,2.6244691666666666,3.337572023809524,0.7179788109114661,3.4367591201178747,3.763522321366592
2026-01-27,15.0,IEX,1.86012,11268.15,13807.6,42412.83,1,1,0,1,False,False,True,0.3255524329959702,3.2324104166666667,2.6244691666666666,3.337572023809524,0.7179788109114661,3.4367591201178747,3.763522321366592
2026-01-27,13.0,IEX,2.02463,10480.02,12626.23,41547.45,1,1,0,1,False,False,True,0.30389903584843375,3.2324104166666667,2.6244691666666666,3.337572023809524,0.7179788109114661,3.4367591201178747,3.763522321366592
2026-01-27,24.0,IEX,2.50048,6097.38,9826.33,28982.9,1,1,0,0,False,False,True,0.3390388814304162,3.2324104166666667,2.6244691666666666,3.337572023809524,0.7179788109114661,3.4367591201178747,3.763522321366592
2026-01-27,11.0,IEX,2.43031,10259.5,14526.8,28403.98,1,1,0,1,False,False,True,0.5114353690886153,3.2324104166666667,2.6244691666666666,3.337572023809524,0.7179788109114661,3.4367591201178747,3.763522321366592
2026-01-27,1.0,IEX,2.3122,7131.29,10398.88,29865.5,1,1,0,0,False,False,True,0.3481903867846879,3.2324104166666667,2.6244691666666666,3.337572023809524,0.7179788109114661,3.4367591201178747,3.763522321366592
2026-01-27,2.0,IEX,2.10763,7550.11,10738.93,34294.73,1,1,0,0,False,False,True,0.31313644973640653,3.2324104166666667,2.6244691666666666,3.337572023809524,0.7179788109114661,3.4367591201178747,3.763522321366592
2026-01-27,3.0,IEX,2.00522,8177.64,11152.8,34723.7,1,1,0,0,False,False,True,0.3211869701900468,3.2324104166666667,2.6244691666666666,3.337572023809524,0.7179788109114661,3.4367591201178747,3.763522321366592
2026-01-27,4.0,IEX,2.00142,8082.27,11064.28,34310.45,1,1,0,0,False,False,True,0.3224755139257936,3.2324104166666667,2.6244691666666666,3.337572023809524,0.7179788109114661,3.4367591201178747,3.763522321366592
2026-01-27,5.0,IEX,2.20392,8188.4,11766.95,32930.15,1,1,0,0,False,False,True,0.3573305920691735,3.2324104166666667,2.6244691666666666,3.337572023809524,0.7179788109114661,3.4367591201178747,3.763522321366592
2026-01-27,12.0,IEX,2.16816,11029.64,14812.48,36220.1,1,1,0,1,False,False,True,0.40895745721051086,3.2324104166666667,2.6244691666666666,3.337572023809524,0.7179788109114661,3.4367591201178747,3.763522321366592
2026-01-27,7.0,IEX,3.61852,8491.34,16193.38,18604.23,1,1,0,0,False,True,False,0.8704138785263277,3.2324104166666667,2.6244691666666666,3.337572023809524,0.7179788109114661,3.4367591201178747,3.763522321366592
2026-01-27,8.0,IEX,6.65606,11387.31,22102.58,14674.55,1,1,0,0,False,True,False,1.5061845157049558,3.2324104166666667,2.6244691666666666,3.337572023809524,0.7179788109114661,3.4367591201178747,3.763522321366592
2026-01-27,9.0,IEX,4.204689999999999,11338.73,20381.58,18004.43,1,1,0,1,False,True,False,1.1320313938669364,3.2324104166666667,2.6244691666666666,3.337572023809524,0.7179788109114661,3.4367591201178747,3.763522321366592
2026-01-27,10.0,IEX,3.35677,10536.57,17941.03,20693.28,1,1,0,1,False,True,False,0.8669978848848525,3.2324104166666667,2.6244691666666666,3.337572023809524,0.7179788109114661,3.4367591201178747,3.763522321366592
2026-01-27,6.0,IEX,2.5710300000000004,7184.4,12065.68,26490.85,1,1,0,0,False,True,False,0.45546594372945154,3.2324104166666667,2.6244691666666666,3.337572023809524,0.7179788109114661,3.4367591201178747,3.763522321366592
2026-01-28,14.0,IEX,1.82162,9960.63,11477.5,45066.83,2,1,0,1,False,False,True,0.2546773313644032,3.2170116666666666,3.2324104166666667,3.1788775595238095,0.5701626738430741,3.40295181958692,3.719801468990598
2026-01-28,15.0,IEX,2.03682,11736.51,14668.2,42550.43,2,1,0,1,False,False,True,0.34472507085246257,3.2170116666666666,3.2324104166666667,3.1788775595238095,0.5701626738430741,3.40295181958692,3.719801468990598
2026-01-28,16.0,IEX,2.39091,11671.55,15100.68,34919.28,2,1,0,1,False,False,True,0.4324453423918118,3.2170116666666666,3.2324104166666667,3.1788775595238095,0.5701626738430741,3.40295181958692,3.719801468990598
2026-01-28,17.0,IEX,2.59727,10549.88,15144.5,29025.7,2,1,0,1,False,False,True,0.5217617488908927,3.2170116666666666,3.2324104166666667,3.1788775595238095,0.5701626738430741,3.40295181958692,3.719801468990598
2026-01-28,18.0,IEX,3.99743,8659.45,15478.38,16740.88,2,1,0,1,True,False,False,0.9245858037781849,3.2170116666666666,3.2324104166666667,3.1788775595238095,0.5701626738430741,3.40295181958692,3.719801468990598
2026-01-28,20.0,IEX,6.13091,8268.65,17461.85,12326.8,2,1,0,1,True,False,False,1.4165760769895057,3.2170116666666666,3.2324104166666667,3.1788775595238095,0.5701626738430741,3.40295181958692,3.719801468990598
2026-01-28,21.0,IEX,3.69465,7538.7,13154.0,16259.98,2,1,0,1,True,False,False,0.8089800843488245,3.2170116666666666,3.2324104166666667,3.1788775595238095,0.5701626738430741,3.40295181958692,3.719801468990598
2026-01-28,22.0,IEX,3.30685,7037.15,11387.9,20894.53,2,1,0,1,True,False,False,0.5450182413555039,3.2170116666666666,3.2324104166666667,3.1788775595238095,0.5701626738430741,3.40295181958692,3.719801468990598
2026-01-28,23.0,IEX,2.85016,6582.1,10785.8,25602.5,2,1,0,0,False,False,True,0.4212791717913176,3.2170116666666666,3.2324104166666667,3.1788775595238095,0.5701626738430741,3.40295181958692,3.719801468990598
2026-01-28,13.0,IEX,2.12821,10298.45,12469.85,41550.18,2,1,0,1,False,False,True,0.30011542662387614,3.2170116666666666,3.2324104166666667,3.1788775595238095,0.5701626738430741,3.40295181958692,3.719801468990598
2026-01-28,19.0,IEX,9.50013,9220.98,20004.73,12093.85,2,1,0,1,True,False,False,1.654124202256416,3.2170116666666666,3.2324104166666667,3.1788775595238095,0.5701626738430741,3.40295181958692,3.719801468990598
2026-01-28,24.0,IEX,2.56265,6858.71,10407.1,29387.23,2,1,0,0,False,False,True,0.35413681372686817,3.2170116666666666,3.2324104166666667,3.1788775595238095,0.5701626738430741,3.40295181958692,3.719801468990598
2026-01-28,12.0,IEX,2.25564,10492.28,14332.75,35902.5,2,1,0,1,False,False,True,0.39921314660560875,3.2170116666666666,3.2324104166666667,3.1788775595238095,0.5701626738430741,3.40295181958692,3.719801468990598
2026-01-28,10.0,IEX,3.16602,11568.93,18043.05,22828.6,2,1,0,1,False,True,False,0.7903704122064558,3.2170116666666666,3.2324104166666667,3.1788775595238095,0.5701626738430741,3.40295181958692,3.719801468990598
2026-01-28,9.0,IEX,4.07934,12690.05,21662.75,20101.18,2,1,0,1,False,True,False,1.0776854885744591,3.2170116666666666,3.2324104166666667,3.1788775595238095,0.5701626738430741,3.40295181958692,3.719801468990598
2026-01-28,8.0,IEX,5.09594,11989.62,21984.9,16528.05,2,1,0,0,False,True,False,1.330156914257788,3.2170116666666666,3.2324104166666667,3.1788775595238095,0.5701626738430741,3.40295181958692,3.719801468990598
2026-01-28,7.0,IEX,3.49495,8741.23,16275.43,19972.3,2,1,0,0,False,True,False,0.8149001362812995,3.2170116666666666,3.2324104166666667,3.1788775595238095,0.5701626738430741,3.40295181958692,3.719801468990598
2026-01-28,6.0,IEX,2.66218,8085.56,12997.63,27115.78,2,1,0,0,False,True,False,0.4793382301820791,3.2170116666666666,3.2324104166666667,3.1788775595238095,0.5701626738430741,3.40295181958692,3.719801468990598
2026-01-28,5.0,IEX,2.33232,9059.17,12810.8,35196.23,2,1,0,0,False,False,True,0.3639821650318848,3.2170116666666666,3.2324104166666667,3.1788775595238095,0.5701626738430741,3.40295181958692,3.719801468990598
2026-01-28,4.0,IEX,2.19968,9594.56,12508.88,36605.75,2,1,0,0,False,False,True,0.3417189921414753,3.2170116666666666,3.2324104166666667,3.1788775595238095,0.5701626738430741,3.40295181958692,3.719801468990598
2026-01-28,3.0,IEX,2.14682,9406.35,12289.78,36054.85,2,1,0,0,False,False,True,0.34086343436712024,3.2170116666666666,3.2324104166666667,3.1788775595238095,0.5701626738430741,3.40295181958692,3.719801468990598
2026-01-28,2.0,IEX,2.22518,8867.23,11839.75,35306.75,2,1,0,0,False,False,True,0.3353395596209394,3.2170116666666666,3.2324104166666667,3.1788775595238095,0.5701626738430741,3.40295181958692,3.719801468990598
2026-01-28,1.0,IEX,2.24305,7792.96,10887.98,32434.98,2,1,0,0,False,False,True,0.3356863484004965,3.2170116666666666,3.2324104166666667,3.1788775595238095,0.5701626738430741,3.40295181958692,3.719801468990598
2026-01-28,11.0,IEX,2.28955,10821.58,14233.35,27950.83,2,1,0,1,False,False,True,0.5092281694285185,3.2170116666666666,3.2324104166666667,3.1788775595238095,0.5701626738430741,3.40295181958692,3.719801468990598
2026-01-29,15.0,IEX,2.1467,10536.53,15623.05,40543.68,3,1,0,1,False,False,True,0.3853387259406795,3.1505075,3.2170116666666666,3.0626599404761907,0.4546622006001059,3.364114231958163,3.67425795147135
2026-01-29,16.0,IEX,2.53373,10321.0,16625.98,31582.73,3,1,0,1,False,False,True,0.5264263094018705,3.1505075,3.2170116666666666,3.0626599404761907,0.4546622006001059,3.364114231958163,3.67425795147135
2026-01-29,17.0,IEX,2.88644,9930.18,17293.75,25488.63,3,1,0,1,False,False,True,0.6784888004265083,3.1505075,3.2170116666666666,3.0626599404761907,0.4546622006001059,3.364114231958163,3.67425795147135
2026-01-29,18.0,IEX,3.7996,9605.87,17511.45,16372.0,3,1,0,1,True,False,False,1.06959748285512,3.1505075,3.2170116666666666,3.0626599404761907,0.4546622006001059,3.364114231958163,3.67425795147135
2026-01-29,19.0,IEX,7.62429,9911.5,19741.38,12953.78,3,1,0,1,True,False,False,1.5239860476833897,3.1505075,3.2170116666666666,3.0626599404761907,0.4546622006001059,3.364114231958163,3.67425795147135
2026-01-29,24.0,IEX,2.46875,6504.12,10910.48,29887.78,3,1,0,0,False,False,True,0.3650481901415735,3.1505075,3.2170116666666666,3.0626599404761907,0.4546622006001059,3.364114231958163,3.67425795147135
2026-01-29,21.0,IEX,3.5212600000000003,8532.41,14042.88,16216.8,3,1,0,1,True,False,False,0.8659464253946855,3.1505075,3.2170116666666666,3.0626599404761907,0.4546622006001059,3.364114231958163,3.67425795147135
2026-01-29,22.0,IEX,3.26073,7532.13,12065.65,19344.38,3,1,0,1,True,False,False,0.6237289586827135,3.1505075,3.2170116666666666,3.0626599404761907,0.4546622006001059,3.364114231958163,3.67425795147135
2026-01-29,23.0,IEX,2.79439,6367.18,11067.15,25259.53,3,1,0,0,False,False,True,0.4381376057123242,3.1505075,3.2170116666666666,3.0626599404761907,0.4546622006001059,3.364114231958163,3.67425795147135
2026-01-29,14.0,IEX,1.92852,9425.05,12987.88,44695.65,3,1,0,1,False,False,True,0.2905848778817211,3.1505075,3.2170116666666666,3.0626599404761907,0.4546622006001059,3.364114231958163,3.67425795147135
2026-01-29,20.0,IEX,4.42174,8728.25,16666.48,13132.03,3,1,0,1,True,False,False,1.2691472672015314,3.1505075,3.2170116666666666,3.0626599404761907,0.4546622006001059,3.364114231958163,3.67425795147135
2026-01-29,13.0,IEX,2.28277,9189.7,13879.13,39160.63,3,1,0,1,False,False,True,0.35441539108170234,3.1505075,3.2170116666666666,3.0626599404761907,0.4546622006001059,3.364114231958163,3.67425795147135
2026-01-29,4.0,IEX,2.2792600000000003,9308.41,13636.6,36520.05,3,1,0,0,False,False,True,0.3734003649027314,3.1505075,3.2170116666666666,3.0626599404761907,0.4546622006001059,3.364114231958163,3.67425795147135
2026-01-29,11.0,IEX,2.35545,10436.23,16155.0,26397.85,3,1,0,1,False,False,True,0.6119816573652849,3.1505075,3.2170116666666666,3.0626599404761907,0.4546622006001059,3.364114231958163,3.67425795147135
2026-01-29,12.0,IEX,2.3181,10017.83,16016.03,33239.8,3,1,0,1,False,False,True,0.48183292303749325,3.1505075,3.2170116666666666,3.0626599404761907,0.4546622006001059,3.364114231958163,3.67425795147135
2026-01-29,2.0,IEX,2.28519,8422.98,12892.53,34675.05,3,1,0,0,False,False,True,0.3718099900730323,3.1505075,3.2170116666666666,3.0626599404761907,0.4546622006001059,3.364114231958163,3.67425795147135
2026-01-29,3.0,IEX,2.25806,9187.25,13507.13,36217.33,3,1,0,0,False,False,True,0.3729465975617344,3.1505075,3.2170116666666666,3.0626599404761907,0.4546622006001059,3.364114231958163,3.67425795147135
2026-01-29,5.0,IEX,2.42881,9072.45,13999.48,34530.5,3,1,0,0,False,False,True,0.40542361089314555,3.1505075,3.2170116666666666,3.0626599404761907,0.4546622006001059,3.364114231958163,3.67425795147135
2026-01-29,1.0,IEX,2.2509,7443.1,11669.98,30973.5,3,1,0,0,False,False,True,0.37677304780642384,3.1505075,3.2170116666666666,3.0626599404761907,0.4546622006001059,3.364114231958163,3.67425795147135
2026-01-29,7.0,IEX,3.68955,10120.75,18003.83,18996.48,3,1,0,0,False,True,False,0.9477455818405592,3.1505075,3.2170116666666666,3.0626599404761907,0.4546622006001059,3.364114231958163,3.67425795147135
2026-01-29,6.0,IEX,2.70571,8152.78,13892.43,26409.7,3,1,0,0,False,True,False,0.5260351308322188,3.1505075,3.2170116666666666,3.0626599404761907,0.4546622006001059,3.364114231958163,3.67425795147135
2026-01-29,8.0,IEX,5.87409,13441.0,24049.23,16657.1,3,1,0,0,False,True,False,1.4437825303061262,3.1505075,3.2170116666666666,3.0626599404761907,0.4546622006001059,3.364114231958163,3.67425795147135
2026-01-29,9.0,IEX,4.24149,13789.13,24021.6,20164.55,3,1,0,1,False,True,False,1.1912787534602662,3.1505075,3.2170116666666666,3.0626599404761907,0.4546622006001059,3.364114231958163,3.67425795147135
2026-01-29,10.0,IEX,3.25665,12248.4,20727.95,22344.2,3,1,0,1,False,True,False,0.927665792049988,3.1505075,3.2170116666666666,3.0626599404761907,0.4546622006001059,3.364114231958163,3.67425795147135
2026-01-30,24.0,IEX,2.3173000000000004,6526.02,10008.4,28615.38,4,1,0,0,False,False,True,0.34975597026852134,3.0531804166666667,3.1505075,2.954977142857143,0.31760680313091455,3.316278260374856,3.6245717486869755
2026-01-30,23.0,IEX,2.77312,6432.5,10729.98,23659.05,4,1,0,0,False,False,True,0.4535253949530833,3.0531804166666667,3.1505075,2.954977142857143,0.31760680313091455,3.316278260374856,3.6245717486869755
2026-01-30,22.0,IEX,3.0807800000000003,7026.98,11068.23,19144.08,4,1,0,1,True,False,False,0.5781541862663788,3.0531804166666667,3.1505075,2.954977142857143,0.31760680313091455,3.316278260374856,3.6245717486869755
2026-01-30,21.0,IEX,3.47997,7824.94,13145.35,15870.9,4,1,0,1,True,False,False,0.8282674575302803,3.0531804166666667,3.1505075,2.954977142857143,0.31760680313091455,3.316278260374856,3.6245717486869755
2026-01-30,20.0,IEX,4.24591,8234.94,15505.9,13471.8,4,1,0,1,True,False,False,1.1509894734549284,3.0531804166666667,3.1505075,2.954977142857143,0.31760680313091455,3.316278260374856,3.6245717486869755
2026-01-30,19.0,IEX,6.67113,9322.93,18501.4,13077.38,4,1,0,1,True,False,False,1.414763506593245,3.0531804166666667,3.1505075,2.954977142857143,0.31760680313091455,3.316278260374856,3.6245717486869755
2026-01-30,18.0,IEX,3.62497,8658.4,15807.18,16297.03,4,1,0,1,True,False,False,0.9699423754083153,3.0531804166666667,3.1505075,2.954977142857143,0.31760680313091455,3.316278260374856,3.6245717486869755
2026-01-30,17.0,IEX,2.82699,8646.94,15318.83,24459.33,4,1,0,1,False,False,True,0.6262980218075074,3.0531804166666667,3.1505075,2.954977142857143,0.31760680313091455,3.316278260374856,3.6245717486869755
2026-01-30,15.0,IEX,2.02421,10091.7,13682.23,40759.48,4,1,0,1,False,False,True,0.335682152879359,3.0531804166666667,3.1505075,2.954977142857143,0.31760680313091455,3.316278260374856,3.6245717486869755
2026-01-30,14.0,IEX,1.8804,10416.82,12490.53,45120.8,4,1,0,1,False,False,True,0.2768242140483271,3.0531804166666667,3.1505075,2.954977142857143,0.31760680313091455,3.316278260374856,3.6245717486869755
2026-01-30,13.0,IEX,2.25152,10464.87,14087.45,39532.45,4,1,0,1,False,False,True,0.35635155413935854,3.0531804166666667,3.1505075,2.954977142857143,0.31760680313091455,3.316278260374856,3.6245717486869755
2026-01-30,16.0,IEX,2.49062,9815.33,15093.25,32773.98,4,1,0,1,False,False,True,0.4605253922591868,3.0531804166666667,3.1505075,2.954977142857143,0.31760680313091455,3.316278260374856,3.6245717486869755
2026-01-30,11.0,IEX,2.50803,9189.7,15029.4,23877.4,4,1,0,1,False,False,True,0.6294403910687761,3.0531804166666667,3.1505075,2.954977142857143,0.31760680313091455,3.316278260374856,3.6245717486869755
2026-01-30,12.0,IEX,2.40319,10362.95,16010.68,33171.83,4,1,0,1,False,False,True,0.48265893064004634,3.0531804166666667,3.1505075,2.954977142857143,0.31760680313091455,3.316278260374856,3.6245717486869755
2026-01-30,2.0,IEX,2.35557,7997.82,12348.03,32706.38,4,1,0,0,False,False,True,0.37754193512778184,3.0531804166666667,3.1505075,2.954977142857143,0.31760680313091455,3.316278260374856,3.6245717486869755
2026-01-30,3.0,IEX,2.30661,8619.75,12860.53,34067.33,4,1,0,0,False,False,True,0.37750331464852,3.0531804166666667,3.1505075,2.954977142857143,0.31760680313091455,3.316278260374856,3.6245717486869755
2026-01-30,4.0,IEX,2.39405,9033.84,13469.98,34741.2,4,1,0,0,False,False,True,0.3877235097268593,3.0531804166666667,3.1505075,2.954977142857143,0.31760680313091455,3.316278260374856,3.6245717486869755
2026-01-30,5.0,IEX,2.39357,8890.61,13435.35,33161.5,4,1,0,0,False,False,True,0.4051490431961313,3.0531804166666667,3.1505075,2.954977142857143,0.31760680313091455,3.316278260374856,3.6245717486869755
2026-01-30,1.0,IEX,2.3527600000000004,7228.81,11505.23,30601.13,4,1,0,0,False,False,True,0.37597402436577537,3.0531804166666667,3.1505075,2.954977142857143,0.31760680313091455,3.316278260374856,3.6245717486869755
2026-01-30,7.0,IEX,3.4840500000000003,8525.13,16338.45,17713.48,4,1,0,0,False,True,False,0.9223738074492569,3.0531804166666667,3.1505075,2.954977142857143,0.31760680313091455,3.316278260374856,3.6245717486869755
2026-01-30,8.0,IEX,5.59285,11060.03,22168.13,15212.25,4,1,0,0,False,True,False,1.4572551716825224,3.0531804166666667,3.1505075,2.954977142857143,0.31760680313091455,3.316278260374856,3.6245717486869755
2026-01-30,9.0,IEX,4.07556,10848.05,21052.0,17897.1,4,1,0,1,False,True,False,1.1762799553132743,3.0531804166666667,3.1505075,2.954977142857143,0.31760680313091455,3.316278260374856,3.6245717486869755
2026-01-30,10.0,IEX,3.16677,10734.02,18246.23,20240.63,4,1,0,1,False,True,False,0.9014655171793241,3.0531804166666667,3.1505075,2.954977142857143,0.31760680313091455,3.316278260374856,3.6245717486869755
2026-01-30,6.0,IEX,2.5764,7968.1,13041.48,24609.58,4,1,0,0,False,True,False,0.5299350901031488,3.0531804166666667,3.1505075,2.954977142857143,0.31760680313091455,3.316278260374856,3.6245717486869755
2026-01-31,15.0,IEX,1.61432,9860.5,12391.18,47720.95,5,1,1,1,False,False,True,0.25965912240647787,2.821202083333333,3.0531804166666667,2.9293766071428573,0.3205434908090852,3.24011269467616,3.5603021754586845
2026-01-31,16.0,IEX,2.1965700000000004,10840.51,14075.55,38553.55,5,1,1,1,False,False,True,0.36509089296184366,2.821202083333333,3.0531804166666667,2.9293766071428573,0.3205434908090852,3.24011269467616,3.5603021754586845
2026-01-31,17.0,IEX,2.51086,9648.82,14126.18,28605.8,5,1,1,1,False,False,True,0.49382223168244826,2.821202083333333,3.0531804166666667,2.9293766071428573,0.3205434908090852,3.24011269467616,3.5603021754586845
2026-01-31,18.0,IEX,3.55284,9193.34,15540.15,17461.4,5,1,1,1,True,False,False,0.8899715939787349,2.821202083333333,3.0531804166666667,2.9293766071428573,0.3205434908090852,3.24011269467616,3.5603021754586845
2026-01-31,19.0,IEX,5.02137,9941.86,17499.93,14370.5,5,1,1,1,True,False,False,1.2177676481557582,2.821202083333333,3.0531804166666667,2.9293766071428573,0.3205434908090852,3.24011269467616,3.5603021754586845
2026-01-31,21.0,IEX,3.35167,7527.76,12171.2,15112.93,5,1,1,1,True,False,False,0.8053501201915512,2.821202083333333,3.0531804166666667,2.9293766071428573,0.3205434908090852,3.24011269467616,3.5603021754586845
2026-01-31,22.0,IEX,3.06057,7495.98,11283.33,19155.88,5,1,1,1,True,False,False,0.5890269720894957,2.821202083333333,3.0531804166666667,2.9293766071428573,0.3205434908090852,3.24011269467616,3.5603021754586845
2026-01-31,23.0,IEX,2.72208,6299.52,10858.05,23842.98,5,1,1,0,False,False,True,0.45539819248458113,2.821202083333333,3.0531804166666667,2.9293766071428573,0.3205434908090852,3.24011269467616,3.5603021754586845
2026-01-31,24.0,IEX,2.30329,6187.93,10030.53,28178.33,5,1,1,0,False,False,True,0.35596609154766584,2.821202083333333,3.0531804166666667,2.9293766071428573,0.3205434908090852,3.24011269467616,3.5603021754586845
2026-01-31,14.0,IEX,1.54318,9417.48,10852.38,50093.7,5,1,1,1,False,False,True,0.21664161357283618,2.821202083333333,3.0531804166666667,2.9293766071428573,0.3205434908090852,3.24011269467616,3.5603021754586845
2026-01-31,20.0,IEX,4.04093,8232.29,14757.33,14449.85,5,1,1,1,True,False,False,1.021279112917242,2.821202083333333,3.0531804166666667,2.9293766071428573,0.3205434908090852,3.24011269467616,3.5603021754586845
2026-01-31,13.0,IEX,1.9723,10526.93,12486.93,44505.98,5,1,1,1,False,False,True,0.2805674652528564,2.821202083333333,3.0531804166666667,2.9293766071428573,0.3205434908090852,3.24011269467616,3.5603021754586845
2026-01-31,4.0,IEX,2.29822,8996.83,13124.23,36461.65,5,1,1,0,False,False,True,0.35994613508715423,2.821202083333333,3.0531804166666667,2.9293766071428573,0.3205434908090852,3.24011269467616,3.5603021754586845
2026-01-31,11.0,IEX,2.15515,11267.66,14553.43,27473.2,5,1,1,1,False,False,True,0.529731883970658,2.821202083333333,3.0531804166666667,2.9293766071428573,0.3205434908090852,3.24011269467616,3.5603021754586845
2026-01-31,10.0,IEX,3.08797,12559.54,19354.58,23274.15,5,1,1,1,False,True,False,0.8315912715043982,2.821202083333333,3.0531804166666667,2.9293766071428573,0.3205434908090852,3.24011269467616,3.5603021754586845
2026-01-31,9.0,IEX,3.95429,12185.28,21370.43,19600.1,5,1,1,1,False,True,False,1.0903224977983161,2.821202083333333,3.0531804166666667,2.9293766071428573,0.3205434908090852,3.24011269467616,3.5603021754586845
2026-01-31,8.0,IEX,4.87988,11639.3,21219.98,16187.03,5,1,1,0,False,True,False,1.310924856931182,2.821202083333333,3.0531804166666667,2.9293766071428573,0.3205434908090852,3.24011269467616,3.5603021754586845
2026-01-31,7.0,IEX,3.39815,8341.61,15976.85,18598.63,5,1,1,0,False,True,False,0.859033702558181,2.821202083333333,3.0531804166666667,2.9293766071428573,0.3205434908090852,3.24011269467616,3.5603021754586845
2026-01-31,6.0,IEX,2.58815,7720.55,12736.23,25182.25,5,1,1,0,False,True,False,0.5057621934077526,2.821202083333333,3.0531804166666667,2.9293766071428573,0.3205434908090852,3.24011269467616,3.5603021754586845
2026-01-31,5.0,IEX,2.38507,8853.55,13176.1,34978.4,5,1,1,0,False,False,True,0.3766924729614011,2.821202083333333,3.0531804166666667,2.9293766071428573,0.3205434908090852,3.24011269467616,3.5603021754586845
2026-01-31,3.0,IEX,2.25344,8581.28,12520.05,36077.48,5,1,1,0,False,False,True,0.347032275994046,2.821202083333333,3.0531804166666667,2.9293766071428573,0.3205434908090852,3.24011269467616,3.5603021754586845
2026-01-31,2.0,IEX,2.34469,7839.98,12001.3,35083.33,5,1,1,0,False,False,True,0.34207984238038974,2.821202083333333,3.0531804166666667,2.9293766071428573,0.3205434908090852,3.24011269467616,3.5603021754586845
2026-01-31,1.0,IEX,2.40086,7225.75,11303.3,31588.9,5,1,1,0,False,False,True,0.3578250586890252,2.821202083333333,3.0531804166666667,2.9293766071428573,0.3205434908090852,3.24011269467616,3.5603021754586845
2026-01-31,12.0,IEX,2.073,11414.75,14316.0,37354.38,5,1,1,1,False,False,True,0.3832482294222931,2.821202083333333,3.0531804166666667,2.9293766071428573,0.3205434908090852,3.24011269467616,3.5603021754586845
2026-02-01,15.0,IEX,1.67288,9568.02,11953.75,47411.4,6,2,1,1,False,False,True,0.2521281800891498,2.66808125,2.821202083333333,2.966694642857143,0.2588393195938025,3.152107857033674,3.4889245014219896
2026-02-01,16.0,IEX,1.73296,9943.53,12241.38,39867.38,6,2,1,1,False,False,True,0.30705253259505577,2.66808125,2.821202083333333,2.966694642857143,0.2588393195938025,3.152107857033674,3.4889245014219896
2026-02-01,17.0,IEX,1.96908,8764.07,11614.93,30272.03,6,2,1,1,False,False,True,0.38368520367359404,2.66808125,2.821202083333333,2.966694642857143,0.2588393195938025,3.152107857033674,3.4889245014219896
2026-02-01,18.0,IEX,2.85791,8403.18,12522.63,20556.48,6,2,1,1,True,False,False,0.6091816300216858,2.66808125,2.821202083333333,2.966694642857143,0.2588393195938025,3.152107857033674,3.4889245014219896
2026-02-01,19.0,IEX,3.9196,9401.48,14369.28,17173.78,6,2,1,1,True,False,False,0.8366987344447765,2.66808125,2.821202083333333,2.966694642857143,0.2588393195938025,3.152107857033674,3.4889245014219896
2026-02-01,23.0,IEX,2.77847,7139.23,11405.9,27456.85,6,2,1,0,False,False,True,0.4154118187572821,2.66808125,2.821202083333333,2.966694642857143,0.2588393195938025,3.152107857033674,3.4889245014219896
2026-02-01,24.0,IEX,2.34918,6313.56,10376.63,31729.68,6,2,1,0,False,False,True,0.3270322926903037,2.66808125,2.821202083333333,2.966694642857143,0.2588393195938025,3.152107857033674,3.4889245014219896
2026-02-01,21.0,IEX,3.36239,8382.15,12747.33,17226.73,6,2,1,1,True,False,False,0.7399738657656015,2.66808125,2.821202083333333,2.966694642857143,0.2588393195938025,3.152107857033674,3.4889245014219896
2026-02-01,22.0,IEX,3.01533,7501.89,11362.93,20831.15,6,2,1,1,True,False,False,0.5454778058122197,2.66808125,2.821202083333333,2.966694642857143,0.2588393195938025,3.152107857033674,3.4889245014219896
2026-02-01,14.0,IEX,1.2191500000000002,8892.96,10166.18,49871.18,6,2,1,1,False,False,True,0.20384879599723751,2.66808125,2.821202083333333,2.966694642857143,0.2588393195938025,3.152107857033674,3.4889245014219896
2026-02-01,20.0,IEX,3.71071,8515.33,13615.88,15584.85,6,2,1,1,True,False,False,0.8736612794645688,2.66808125,2.821202083333333,2.966694642857143,0.2588393195938025,3.152107857033674,3.4889245014219896
2026-02-01,13.0,IEX,1.79779,9492.72,11533.15,44448.98,6,2,1,1,False,False,True,0.2594693960897484,2.66808125,2.821202083333333,2.966694642857143,0.2588393195938025,3.152107857033674,3.4889245014219896
2026-02-01,4.0,IEX,2.36409,8741.34,13547.48,36926.5,6,2,1,0,False,False,True,0.3668769040209938,2.66808125,2.821202083333333,2.966694642857143,0.2588393195938025,3.152107857033674,3.4889245014219896
2026-02-01,11.0,IEX,2.3475300000000003,11951.19,16679.88,28261.95,6,2,1,1,False,False,True,0.5901885748894933,2.66808125,2.821202083333333,2.966694642857143,0.2588393195938025,3.152107857033674,3.4889245014219896
2026-02-01,12.0,IEX,1.87556,10622.35,13975.85,36981.75,6,2,1,1,False,False,True,0.37791207815262606,2.66808125,2.821202083333333,2.966694642857143,0.2588393195938025,3.152107857033674,3.4889245014219896
2026-02-01,2.0,IEX,2.3949000000000003,7537.35,12425.08,36954.2,6,2,1,0,False,False,True,0.3362291700709989,2.66808125,2.821202083333333,2.966694642857143,0.2588393195938025,3.152107857033674,3.4889245014219896
2026-02-01,3.0,IEX,2.36168,8007.18,12833.05,36872.2,6,2,1,0,False,False,True,0.34804134270587556,2.66808125,2.821202083333333,2.966694642857143,0.2588393195938025,3.152107857033674,3.4889245014219896
2026-02-01,5.0,IEX,2.3762800000000004,7962.05,12811.3,35377.05,6,2,1,0,False,False,True,0.3621359043893891,2.66808125,2.821202083333333,2.966694642857143,0.2588393195938025,3.152107857033674,3.4889245014219896
2026-02-01,1.0,IEX,2.45392,7238.93,12131.73,33413.1,6,2,1,0,False,False,True,0.36308304217115944,2.66808125,2.821202083333333,2.966694642857143,0.2588393195938025,3.152107857033674,3.4889245014219896
2026-02-01,7.0,IEX,3.20026,7485.47,14478.2,16488.63,6,2,1,0,False,True,False,0.8780717373862645,2.66808125,2.821202083333333,2.966694642857143,0.2588393195938025,3.152107857033674,3.4889245014219896
2026-02-01,8.0,IEX,4.51443,10639.28,19032.4,15066.23,6,2,1,0,False,True,False,1.2632490004047139,2.66808125,2.821202083333333,2.966694642857143,0.2588393195938025,3.152107857033674,3.4889245014219896
2026-02-01,9.0,IEX,3.89309,11486.34,19914.23,18018.0,6,2,1,1,False,True,False,1.105240869627461,2.66808125,2.821202083333333,2.966694642857143,0.2588393195938025,3.152107857033674,3.4889245014219896
2026-02-01,6.0,IEX,2.8328200000000003,7556.6,13522.28,25080.28,6,2,1,0,False,True,False,0.5391598496750596,2.66808125,2.821202083333333,2.966694642857143,0.2588393195938025,3.152107857033674,3.4889245014219896
2026-02-01,10.0,IEX,3.03394,12639.83,19288.48,21963.58,6,2,1,1,False,True,False,0.8782029155182338,2.66808125,2.821202083333333,2.966694642857143,0.2588393195938025,3.152107857033674,3.4889245014219896
2026-02-02,24.0,IEX,2.8251,6919.82,12603.95,28506.48,0,2,0,0,False,False,True,0.44214333006314943,3.1829679166666662,2.66808125,3.0464801785714286,0.2187397581041153,3.1568555585156726,3.464447974641564
2026-02-02,23.0,IEX,3.12383,8039.03,13207.38,23893.6,0,2,0,0,False,False,True,0.5527580605045879,3.1829679166666662,2.66808125,3.0464801785714286,0.2187397581041153,3.1568555585156726,3.464447974641564
2026-02-02,22.0,IEX,3.54398,8904.85,14192.85,17956.7,0,2,0,1,True,False,False,0.7903930005009868,3.1829679166666662,2.66808125,3.0464801785714286,0.2187397581041153,3.1568555585156726,3.464447974641564
2026-02-02,21.0,IEX,3.84087,8688.28,14991.18,14142.7,0,2,0,1,True,False,False,1.0599942012062802,3.1829679166666662,2.66808125,3.0464801785714286,0.2187397581041153,3.1568555585156726,3.464447974641564
2026-02-02,20.0,IEX,4.84544,9064.62,17059.6,13010.78,0,2,0,1,True,False,False,1.3111896432718178,3.1829679166666662,2.66808125,3.0464801785714286,0.2187397581041153,3.1568555585156726,3.464447974641564
2026-02-02,19.0,IEX,5.59145,10240.0,18059.65,13614.55,0,2,0,1,True,False,False,1.3264962842499415,3.1829679166666662,2.66808125,3.0464801785714286,0.2187397581041153,3.1568555585156726,3.464447974641564
2026-02-02,18.0,IEX,3.5077,9467.61,15629.1,17775.0,0,2,0,1,True,False,False,0.8792742611087065,3.1829679166666662,2.66808125,3.0464801785714286,0.2187397581041153,3.1568555585156726,3.464447974641564
2026-02-02,17.0,IEX,2.53331,9918.71,15969.0,26382.73,0,2,0,1,False,False,True,0.6052823189240528,3.1829679166666662,2.66808125,3.0464801785714286,0.2187397581041153,3.1568555585156726,3.464447974641564
2026-02-02,15.0,IEX,1.9431,9766.5,13685.08,40928.35,0,2,0,1,False,False,True,0.334366765253335,3.1829679166666662,2.66808125,3.0464801785714286,0.2187397581041153,3.1568555585156726,3.464447974641564
2026-02-02,14.0,IEX,1.99153,8956.39,11796.7,44122.58,0,2,0,1,False,False,True,0.2673619719727718,3.1829679166666662,2.66808125,3.0464801785714286,0.2187397581041153,3.1568555585156726,3.464447974641564
2026-02-02,12.0,IEX,2.39774,9462.6,15808.75,30785.93,0,2,0,1,False,False,True,0.5135056824615967,3.1829679166666662,2.66808125,3.0464801785714286,0.2187397581041153,3.1568555585156726,3.464447974641564
2026-02-02,16.0,IEX,2.22018,10867.05,15737.2,34316.88,0,2,0,1,False,False,True,0.45858481293795217,3.1829679166666662,2.66808125,3.0464801785714286,0.2187397581041153,3.1568555585156726,3.464447974641564
2026-02-02,10.0,IEX,3.76769,13324.34,22658.5,20611.25,0,2,0,1,False,True,False,1.0993268234098723,3.1829679166666662,2.66808125,3.0464801785714286,0.2187397581041153,3.1568555585156726,3.464447974641564
2026-02-02,11.0,IEX,2.79858,10546.77,18301.23,24084.25,0,2,0,1,False,False,True,0.7598837411337768,3.1829679166666662,2.66808125,3.0464801785714286,0.2187397581041153,3.1568555585156726,3.464447974641564
2026-02-02,1.0,IEX,2.57219,7387.12,13190.58,32032.88,0,2,0,0,False,False,True,0.41178251833373003,3.1829679166666662,2.66808125,3.0464801785714286,0.2187397581041153,3.1568555585156726,3.464447974641564
2026-02-02,2.0,IEX,2.45721,8320.93,13559.38,35615.03,0,2,0,0,False,False,True,0.3807207236998759,3.1829679166666662,2.66808125,3.0464801785714286,0.2187397581041153,3.1568555585156726,3.464447974641564
2026-02-02,3.0,IEX,2.45066,9613.43,14601.33,35945.3,0,2,0,0,False,False,True,0.40620971297882896,3.1829679166666662,2.66808125,3.0464801785714286,0.2187397581041153,3.1568555585156726,3.464447974641564
2026-02-02,4.0,IEX,2.45052,9890.39,14895.38,36285.2,0,2,0,0,False,False,True,0.41050841654159037,3.1829679166666662,2.66808125,3.0464801785714286,0.2187397581041153,3.1568555585156726,3.464447974641564
2026-02-02,13.0,IEX,2.29816,9034.08,13813.3,38055.73,0,2,0,1,False,False,True,0.3629755623232097,3.1829679166666662,2.66808125,3.0464801785714286,0.2187397581041153,3.1568555585156726,3.464447974641564
2026-02-02,6.0,IEX,2.98964,7999.99,14427.08,24904.65,0,2,0,0,False,True,False,0.5792926218279346,3.1829679166666662,2.66808125,3.0464801785714286,0.2187397581041153,3.1568555585156726,3.464447974641564
2026-02-02,7.0,IEX,3.61685,8055.5,15967.4,16296.55,0,2,0,0,False,True,False,0.9798024729284405,3.1829679166666662,2.66808125,3.0464801785714286,0.2187397581041153,3.1568555585156726,3.464447974641564
2026-02-02,8.0,IEX,5.5809,11627.21,22778.63,15169.53,0,2,0,0,False,True,False,1.501604201645269,3.1829679166666662,2.66808125,3.0464801785714286,0.2187397581041153,3.1568555585156726,3.464447974641564
2026-02-02,9.0,IEX,4.59136,12909.33,23929.4,17531.88,0,2,0,1,False,True,False,1.3649078128729448,3.1829679166666662,2.66808125,3.0464801785714286,0.2187397581041153,3.1568555585156726,3.464447974641564
2026-02-02,5.0,IEX,2.45324,8729.43,13950.58,34898.45,0,2,0,0,False,False,True,0.3997478396892275,3.1829679166666662,2.66808125,3.0464801785714286,0.2187397581041153,3.1568555585156726,3.464447974641564
2026-02-03,14.0,IEX,1.86312,9964.82,13178.5,45910.73,1,2,0,1,False,False,True,0.28704618717954467,3.0926408333333337,3.1829679166666662,3.026513095238095,0.2048790099647002,3.1469763700260818,3.434703403336906
2026-02-03,15.0,IEX,1.92173,10249.05,14983.1,42201.35,1,2,0,1,False,False,True,0.3550384050853732,3.0926408333333337,3.1829679166666662,3.026513095238095,0.2048790099647002,3.1469763700260818,3.434703403336906
2026-02-03,16.0,IEX,2.29509,10598.74,16372.43,35124.08,1,2,0,1,False,False,True,0.4661312124143518,3.0926408333333337,3.1829679166666662,3.026513095238095,0.2048790099647002,3.1469763700260818,3.434703403336906
2026-02-03,17.0,IEX,2.56539,9740.55,15893.55,26996.63,1,2,0,1,False,False,True,0.5887234811942366,3.0926408333333337,3.1829679166666662,3.026513095238095,0.2048790099647002,3.1469763700260818,3.434703403336906
2026-02-03,18.0,IEX,3.6,9436.87,15543.85,17559.1,1,2,0,1,True,False,False,0.8852304498036743,3.0926408333333337,3.1829679166666662,3.026513095238095,0.2048790099647002,3.1469763700260818,3.434703403336906
2026-02-03,20.0,IEX,4.65601,8930.45,16410.6,12901.83,1,2,0,1,True,False,False,1.2719590931891374,3.0926408333333337,3.1829679166666662,3.026513095238095,0.2048790099647002,3.1469763700260818,3.434703403336906
2026-02-03,21.0,IEX,3.86587,8584.15,14391.88,14781.58,1,2,0,1,True,False,False,0.9736361059009685,3.0926408333333337,3.1829679166666662,3.026513095238095,0.2048790099647002,3.1469763700260818,3.434703403336906
2026-02-03,22.0,IEX,3.34267,8235.24,12943.03,18775.5,1,2,0,1,True,False,False,0.6893574068923025,3.0926408333333337,3.1829679166666662,3.026513095238095,0.2048790099647002,3.1469763700260818,3.434703403336906
2026-02-03,23.0,IEX,2.97757,7625.35,12581.7,24870.65,1,2,0,0,False,False,True,0.5058854511217498,3.0926408333333337,3.1829679166666662,3.026513095238095,0.2048790099647002,3.1469763700260818,3.434703403336906
2026-02-03,24.0,IEX,2.61196,6912.83,12021.4,29899.33,1,2,0,0,False,False,True,0.4020625209989446,3.0926408333333337,3.1829679166666662,3.026513095238095,0.2048790099647002,3.1469763700260818,3.434703403336906
2026-02-03,19.0,IEX,5.31243,10002.87,17772.48,13323.35,1,2,0,1,True,False,False,1.3339347826680716,3.0926408333333337,3.1829679166666662,3.026513095238095,0.2048790099647002,3.1469763700260818,3.434703403336906
2026-02-03,13.0,IEX,2.18277,9994.58,15208.85,39619.03,1,2,0,1,False,False,True,0.3838773941755067,3.0926408333333337,3.1829679166666662,3.026513095238095,0.2048790099647002,3.1469763700260818,3.434703403336906
2026-02-03,12.0,IEX,2.38299,10285.85,17102.58,31469.4,1,2,0,1,False,False,True,0.5434669868051292,3.0926408333333337,3.1829679166666662,3.026513095238095,0.2048790099647002,3.1469763700260818,3.434703403336906
2026-02-03,10.0,IEX,3.52195,12175.71,21847.23,21466.35,1,2,0,1,False,True,False,1.0177431184073011,3.0926408333333337,3.1829679166666662,3.026513095238095,0.2048790099647002,3.1469763700260818,3.434703403336906
2026-02-03,9.0,IEX,4.3729,11854.17,21805.2,17000.65,1,2,0,1,False,True,False,1.2826097818126896,3.0926408333333337,3.1829679166666662,3.026513095238095,0.2048790099647002,3.1469763700260818,3.434703403336906
2026-02-03,8.0,IEX,5.732399999999999,11171.17,21310.3,15325.95,1,2,0,0,False,True,False,1.390471715364808,3.0926408333333337,3.1829679166666662,3.026513095238095,0.2048790099647002,3.1469763700260818,3.434703403336906
2026-02-03,7.0,IEX,3.4555700000000003,7887.16,14895.25,16703.88,1,2,0,0,False,True,False,0.8917239582110719,3.0926408333333337,3.1829679166666662,3.026513095238095,0.2048790099647002,3.1469763700260818,3.434703403336906
2026-02-03,6.0,IEX,2.77094,7187.55,12790.5,25827.15,1,2,0,0,False,True,False,0.49523466565407537,3.0926408333333337,3.1829679166666662,3.026513095238095,0.2048790099647002,3.1469763700260818,3.434703403336906
2026-02-03,5.0,IEX,2.38497,8024.21,12565.35,34648.43,1,2,0,0,False,False,True,0.3626527954188248,3.0926408333333337,3.1829679166666662,3.026513095238095,0.2048790099647002,3.1469763700260818,3.434703403336906
2026-02-03,4.0,IEX,2.4503000000000004,9337.55,14085.1,36447.45,1,2,0,0,False,False,True,0.386449532028592,3.0926408333333337,3.1829679166666662,3.026513095238095,0.2048790099647002,3.1469763700260818,3.434703403336906
2026-02-03,3.0,IEX,2.43014,8963.7,13577.38,36092.38,1,2,0,0,False,False,True,0.3761841141049207,3.0926408333333337,3.1829679166666662,3.026513095238095,0.2048790099647002,3.1469763700260818,3.434703403336906
2026-02-03,2.0,IEX,2.46287,8215.83,13219.9,35858.85,1,2,0,0,False,False,True,0.3686649180415253,3.0926408333333337,3.1829679166666662,3.026513095238095,0.2048790099647002,3.1469763700260818,3.434703403336906
2026-02-03,1.0,IEX,2.4730100000000004,7407.33,12543.48,32843.9,1,2,0,0,False,False,True,0.3819120139867944,3.0926408333333337,3.1829679166666662,3.026513095238095,0.2048790099647002,3.1469763700260818,3.434703403336906
2026-02-03,11.0,IEX,2.59073,10302.57,18282.83,25676.28,1,2,0,1,False,False,True,0.7120513560718098,3.0926408333333337,3.1829679166666662,3.026513095238095,0.2048790099647002,3.1469763700260818,3.434703403336906
2026-02-04,15.0,IEX,2.32417,11060.46,16251.45,40940.98,2,2,0,1,False,False,True,0.39694824100523524,3.45474375,3.0926408333333337,3.060474821428571,0.2552353320582533,3.194325197714377,3.4363066310699537
2026-02-04,16.0,IEX,2.60575,10697.66,17512.15,32911.33,2,2,0,1,False,False,True,0.5321009510912804,3.45474375,3.0926408333333337,3.060474821428571,0.2552353320582533,3.194325197714377,3.4363066310699537
2026-02-04,17.0,IEX,2.8982,9654.35,16578.75,24288.65,2,2,0,1,False,False,True,0.6825719005862524,3.45474375,3.0926408333333337,3.060474821428571,0.2552353320582533,3.194325197714377,3.4363066310699537
2026-02-04,18.0,IEX,3.95603,9383.11,17216.83,15817.05,2,2,0,1,True,False,False,1.0884981705890175,3.45474375,3.0926408333333337,3.060474821428571,0.2552353320582533,3.194325197714377,3.4363066310699537
2026-02-04,19.0,IEX,6.55375,9362.27,20408.05,12300.65,2,2,0,1,True,False,False,1.65910337936686,3.45474375,3.0926408333333337,3.060474821428571,0.2552353320582533,3.194325197714377,3.4363066310699537
2026-02-04,24.0,IEX,2.81612,7142.39,13358.63,28383.78,2,2,0,0,False,False,True,0.47064309247371455,3.45474375,3.0926408333333337,3.060474821428571,0.2552353320582533,3.194325197714377,3.4363066310699537
2026-02-04,21.0,IEX,4.26563,7939.63,16077.2,13678.65,2,2,0,1,True,False,False,1.175349905747022,3.45474375,3.0926408333333337,3.060474821428571,0.2552353320582533,3.194325197714377,3.4363066310699537
2026-02-04,22.0,IEX,3.59128,8032.95,14505.63,18615.05,2,2,0,1,True,False,False,0.7792420644697479,3.45474375,3.0926408333333337,3.060474821428571,0.2552353320582533,3.194325197714377,3.4363066310699537
2026-02-04,23.0,IEX,3.23775,8275.27,14334.6,24206.78,2,2,0,0,False,False,True,0.5921729364284829,3.45474375,3.0926408333333337,3.060474821428571,0.2552353320582533,3.194325197714377,3.4363066310699537
2026-02-04,14.0,IEX,2.02297,11616.69,14958.83,47287.48,2,2,0,1,False,False,True,0.3163380665841491,3.45474375,3.0926408333333337,3.060474821428571,0.2552353320582533,3.194325197714377,3.4363066310699537
2026-02-04,20.0,IEX,5.55013,8087.83,18331.7,11577.83,2,2,0,1,True,False,False,1.5833450641585298,3.45474375,3.0926408333333337,3.060474821428571,0.2552353320582533,3.194325197714377,3.4363066310699537
2026-02-04,13.0,IEX,2.42033,10678.22,15380.8,40314.83,2,2,0,1,False,False,True,0.38151717361042636,3.45474375,3.0926408333333337,3.060474821428571,0.2552353320582533,3.194325197714377,3.4363066310699537
2026-02-04,12.0,IEX,2.69797,10191.6,16514.93,32493.45,2,2,0,1,False,False,True,0.5082541249057105,3.45474375,3.0926408333333337,3.060474821428571,0.2552353320582533,3.194325197714377,3.4363066310699537
2026-02-04,11.0,IEX,2.94559,10705.2,18575.18,26020.4,2,2,0,1,False,False,True,0.7138698864299281,3.45474375,3.0926408333333337,3.060474821428571,0.2552353320582533,3.194325197714377,3.4363066310699537
2026-02-04,2.0,IEX,2.46627,8047.3,13006.5,35192.28,2,2,0,0,False,False,True,0.36958389727247454,3.45474375,3.0926408333333337,3.060474821428571,0.2552353320582533,3.194325197714377,3.4363066310699537
2026-02-04,3.0,IEX,2.47048,9322.6,14334.5,35739.85,2,2,0,0,False,False,True,0.40107890760563375,3.45474375,3.0926408333333337,3.060474821428571,0.2552353320582533,3.194325197714377,3.4363066310699537
2026-02-04,4.0,IEX,2.47563,9839.06,14959.3,36216.75,2,2,0,0,False,False,True,0.41304921054124144,3.45474375,3.0926408333333337,3.060474821428571,0.2552353320582533,3.194325197714377,3.4363066310699537
2026-02-04,5.0,IEX,2.52294,8999.03,14589.8,34822.68,2,2,0,0,False,False,True,0.4189740708012783,3.45474375,3.0926408333333337,3.060474821428571,0.2552353320582533,3.194325197714377,3.4363066310699537
2026-02-04,1.0,IEX,2.47043,7484.9,12520.6,31774.65,2,2,0,0,False,False,True,0.39404367935003415,3.45474375,3.0926408333333337,3.060474821428571,0.2552353320582533,3.194325197714377,3.4363066310699537
2026-02-04,7.0,IEX,3.81286,8621.38,16798.03,16248.65,2,2,0,0,False,True,False,1.0338108082617259,3.45474375,3.0926408333333337,3.060474821428571,0.2552353320582533,3.194325197714377,3.4363066310699537
2026-02-04,8.0,IEX,7.07524,11128.75,22763.9,14380.98,2,2,0,0,False,True,False,1.5829171575352188,3.45474375,3.0926408333333337,3.060474821428571,0.2552353320582533,3.194325197714377,3.4363066310699537
2026-02-04,9.0,IEX,4.91844,12148.9,22948.53,16851.33,2,2,0,1,False,True,False,1.3618230719107491,3.45474375,3.0926408333333337,3.060474821428571,0.2552353320582533,3.194325197714377,3.4363066310699537
2026-02-04,10.0,IEX,3.77309,13099.8,22423.48,21398.83,2,2,0,1,False,True,False,1.0478834585592374,3.45474375,3.0926408333333337,3.060474821428571,0.2552353320582533,3.194325197714377,3.4363066310699537
2026-02-04,6.0,IEX,3.0428,7549.65,14047.75,24956.1,2,2,0,0,False,True,False,0.5628984494520785,3.45474375,3.0926408333333337,3.060474821428571,0.2552353320582533,3.194325197714377,3.4363066310699537
2026-02-05,14.0,IEX,1.97693,10379.18,13382.58,46488.28,3,2,0,1,False,False,True,0.28786997490811234,3.4338879166666665,3.45474375,3.100957738095238,0.29175613077734086,3.2311810006301136,3.436113133917691
2026-02-05,23.0,IEX,3.32713,8692.53,14782.28,24274.83,3,2,0,0,False,False,True,0.6089550367154146,3.4338879166666665,3.45474375,3.100957738095238,0.29175613077734086,3.2311810006301136,3.436113133917691
2026-02-05,22.0,IEX,3.59472,9071.43,15074.45,19081.1,3,2,0,1,True,False,False,0.790019966988266,3.4338879166666665,3.45474375,3.100957738095238,0.29175613077734086,3.2311810006301136,3.436113133917691
2026-02-05,21.0,IEX,3.93188,8950.35,16895.73,14586.0,3,2,0,1,True,False,False,1.1583525290289645,3.4338879166666665,3.45474375,3.100957738095238,0.29175613077734086,3.2311810006301136,3.436113133917691
2026-02-05,20.0,IEX,5.3616,8971.45,18985.7,12729.55,3,2,0,1,True,False,False,1.49146670424998,3.4338879166666665,3.45474375,3.100957738095238,0.29175613077734086,3.2311810006301136,3.436113133917691
2026-02-05,19.0,IEX,6.8003,10650.87,21587.33,14032.3,3,2,0,1,True,False,False,1.5384028266653347,3.4338879166666665,3.45474375,3.100957738095238,0.29175613077734086,3.2311810006301136,3.436113133917691
2026-02-05,18.0,IEX,3.73726,10163.81,17516.33,18155.25,3,2,0,1,True,False,False,0.9648079751230042,3.4338879166666665,3.45474375,3.100957738095238,0.29175613077734086,3.2311810006301136,3.436113133917691
2026-02-05,17.0,IEX,2.9547600000000003,10338.3,17012.88,25730.78,3,2,0,1,False,False,True,0.6611878844476585,3.4338879166666665,3.45474375,3.100957738095238,0.29175613077734086,3.2311810006301136,3.436113133917691
2026-02-05,16.0,IEX,2.6648400000000003,10912.3,17575.28,32522.85,3,2,0,1,False,False,True,0.5403979046915022,3.4338879166666665,3.45474375,3.100957738095238,0.29175613077734086,3.2311810006301136,3.436113133917691
2026-02-05,15.0,IEX,2.33456,11232.76,16051.75,41391.05,3,2,0,1,False,False,True,0.3878072674194524,3.4338879166666665,3.45474375,3.100957738095238,0.29175613077734086,3.2311810006301136,3.436113133917691
2026-02-05,13.0,IEX,2.41696,11066.53,15848.15,41124.75,3,2,0,1,False,False,True,0.3853676921111088,3.4338879166666665,3.45474375,3.100957738095238,0.29175613077734086,3.2311810006301136,3.436113133917691
2026-02-05,24.0,IEX,2.93027,7467.38,13761.35,28160.05,3,2,0,0,False,False,True,0.48868343611297443,3.4338879166666665,3.45474375,3.100957738095238,0.29175613077734086,3.2311810006301136,3.436113133917691
2026-02-05,11.0,IEX,2.91399,11207.78,17790.08,26247.03,3,2,0,1,False,False,True,0.6777940206271743,3.4338879166666665,3.45474375,3.100957738095238,0.29175613077734086,3.2311810006301136,3.436113133917691
2026-02-05,1.0,IEX,2.56027,7791.55,13773.25,33075.45,3,2,0,0,False,False,True,0.41641912644683016,3.4338879166666665,3.45474375,3.100957738095238,0.29175613077734086,3.2311810006301136,3.436113133917691
2026-02-05,2.0,IEX,2.56808,8707.01,14830.95,36231.48,3,2,0,0,False,False,True,0.4093387848331509,3.4338879166666665,3.45474375,3.100957738095238,0.29175613077734086,3.2311810006301136,3.436113133917691
2026-02-05,3.0,IEX,2.47826,9725.72,15155.13,36523.15,3,2,0,0,False,False,True,0.4149458629896528,3.4338879166666665,3.45474375,3.100957738095238,0.29175613077734086,3.2311810006301136,3.436113133917691
2026-02-05,4.0,IEX,2.48324,10155.03,15608.98,37146.13,3,2,0,0,False,False,True,0.4202047426151244,3.4338879166666665,3.45474375,3.100957738095238,0.29175613077734086,3.2311810006301136,3.436113133917691
2026-02-05,5.0,IEX,2.48565,9245.93,14737.65,35804.9,3,2,0,0,False,False,True,0.41160986333948424,3.4338879166666665,3.45474375,3.100957738095238,0.29175613077734086,3.2311810006301136,3.436113133917691
2026-02-05,12.0,IEX,2.55112,11264.27,16910.1,33607.0,3,2,0,1,False,False,True,0.5031719580732668,3.4338879166666665,3.45474375,3.100957738095238,0.29175613077734086,3.2311810006301136,3.436113133917691
2026-02-05,7.0,IEX,3.83153,8653.48,17497.45,16893.43,3,2,0,0,False,True,False,1.0357547277043473,3.4338879166666665,3.45474375,3.100957738095238,0.29175613077734086,3.2311810006301136,3.436113133917691
2026-02-05,8.0,IEX,7.30008,12344.28,25164.03,15764.48,3,2,0,0,False,True,False,1.5962486541920515,3.4338879166666665,3.45474375,3.100957738095238,0.29175613077734086,3.2311810006301136,3.436113133917691
2026-02-05,9.0,IEX,4.86972,13167.23,24773.8,18238.15,3,2,0,1,False,True,False,1.3583504898477363,3.4338879166666665,3.45474375,3.100957738095238,0.29175613077734086,3.2311810006301136,3.436113133917691
2026-02-05,10.0,IEX,3.32923,12533.76,23179.93,23393.1,3,2,0,1,False,True,False,0.9908874834926165,3.4338879166666665,3.45474375,3.100957738095238,0.29175613077734086,3.2311810006301136,3.436113133917691
2026-02-05,6.0,IEX,3.01093,7666.53,14458.2,26211.43,3,2,0,0,False,True,False,0.5515990540952558,3.4338879166666665,3.45474375,3.100957738095238,0.29175613077734086,3.2311810006301136,3.436113133917691
2026-02-06,14.0,IEX,1.7386400000000002,11041.95,13620.98,48966.4,4,2,0,1,False,False,True,0.27816992871067303,3.239830833333333,3.4338879166666665,3.127622083333333,0.2951711345604658,3.2325117441229168,3.4204105498709425
2026-02-06,23.0,IEX,3.2317600000000004,8612.42,14350.45,24474.03,4,2,0,0,False,False,True,0.5863541882614535,3.239830833333333,3.4338879166666665,3.127622083333333,0.2951711345604658,3.2325117441229168,3.4204105498709425
2026-02-06,22.0,IEX,3.48476,8504.57,14921.43,18891.93,4,2,0,1,True,False,False,0.789830895631187,3.239830833333333,3.4338879166666665,3.127622083333333,0.2951711345604658,3.2325117441229168,3.4204105498709425
2026-02-06,21.0,IEX,3.83451,9068.32,16906.05,15527.75,4,2,0,1,True,False,False,1.0887636643501062,3.239830833333333,3.4338879166666665,3.127622083333333,0.2951711345604658,3.2325117441229168,3.4204105498709425
2026-02-06,20.0,IEX,4.90786,9040.08,18263.93,13023.18,4,2,0,1,True,False,False,1.4024170737082517,3.239830833333333,3.4338879166666665,3.127622083333333,0.2951711345604658,3.2325117441229168,3.4204105498709425
2026-02-06,19.0,IEX,5.71501,9649.27,19406.08,13552.5,4,2,0,1,True,False,False,1.4319188331068669,3.239830833333333,3.4338879166666665,3.127622083333333,0.2951711345604658,3.2325117441229168,3.4204105498709425
2026-02-06,18.0,IEX,3.54879,8696.85,16285.08,17770.7,4,2,0,1,True,False,False,0.9164005914700036,3.239830833333333,3.4338879166666665,3.127622083333333,0.2951711345604658,3.2325117441229168,3.4204105498709425
2026-02-06,17.0,IEX,2.64094,11027.79,16529.15,29006.95,4,2,0,1,False,False,True,0.569834125763021,3.239830833333333,3.4338879166666665,3.127622083333333,0.2951711345604658,3.2325117441229168,3.4204105498709425
2026-02-06,16.0,IEX,2.40335,12480.25,17208.1,36568.23,4,2,0,1,False,False,True,0.4705751411893396,3.239830833333333,3.4338879166666665,3.127622083333333,0.2951711345604658,3.2325117441229168,3.4204105498709425
2026-02-06,15.0,IEX,1.90027,12458.32,15251.2,45222.5,4,2,0,1,False,False,True,0.3372480512273209,3.239830833333333,3.4338879166666665,3.127622083333333,0.2951711345604658,3.2325117441229168,3.4204105498709425
2026-02-06,13.0,IEX,2.04521,11446.06,14791.25,43503.28,4,2,0,1,False,False,True,0.34000309853877614,3.239830833333333,3.4338879166666665,3.127622083333333,0.2951711345604658,3.2325117441229168,3.4204105498709425
2026-02-06,24.0,IEX,2.86977,7877.36,13783.63,28297.78,4,2,0,0,False,False,True,0.4870922734973937,3.239830833333333,3.4338879166666665,3.127622083333333,0.2951711345604658,3.2325117441229168,3.4204105498709425
2026-02-06,11.0,IEX,2.4778,11940.55,16956.8,28071.58,4,2,0,1,False,False,True,0.6040557743439964,3.239830833333333,3.4338879166666665,3.127622083333333,0.2951711345604658,3.2325117441229168,3.4204105498709425
2026-02-06,1.0,IEX,2.67936,8231.67,14397.2,32513.7,4,2,0,0,False,False,True,0.4428041101311742,3.239830833333333,3.4338879166666665,3.127622083333333,0.2951711345604658,3.2325117441229168,3.4204105498709425
2026-02-06,2.0,IEX,2.65356,8862.3,15228.08,34054.55,4,2,0,0,False,False,True,0.447167265329547,3.239830833333333,3.4338879166666665,3.127622083333333,0.2951711345604658,3.2325117441229168,3.4204105498709425
2026-02-06,3.0,IEX,2.55277,9508.78,15412.2,35320.45,4,2,0,0,False,False,True,0.43635344384447156,3.239830833333333,3.4338879166666665,3.127622083333333,0.2951711345604658,3.2325117441229168,3.4204105498709425
2026-02-06,4.0,IEX,2.53247,9888.2,15725.85,35615.9,4,2,0,0,False,False,True,0.4415401546945212,3.239830833333333,3.4338879166666665,3.127622083333333,0.2951711345604658,3.2325117441229168,3.4204105498709425
2026-02-06,5.0,IEX,2.5667600000000004,9038.6,15078.53,34116.5,4,2,0,0,False,False,True,0.44197177305937835,3.239830833333333,3.4338879166666665,3.127622083333333,0.2951711345604658,3.2325117441229168,3.4204105498709425
2026-02-06,12.0,IEX,2.09125,11603.92,15783.18,35715.45,4,2,0,1,False,False,True,0.4419146334592131,3.239830833333333,3.4338879166666665,3.127622083333333,0.2951711345604658,3.2325117441229168,3.4204105498709425
2026-02-06,7.0,IEX,3.88756,8569.12,17644.85,16074.1,4,2,0,0,False,True,False,1.0977193117513768,3.239830833333333,3.4338879166666665,3.127622083333333,0.2951711345604658,3.2325117441229168,3.4204105498709425
2026-02-06,8.0,IEX,7.51513,12323.43,24401.28,15617.83,4,2,0,0,False,True,False,1.5623988725947209,3.239830833333333,3.4338879166666665,3.127622083333333,0.2951711345604658,3.2325117441229168,3.4204105498709425
2026-02-06,9.0,IEX,4.37188,12843.56,23576.68,18985.78,4,2,0,1,False,True,False,1.24180728880151,3.239830833333333,3.4338879166666665,3.127622083333333,0.2951711345604658,3.2325117441229168,3.4204105498709425
2026-02-06,10.0,IEX,3.06699,12672.62,20532.93,23757.88,4,2,0,1,False,True,False,0.8642576690915782,3.239830833333333,3.4338879166666665,3.127622083333333,0.2951711345604658,3.2325117441229168,3.4204105498709425
2026-02-06,6.0,IEX,3.03954,7886.4,14811.03,25313.5,4,2,0,0,False,True,False,0.5851039956603773,3.239830833333333,3.4338879166666665,3.127622083333333,0.2951711345604658,3.2325117441229168,3.4204105498709425
2026-02-07,14.0,IEX,1.72471,11328.9,12932.68,51714.63,5,2,1,1,False,False,True,0.25007778258297936,3.212862916666667,3.239830833333333,3.183573630952381,0.26274662876583615,3.2294888475911856,3.403806739214601
2026-02-07,15.0,IEX,1.74619,10899.74,13365.9,45026.93,5,2,1,1,False,False,True,0.2968423562750464,3.212862916666667,3.239830833333333,3.183573630952381,0.26274662876583615,3.2294888475911856,3.403806739214601
2026-02-07,16.0,IEX,2.18475,11472.29,14993.7,38023.7,5,2,1,1,False,False,True,0.39432511817778776,3.212862916666667,3.239830833333333,3.183573630952381,0.26274662876583615,3.2294888475911856,3.403806739214601
2026-02-07,17.0,IEX,2.52446,9555.9,14194.03,29915.88,5,2,1,1,False,False,True,0.4744647322845042,3.212862916666667,3.239830833333333,3.183573630952381,0.26274662876583615,3.2294888475911856,3.403806739214601
2026-02-07,18.0,IEX,3.50462,8943.78,14878.73,20162.95,5,2,1,1,True,False,False,0.7379242617087657,3.212862916666667,3.239830833333333,3.183573630952381,0.26274662876583615,3.2294888475911856,3.403806739214601
2026-02-07,20.0,IEX,4.62342,9506.07,17841.35,14376.13,5,2,1,1,True,False,False,1.241039833918419,3.212862916666667,3.239830833333333,3.183573630952381,0.26274662876583615,3.2294888475911856,3.403806739214601
2026-02-07,21.0,IEX,3.83564,9807.48,15738.4,16997.0,5,2,1,1,True,False,False,0.925951637979672,3.212862916666667,3.239830833333333,3.183573630952381,0.26274662876583615,3.2294888475911856,3.403806739214601
2026-02-07,22.0,IEX,3.48079,9249.98,14038.48,20998.6,5,2,1,1,True,False,False,0.6685436168751518,3.212862916666667,3.239830833333333,3.183573630952381,0.26274662876583615,3.2294888475911856,3.403806739214601
2026-02-07,23.0,IEX,3.11143,8320.69,13361.88,25100.43,5,2,1,0,False,False,True,0.5323366968086456,3.212862916666667,3.239830833333333,3.183573630952381,0.26274662876583615,3.2294888475911856,3.403806739214601
2026-02-07,13.0,IEX,2.03486,11525.79,13395.35,46748.5,5,2,1,1,False,False,True,0.286540744561528,3.212862916666667,3.239830833333333,3.183573630952381,0.26274662876583615,3.2294888475911856,3.403806739214601
2026-02-07,19.0,IEX,4.886640000000001,10428.46,19060.15,14729.95,5,2,1,1,True,False,False,1.2939724837531883,3.212862916666667,3.239830833333333,3.183573630952381,0.26274662876583615,3.2294888475911856,3.403806739214601
2026-02-07,24.0,IEX,2.8513,7594.3,12632.63,28246.28,5,2,1,0,False,False,True,0.4472316352995043,3.212862916666667,3.239830833333333,3.183573630952381,0.26274662876583615,3.2294888475911856,3.403806739214601
2026-02-07,12.0,IEX,2.20165,10906.39,14196.0,37326.08,5,2,1,1,False,False,True,0.3803238913970275,3.212862916666667,3.239830833333333,3.183573630952381,0.26274662876583615,3.2294888475911856,3.403806739214601
2026-02-07,10.0,IEX,3.26507,11904.28,19724.38,22061.08,5,2,1,1,False,True,False,0.8940804344601078,3.212862916666667,3.239830833333333,3.183573630952381,0.26274662876583615,3.2294888475911856,3.403806739214601
2026-02-07,9.0,IEX,4.3579,11960.76,22516.4,18174.68,5,2,1,1,False,True,False,1.2388883868993081,3.212862916666667,3.239830833333333,3.183573630952381,0.26274662876583615,3.2294888475911856,3.403806739214601
2026-02-07,8.0,IEX,7.68107,12026.05,24721.05,15092.28,5,2,1,0,False,True,False,1.6379930655686263,3.212862916666667,3.239830833333333,3.183573630952381,0.26274662876583615,3.2294888475911856,3.403806739214601
2026-02-07,7.0,IEX,3.98519,9439.7,18328.65,16282.98,5,2,1,0,False,True,False,1.125632408118396,3.212862916666667,3.239830833333333,3.183573630952381,0.26274662876583615,3.2294888475911856,3.403806739214601
2026-02-07,6.0,IEX,3.0386100000000003,7939.19,14913.3,25300.55,5,2,1,0,False,True,False,0.5894456837541295,3.212862916666667,3.239830833333333,3.183573630952381,0.26274662876583615,3.2294888475911856,3.403806739214601
2026-02-07,5.0,IEX,2.71521,9241.7,15623.75,33871.8,5,2,1,0,False,False,True,0.46126128506271835,3.212862916666667,3.239830833333333,3.183573630952381,0.26274662876583615,3.2294888475911856,3.403806739214601
2026-02-07,4.0,IEX,2.76797,10081.68,16595.38,35819.65,5,2,1,0,False,False,True,0.4633038009965748,3.212862916666667,3.239830833333333,3.183573630952381,0.26274662876583615,3.2294888475911856,3.403806739214601
2026-02-07,3.0,IEX,2.77305,9669.83,16395.75,35346.73,5,2,1,0,False,False,True,0.46385478926513,3.212862916666667,3.239830833333333,3.183573630952381,0.26274662876583615,3.2294888475911856,3.403806739214601
2026-02-07,2.0,IEX,2.78287,8840.41,15792.13,34150.65,5,2,1,0,False,False,True,0.4624254588236459,3.212862916666667,3.239830833333333,3.183573630952381,0.26274662876583615,3.2294888475911856,3.403806739214601
2026-02-07,1.0,IEX,2.7009000000000003,7958.56,14312.53,32175.73,5,2,1,0,False,False,True,0.4448237847455757,3.212862916666667,3.239830833333333,3.183573630952381,0.26274662876583615,3.2294888475911856,3.403806739214601
2026-02-07,11.0,IEX,2.33041,11846.91,16320.95,29413.38,5,2,1,1,False,False,True,0.5548818257014727,3.212862916666667,3.239830833333333,3.183573630952381,0.26274662876583615,3.2294888475911856,3.403806739214601
2026-02-08,15.0,IEX,1.4871,8855.06,12571.33,48067.4,6,2,1,1,False,False,True,0.2615354688912786,2.6744354166666664,3.212862916666667,3.1844813690476186,0.2606716657898136,3.1440960120643364,3.3454570334107663
2026-02-08,16.0,IEX,1.73506,9810.18,13299.55,40910.55,6,2,1,1,False,False,True,0.3250885162079002,2.6744354166666664,3.212862916666667,3.1844813690476186,0.2606716657898136,3.1440960120643364,3.3454570334107663
2026-02-08,17.0,IEX,1.94277,8591.5,11722.45,32282.55,6,2,1,1,False,False,True,0.36312032340595146,2.6744354166666664,3.212862916666667,3.1844813690476186,0.2606716657898136,3.1440960120643364,3.3454570334107663
2026-02-08,18.0,IEX,2.66498,7463.58,11312.9,23545.53,6,2,1,1,True,False,False,0.4804691164393118,2.6744354166666664,3.212862916666667,3.1844813690476186,0.2606716657898136,3.1440960120643364,3.3454570334107663
2026-02-08,14.0,IEX,1.67703,8797.35,11867.45,51934.6,6,2,1,1,False,False,True,0.2285075844950173,2.6744354166666664,3.212862916666667,3.1844813690476186,0.2606716657898136,3.1440960120643364,3.3454570334107663
2026-02-08,20.0,IEX,3.52376,8236.83,14650.75,17408.53,6,2,1,1,True,False,False,0.8415845560529325,2.6744354166666664,3.212862916666667,3.1844813690476186,0.2606716657898136,3.1440960120643364,3.3454570334107663
2026-02-08,21.0,IEX,3.27462,7759.94,13344.05,19409.8,6,2,1,1,True,False,False,0.6874903395771773,2.6744354166666664,3.212862916666667,3.1844813690476186,0.2606716657898136,3.1440960120643364,3.3454570334107663
2026-02-08,22.0,IEX,2.96747,7615.64,12484.48,24680.78,6,2,1,1,True,False,False,0.5058381459152271,2.6744354166666664,3.212862916666667,3.1844813690476186,0.2606716657898136,3.1440960120643364,3.3454570334107663
2026-02-08,23.0,IEX,2.74167,7015.31,11840.98,27998.83,6,2,1,0,False,False,True,0.42290981429477237,2.6744354166666664,3.212862916666667,3.1844813690476186,0.2606716657898136,3.1440960120643364,3.3454570334107663
2026-02-08,19.0,IEX,3.62455,8643.48,14966.63,18502.75,6,2,1,1,True,False,False,0.8088867866620438,2.6744354166666664,3.212862916666667,3.1844813690476186,0.2606716657898136,3.1440960120643364,3.3454570334107663
2026-02-08,13.0,IEX,1.73076,9110.92,12328.88,47048.05,6,2,1,1,False,False,True,0.26204869271690345,2.6744354166666664,3.212862916666667,3.1844813690476186,0.2606716657898136,3.1440960120643364,3.3454570334107663
2026-02-08,24.0,IEX,2.38698,6893.13,11473.93,31369.45,6,2,1,0,False,False,True,0.3657676496190505,2.6744354166666664,3.212862916666667,3.1844813690476186,0.2606716657898136,3.1440960120643364,3.3454570334107663
2026-02-08,11.0,IEX,1.77168,10221.89,14009.73,32873.55,6,2,1,1,False,False,True,0.42617027962414444,2.6744354166666664,3.212862916666667,3.1844813690476186,0.2606716657898136,3.1440960120643364,3.3454570334107663
2026-02-08,1.0,IEX,2.76827,8320.2,15157.5,33268.38,6,2,1,0,False,False,True,0.4556128069789954,2.6744354166666664,3.212862916666667,3.1844813690476186,0.2606716657898136,3.1440960120643364,3.3454570334107663
2026-02-08,2.0,IEX,2.77804,8910.18,16565.53,35265.13,6,2,1,0,False,False,True,0.4697424905367589,2.6744354166666664,3.212862916666667,3.1844813690476186,0.2606716657898136,3.1440960120643364,3.3454570334107663
2026-02-08,3.0,IEX,2.59037,9678.15,16053.6,35659.58,6,2,1,0,False,False,True,0.4501903834957701,2.6744354166666664,3.212862916666667,3.1844813690476186,0.2606716657898136,3.1440960120643364,3.3454570334107663
2026-02-08,4.0,IEX,2.4707,9843.85,15387.08,36102.05,6,2,1,0,False,False,True,0.42621069982834464,2.6744354166666664,3.212862916666667,3.1844813690476186,0.2606716657898136,3.1440960120643364,3.3454570334107663
2026-02-08,5.0,IEX,2.52041,9162.8,15129.78,35197.78,6,2,1,0,False,False,True,0.42985040521593965,2.6744354166666664,3.212862916666667,3.1844813690476186,0.2606716657898136,3.1440960120643364,3.3454570334107663
2026-02-08,12.0,IEX,1.95,9632.66,13908.08,39694.2,6,2,1,1,False,False,True,0.35038066005855245,2.6744354166666664,3.212862916666667,3.1844813690476186,0.2606716657898136,3.1440960120643364,3.3454570334107663
2026-02-08,7.0,IEX,3.43247,7920.23,15963.85,17927.48,6,2,1,0,False,True,False,0.8904681523055845,2.6744354166666664,3.212862916666667,3.1844813690476186,0.2606716657898136,3.1440960120643364,3.3454570334107663
2026-02-08,8.0,IEX,4.56291,10854.75,20684.55,17628.43,6,2,1,0,False,True,False,1.1733631405783933,2.6744354166666664,3.212862916666667,3.1844813690476186,0.2606716657898136,3.1440960120643364,3.3454570334107663
2026-02-08,9.0,IEX,3.82391,10802.62,19675.75,20423.38,6,2,1,1,False,True,False,0.9633934241230425,2.6744354166666664,3.212862916666667,3.1844813690476186,0.2606716657898136,3.1440960120643364,3.3454570334107663
2026-02-08,10.0,IEX,2.67059,10257.06,15830.6,25931.45,6,2,1,1,False,True,False,0.610478781321338,2.6744354166666664,3.212862916666667,3.1844813690476186,0.2606716657898136,3.1440960120643364,3.3454570334107663
2026-02-08,6.0,IEX,3.09035,8109.36,15463.55,26003.18,6,2,1,0,False,True,False,0.5946791890089292,2.6744354166666664,3.212862916666667,3.1844813690476186,0.2606716657898136,3.1440960120643364,3.3454570334107663
2026-02-09,23.0,IEX,3.16894,8207.63,14777.03,24741.93,0,2,0,0,False,False,True,0.5972464554716441,3.2016458333333335,2.6744354166666664,3.187149642857143,0.26074917531798825,3.152949830721105,3.3339521374045717
2026-02-09,22.0,IEX,3.52204,9031.78,15364.25,20816.63,0,2,0,1,True,False,False,0.7380757592664731,3.2016458333333335,2.6744354166666664,3.187149642857143,0.26074917531798825,3.152949830721105,3.3339521374045717
2026-02-09,21.0,IEX,3.79034,8878.13,16335.68,16834.18,0,2,0,1,True,False,False,0.9703876274517751,3.2016458333333335,2.6744354166666664,3.187149642857143,0.26074917531798825,3.152949830721105,3.3339521374045717
2026-02-09,20.0,IEX,4.70592,8994.28,19238.45,14472.7,0,2,0,1,True,False,False,1.3292923909641654,3.2016458333333335,2.6744354166666664,3.187149642857143,0.26074917531798825,3.152949830721105,3.3339521374045717
2026-02-09,19.0,IEX,4.8558,10108.5,19884.8,15506.03,0,2,0,1,True,False,False,1.2823914301195138,3.2016458333333335,2.6744354166666664,3.187149642857143,0.26074917531798825,3.152949830721105,3.3339521374045717
2026-02-09,18.0,IEX,3.45775,8976.67,15010.55,20179.53,0,2,0,1,True,False,False,0.7438503271662669,3.2016458333333335,2.6744354166666664,3.187149642857143,0.26074917531798825,3.152949830721105,3.3339521374045717
2026-02-09,17.0,IEX,2.57315,9170.26,14339.43,28975.1,0,2,0,1,False,False,True,0.4948880243744153,3.2016458333333335,2.6744354166666664,3.187149642857143,0.26074917531798825,3.152949830721105,3.3339521374045717
2026-02-09,16.0,IEX,2.38364,10969.01,15423.95,36178.45,0,2,0,1,False,False,True,0.4263297624894572,3.2016458333333335,2.6744354166666664,3.187149642857143,0.26074917531798825,3.152949830721105,3.3339521374045717
2026-02-09,15.0,IEX,1.90755,11833.79,14840.35,44825.48,0,2,0,1,False,False,True,0.33106951663851236,3.2016458333333335,2.6744354166666664,3.187149642857143,0.26074917531798825,3.152949830721105,3.3339521374045717
2026-02-09,14.0,IEX,1.86723,12318.69,14531.18,49603.25,0,2,0,1,False,False,True,0.29294814345976355,3.2016458333333335,2.6744354166666664,3.187149642857143,0.26074917531798825,3.152949830721105,3.3339521374045717
2026-02-09,13.0,IEX,2.19917,11487.6,15778.03,45139.33,0,2,0,1,False,False,True,0.3495406333347126,3.2016458333333335,2.6744354166666664,3.187149642857143,0.26074917531798825,3.152949830721105,3.3339521374045717
2026-02-09,24.0,IEX,2.94237,7976.66,14477.3,28100.53,0,2,0,0,False,False,True,0.5151966882776956,3.2016458333333335,2.6744354166666664,3.187149642857143,0.26074917531798825,3.152949830721105,3.3339521374045717
2026-02-09,11.0,IEX,2.52479,11932.55,18252.65,30639.53,0,2,0,1,False,False,True,0.595722257947259,3.2016458333333335,2.6744354166666664,3.187149642857143,0.26074917531798825,3.152949830721105,3.3339521374045717
2026-02-09,1.0,IEX,2.69863,8453.48,14545.0,33919.05,0,2,0,0,False,False,True,0.42881507576750666,3.2016458333333335,2.6744354166666664,3.187149642857143,0.26074917531798825,3.152949830721105,3.3339521374045717
2026-02-09,2.0,IEX,2.59155,9263.53,15118.05,36537.93,0,2,0,0,False,False,True,0.4137631769468704,3.2016458333333335,2.6744354166666664,3.187149642857143,0.26074917531798825,3.152949830721105,3.3339521374045717
2026-02-09,3.0,IEX,2.58524,10102.81,15847.55,37109.48,0,2,0,0,False,False,True,0.4270485599833118,3.2016458333333335,2.6744354166666664,3.187149642857143,0.26074917531798825,3.152949830721105,3.3339521374045717
2026-02-09,4.0,IEX,2.59543,10715.83,16787.73,37541.28,0,2,0,0,False,False,True,0.44718054353842474,3.2016458333333335,2.6744354166666664,3.187149642857143,0.26074917531798825,3.152949830721105,3.3339521374045717
2026-02-09,5.0,IEX,2.74836,9975.0,16827.65,35365.2,0,2,0,0,False,False,True,0.4758251047708411,3.2016458333333335,2.6744354166666664,3.187149642857143,0.26074917531798825,3.152949830721105,3.3339521374045717
2026-02-09,12.0,IEX,2.34564,11059.2,17608.4,38320.83,0,2,0,1,False,False,True,0.4594994418285044,3.2016458333333335,2.6744354166666664,3.187149642857143,0.26074917531798825,3.152949830721105,3.3339521374045717
2026-02-09,7.0,IEX,4.16272,9434.21,19845.33,17028.0,0,2,0,0,False,True,False,1.165452782966025,3.2016458333333335,2.6744354166666664,3.187149642857143,0.26074917531798825,3.152949830721105,3.3339521374045717
2026-02-09,8.0,IEX,6.39061,13180.28,26402.78,16879.13,0,2,0,0,False,True,False,1.5642263543415884,3.2016458333333335,2.6744354166666664,3.187149642857143,0.26074917531798825,3.152949830721105,3.3339521374045717
2026-02-09,9.0,IEX,4.414899999999999,13596.14,25064.63,20512.6,0,2,0,1,False,True,False,1.2219138474781774,3.2016458333333335,2.6744354166666664,3.187149642857143,0.26074917531798825,3.152949830721105,3.3339521374045717
2026-02-09,10.0,IEX,3.28091,12414.79,21016.2,25435.55,0,2,0,1,False,True,False,0.8262530195626778,3.2016458333333335,2.6744354166666664,3.187149642857143,0.26074917531798825,3.152949830721105,3.3339521374045717
2026-02-09,6.0,IEX,3.1268200000000004,8725.2,16323.35,25273.83,0,2,0,0,False,True,False,0.6458597685250476,3.2016458333333335,2.6744354166666664,3.187149642857143,0.26074917531798825,3.152949830721105,3.3339521374045717
2026-02-10,14.0,IEX,1.77753,11155.36,14533.4,48360.55,1,2,0,1,False,False,True,0.30052180955334007,3.2301866666666665,3.2016458333333335,3.2067990476190475,0.25760382087046,3.164832420866576,3.3256508997455394
2026-02-10,15.0,IEX,1.96045,12119.08,15757.55,44281.15,1,2,0,1,False,False,True,0.35585232082819607,3.2301866666666665,3.2016458333333335,3.2067990476190475,0.25760382087046,3.164832420866576,3.3256508997455394
2026-02-10,16.0,IEX,2.13953,11942.66,16584.68,36263.6,1,2,0,1,False,False,True,0.45733683350319965,3.2301866666666665,3.2016458333333335,3.2067990476190475,0.25760382087046,3.164832420866576,3.3256508997455394
2026-02-10,17.0,IEX,2.56002,10085.54,15828.2,26557.35,1,2,0,1,False,False,True,0.596000730270151,3.2301866666666665,3.2016458333333335,3.2067990476190475,0.25760382087046,3.164832420866576,3.3256508997455394
2026-02-10,18.0,IEX,3.3448,9408.14,15799.93,19302.0,1,2,0,1,True,False,False,0.8185643970476819,3.2301866666666665,3.2016458333333335,3.2067990476190475,0.25760382087046,3.164832420866576,3.3256508997455394
2026-02-10,20.0,IEX,4.6359200000000005,9173.08,18884.38,14932.53,1,2,0,1,True,False,False,1.2646470482465817,3.2301866666666665,3.2016458333333335,3.2067990476190475,0.25760382087046,3.164832420866576,3.3256508997455394
2026-02-10,21.0,IEX,3.81087,9150.8,16836.55,16755.28,1,2,0,1,True,False,False,1.004850410733303,3.2301866666666665,3.2016458333333335,3.2067990476190475,0.25760382087046,3.164832420866576,3.3256508997455394
2026-02-10,22.0,IEX,3.41058,8818.32,15438.85,19816.45,1,2,0,1,True,False,False,0.7790926221502374,3.2301866666666665,3.2016458333333335,3.2067990476190475,0.25760382087046,3.164832420866576,3.3256508997455394
2026-02-10,23.0,IEX,3.07877,8380.35,14706.43,23599.2,1,2,0,0,False,False,True,0.6231749378694299,3.2301866666666665,3.2016458333333335,3.2067990476190475,0.25760382087046,3.164832420866576,3.3256508997455394
2026-02-10,13.0,IEX,2.14834,10690.7,15110.13,43026.23,1,2,0,1,False,False,True,0.35118414968004763,3.2301866666666665,3.2016458333333335,3.2067990476190475,0.25760382087046,3.164832420866576,3.3256508997455394
2026-02-10,19.0,IEX,4.92582,10841.93,20032.38,16173.23,1,2,0,1,True,False,False,1.2386134363768937,3.2301866666666665,3.2016458333333335,3.2067990476190475,0.25760382087046,3.164832420866576,3.3256508997455394
2026-02-10,24.0,IEX,2.9009,7729.42,14193.98,27475.03,1,2,0,0,False,False,True,0.516613812426551,3.2301866666666665,3.2016458333333335,3.2067990476190475,0.25760382087046,3.164832420866576,3.3256508997455394
2026-02-10,12.0,IEX,2.2669200000000003,10630.25,16998.85,35058.78,1,2,0,1,False,False,True,0.48486712872357013,3.2301866666666665,3.2016458333333335,3.2067990476190475,0.25760382087046,3.164832420866576,3.3256508997455394
2026-02-10,10.0,IEX,3.20526,12528.48,20060.25,22958.23,1,2,0,1,False,True,False,0.8737716274844483,3.2301866666666665,3.2016458333333335,3.2067990476190475,0.25760382087046,3.164832420866576,3.3256508997455394
2026-02-10,11.0,IEX,2.4062,11481.38,17366.18,27550.05,1,2,0,1,False,False,True,0.6303502169214393,3.2301866666666665,3.2016458333333335,3.2067990476190475,0.25760382087046,3.164832420866576,3.3256508997455394
2026-02-10,1.0,IEX,2.80784,8279.31,15008.43,31181.43,1,2,0,0,False,False,True,0.48132590439844297,3.2301866666666665,3.2016458333333335,3.2067990476190475,0.25760382087046,3.164832420866576,3.3256508997455394
2026-02-10,2.0,IEX,2.80588,9197.69,16670.95,34264.23,1,2,0,0,False,False,True,0.4865409202288973,3.2301866666666665,3.2016458333333335,3.2067990476190475,0.25760382087046,3.164832420866576,3.3256508997455394
2026-02-10,3.0,IEX,2.78104,9899.25,17045.5,35310.33,1,2,0,0,False,False,True,0.48273408929264205,3.2301866666666665,3.2016458333333335,3.2067990476190475,0.25760382087046,3.164832420866576,3.3256508997455394
2026-02-10,4.0,IEX,2.76403,9836.24,16895.25,35392.83,1,2,0,0,False,False,True,0.4773636353811312,3.2301866666666665,3.2016458333333335,3.2067990476190475,0.25760382087046,3.164832420866576,3.3256508997455394
2026-02-10,6.0,IEX,3.24966,8807.78,16719.43,22431.4,1,2,0,0,False,True,False,0.7453582920614147,3.2301866666666665,3.2016458333333335,3.2067990476190475,0.25760382087046,3.164832420866576,3.3256508997455394
2026-02-10,7.0,IEX,4.34998,9039.23,19809.48,14680.5,1,2,0,0,False,True,False,1.3493736580161617,3.2301866666666665,3.2016458333333335,3.2067990476190475,0.25760382087046,3.164832420866576,3.3256508997455394
2026-02-10,8.0,IEX,7.02338,10917.65,25677.5,14700.48,1,2,0,0,False,True,False,1.7467116708116255,3.2301866666666665,3.2016458333333335,3.2067990476190475,0.25760382087046,3.164832420866576,3.3256508997455394
2026-02-10,9.0,IEX,4.48193,12673.38,24357.83,18423.53,1,2,0,1,False,True,False,1.3221043951283473,3.2301866666666665,3.2016458333333335,3.2067990476190475,0.25760382087046,3.164832420866576,3.3256508997455394
2026-02-10,5.0,IEX,2.68883,8965.38,15481.58,31859.58,1,2,0,0,False,False,True,0.4859317039063504,3.2301866666666665,3.2016458333333335,3.2067990476190475,0.25760382087046,3.164832420866576,3.3256508997455394
2026-02-11,24.0,IEX,2.75184,7553.12,12929.58,27521.45,2,2,0,0,False,False,True,0.46980010120476934,3.4303054166666667,3.2301866666666665,3.2033078571428573,0.25382131964955335,3.205674420220436,3.33402326109923
2026-02-11,14.0,IEX,1.98919,12469.93,16194.18,49439.03,2,2,0,1,False,False,True,0.32755861101490896,3.4303054166666667,3.2301866666666665,3.2033078571428573,0.25382131964955335,3.205674420220436,3.33402326109923
2026-02-11,15.0,IEX,2.12765,13127.56,18134.18,45550.23,2,2,0,1,False,False,True,0.39811390625291815,3.4303054166666667,3.2301866666666665,3.2033078571428573,0.25382131964955335,3.205674420220436,3.33402326109923
2026-02-11,16.0,IEX,2.40184,12012.31,18643.43,36697.8,2,2,0,1,False,False,True,0.5080258215729482,3.4303054166666667,3.2301866666666665,3.2033078571428573,0.25382131964955335,3.205674420220436,3.33402326109923
2026-02-11,17.0,IEX,2.71688,10209.86,17163.9,26545.8,2,2,0,1,False,False,True,0.6465768593726402,3.4303054166666667,3.2301866666666665,3.2033078571428573,0.25382131964955335,3.205674420220436,3.33402326109923
2026-02-11,20.0,IEX,4.79996,8848.9,18109.43,13803.1,2,2,0,1,True,False,False,1.3119828145040007,3.4303054166666667,3.2301866666666665,3.2033078571428573,0.25382131964955335,3.205674420220436,3.33402326109923
2026-02-11,19.0,IEX,5.08498,9631.4,18777.48,13991.55,2,2,0,1,True,False,False,1.3420585986955995,3.4303054166666667,3.2301866666666665,3.2033078571428573,0.25382131964955335,3.205674420220436,3.33402326109923
2026-02-11,21.0,IEX,3.89095,8328.84,15798.1,16205.28,2,2,0,1,True,False,False,0.974873620835386,3.4303054166666667,3.2301866666666665,3.2033078571428573,0.25382131964955335,3.205674420220436,3.33402326109923
2026-02-11,22.0,IEX,3.32739,8419.87,14448.23,20079.4,2,2,0,1,True,False,False,0.7195548668189513,3.4303054166666667,3.2301866666666665,3.2033078571428573,0.25382131964955335,3.205674420220436,3.33402326109923
2026-02-11,13.0,IEX,2.2630100000000004,11932.4,17378.65,42955.08,2,2,0,1,False,False,True,0.4045772932084919,3.4303054166666667,3.2301866666666665,3.2033078571428573,0.25382131964955335,3.205674420220436,3.33402326109923
2026-02-11,18.0,IEX,3.3613600000000003,9110.36,15367.88,18884.98,2,2,0,1,True,False,False,0.8137620475034858,3.4303054166666667,3.2301866666666665,3.2033078571428573,0.25382131964955335,3.205674420220436,3.33402326109923
2026-02-11,23.0,IEX,3.0037,8174.03,14006.33,23910.98,2,2,0,0,False,False,True,0.5857698009091348,3.4303054166666667,3.2301866666666665,3.2033078571428573,0.25382131964955335,3.205674420220436,3.33402326109923
2026-02-11,12.0,IEX,2.49792,12137.2,19068.35,35430.73,2,2,0,1,False,False,True,0.5381867659689238,3.4303054166666667,3.2301866666666665,3.2033078571428573,0.25382131964955335,3.205674420220436,3.33402326109923
2026-02-11,10.0,IEX,3.06293,12658.25,19172.78,23143.18,2,2,0,1,False,True,False,0.8284418991562775,3.4303054166666667,3.2301866666666665,3.2033078571428573,0.25382131964955335,3.205674420220436,3.33402326109923
2026-02-11,1.0,IEX,2.78445,8858.52,15155.95,30403.0,2,2,0,0,False,False,True,0.4985017924222933,3.4303054166666667,3.2301866666666665,3.2033078571428573,0.25382131964955335,3.205674420220436,3.33402326109923
2026-02-11,2.0,IEX,2.85286,9764.58,16436.2,32892.33,2,2,0,0,False,False,True,0.4996970416812378,3.4303054166666667,3.2301866666666665,3.2033078571428573,0.25382131964955335,3.205674420220436,3.33402326109923
2026-02-11,3.0,IEX,2.84146,10299.43,17053.68,34612.15,2,2,0,0,False,False,True,0.4927079073410036,3.4303054166666667,3.2301866666666665,3.2033078571428573,0.25382131964955335,3.205674420220436,3.33402326109923
2026-02-11,4.0,IEX,2.84531,10778.2,17363.05,35029.9,2,2,0,0,False,False,True,0.49566370429385637,3.4303054166666667,3.2301866666666665,3.2033078571428573,0.25382131964955335,3.205674420220436,3.33402326109923
2026-02-11,11.0,IEX,2.55292,12181.8,18410.48,28192.05,2,2,0,1,False,False,True,0.6530380016163997,3.4303054166666667,3.2301866666666665,3.2033078571428573,0.25382131964955335,3.205674420220436,3.33402326109923
2026-02-11,6.0,IEX,3.3924600000000003,9683.35,17152.75,22571.33,2,2,0,0,False,True,False,0.7599352803933417,3.4303054166666667,3.2301866666666665,3.2033078571428573,0.25382131964955335,3.205674420220436,3.33402326109923
2026-02-11,7.0,IEX,4.448770000000001,9182.8,19258.65,14127.73,2,2,0,0,False,True,False,1.3631807789622392,3.4303054166666667,3.2301866666666665,3.2033078571428573,0.25382131964955335,3.205674420220436,3.33402326109923
2026-02-11,8.0,IEX,9.95035,10625.3,26153.45,13738.15,2,2,0,0,False,True,False,1.9037097411924389,3.4303054166666667,3.2301866666666665,3.2033078571428573,0.25382131964955335,3.205674420220436,3.33402326109923
2026-02-11,9.0,IEX,4.5501000000000005,12690.65,23615.28,18512.8,2,2,0,1,False,True,False,1.2756190304677741,3.4303054166666667,3.2301866666666665,3.2033078571428573,0.25382131964955335,3.205674420220436,3.33402326109923
2026-02-11,5.0,IEX,2.82905,9407.51,15919.2,31827.58,2,2,0,0,False,False,True,0.5001699782075263,3.4303054166666667,3.2301866666666665,3.2033078571428573,0.25382131964955335,3.205674420220436,3.33402326109923
2026-02-12,14.0,IEX,2.01555,11306.21,15457.35,46422.9,3,2,0,1,False,False,True,0.33296821173753294,3.8560308333333335,3.4303054166666667,3.263613988095238,0.3497556022033282,3.3057292530070352,3.3757838668779585
2026-02-12,23.0,IEX,3.19543,7931.23,13407.48,22502.03,3,2,0,0,False,False,True,0.5958342422457733,3.8560308333333335,3.4303054166666667,3.263613988095238,0.3497556022033282,3.3057292530070352,3.3757838668779585
2026-02-12,22.0,IEX,3.56516,8535.12,14586.3,17704.88,3,2,0,1,True,False,False,0.8238576026361897,3.8560308333333335,3.4303054166666667,3.263613988095238,0.3497556022033282,3.3057292530070352,3.3757838668779585
2026-02-12,21.0,IEX,4.29882,8412.4,16810.15,14259.7,3,2,0,1,True,False,False,1.1788571981325995,3.8560308333333335,3.4303054166666667,3.263613988095238,0.3497556022033282,3.3057292530070352,3.3757838668779585
2026-02-12,20.0,IEX,6.61769,8257.62,19218.18,11861.0,3,2,0,1,True,False,False,1.6202832799761544,3.8560308333333335,3.4303054166666667,3.263613988095238,0.3497556022033282,3.3057292530070352,3.3757838668779585
2026-02-12,19.0,IEX,8.77504,10056.87,21501.48,13231.38,3,2,0,1,True,False,False,1.6250368430012314,3.8560308333333335,3.4303054166666667,3.263613988095238,0.3497556022033282,3.3057292530070352,3.3757838668779585
2026-02-12,18.0,IEX,3.79906,9628.55,17282.33,17268.93,3,2,0,1,True,False,False,1.000775959482854,3.8560308333333335,3.4303054166666667,3.263613988095238,0.3497556022033282,3.3057292530070352,3.3757838668779585
2026-02-12,17.0,IEX,2.87023,8906.69,16128.78,22277.5,3,2,0,1,False,False,True,0.7239941641907781,3.8560308333333335,3.4303054166666667,3.263613988095238,0.3497556022033282,3.3057292530070352,3.3757838668779585
2026-02-12,16.0,IEX,2.73573,9547.68,17264.45,30446.58,3,2,0,1,False,False,True,0.5670406986377318,3.8560308333333335,3.4303054166666667,3.263613988095238,0.3497556022033282,3.3057292530070352,3.3757838668779585
2026-02-12,15.0,IEX,2.1265300000000003,10717.83,16386.4,40998.95,3,2,0,1,False,False,True,0.39967852825507033,3.8560308333333335,3.4303054166666667,3.263613988095238,0.3497556022033282,3.3057292530070352,3.3757838668779585
2026-02-12,13.0,IEX,2.37957,10797.6,15928.83,39884.6,3,2,0,1,False,False,True,0.3993729408344642,3.8560308333333335,3.4303054166666667,3.263613988095238,0.3497556022033282,3.3057292530070352,3.3757838668779585
2026-02-12,24.0,IEX,2.90161,7474.83,12669.13,25463.93,3,2,0,0,False,False,True,0.4975323917017002,3.8560308333333335,3.4303054166666667,3.263613988095238,0.3497556022033282,3.3057292530070352,3.3757838668779585
2026-02-12,11.0,IEX,2.77814,10241.3,17264.65,24367.0,3,2,0,1,False,False,True,0.7085258748682539,3.8560308333333335,3.4303054166666667,3.263613988095238,0.3497556022033282,3.3057292530070352,3.3757838668779585
2026-02-12,1.0,IEX,2.86097,8405.73,14701.78,28754.73,3,2,0,0,False,False,True,0.511282143664266,3.8560308333333335,3.4303054166666667,3.263613988095238,0.3497556022033282,3.3057292530070352,3.3757838668779585
2026-02-12,2.0,IEX,2.86306,9233.47,15894.23,31134.18,3,2,0,0,False,False,True,0.5105074228675663,3.8560308333333335,3.4303054166666667,3.263613988095238,0.3497556022033282,3.3057292530070352,3.3757838668779585
2026-02-12,3.0,IEX,2.83117,9855.41,16421.83,32651.5,3,2,0,0,False,False,True,0.502942590538584,3.8560308333333335,3.4303054166666667,3.263613988095238,0.3497556022033282,3.3057292530070352,3.3757838668779585
2026-02-12,4.0,IEX,2.8355,10415.89,16989.2,33214.35,3,2,0,0,False,False,True,0.5115018055414295,3.8560308333333335,3.4303054166666667,3.263613988095238,0.3497556022033282,3.3057292530070352,3.3757838668779585
2026-02-12,5.0,IEX,2.92828,10149.4,16966.93,30463.28,3,2,0,0,False,False,True,0.5569633340346268,3.8560308333333335,3.4303054166666667,3.263613988095238,0.3497556022033282,3.3057292530070352,3.3757838668779585
2026-02-12,12.0,IEX,2.6158,10226.02,17195.6,31249.55,3,2,0,1,False,False,True,0.5502671236704954,3.8560308333333335,3.4303054166666667,3.263613988095238,0.3497556022033282,3.3057292530070352,3.3757838668779585
2026-02-12,7.0,IEX,4.81222,9180.7,20051.03,14249.13,3,2,0,0,False,True,False,1.4071757353556493,3.8560308333333335,3.4303054166666667,3.263613988095238,0.3497556022033282,3.3057292530070352,3.3757838668779585
2026-02-12,8.0,IEX,10.0,10302.63,27722.2,13398.23,3,2,0,0,False,True,False,2.069094199704667,3.8560308333333335,3.4303054166666667,3.263613988095238,0.3497556022033282,3.3057292530070352,3.3757838668779585
2026-02-12,9.0,IEX,5.96068,12250.58,24374.7,16811.85,3,2,0,1,False,True,False,1.4498523354361048,3.8560308333333335,3.4303054166666667,3.263613988095238,0.3497556022033282,3.3057292530070352,3.3757838668779585
2026-02-12,10.0,IEX,3.36014,11968.98,21139.7,19892.38,3,2,0,1,False,True,False,1.0627034064990195,3.8560308333333335,3.4303054166666667,3.263613988095238,0.3497556022033282,3.3057292530070352,3.3757838668779585
2026-02-12,6.0,IEX,3.4183600000000003,9350.6,16896.65,21308.93,3,2,0,0,False,True,False,0.792937514557072,3.8560308333333335,3.4303054166666667,3.263613988095238,0.3497556022033282,3.3057292530070352,3.3757838668779585
2026-02-13,14.0,IEX,2.08046,12696.32,15504.93,46015.6,4,2,0,1,False,False,True,0.33694942577366166,3.7594154166666667,3.8560308333333335,3.337840357142857,0.3959504238169148,3.3755271243392864,3.4064743908610553
2026-02-13,15.0,IEX,2.32825,11285.79,17180.88,40560.98,4,2,0,1,False,False,True,0.4235814814080967,3.7594154166666667,3.8560308333333335,3.337840357142857,0.3959504238169148,3.3755271243392864,3.4064743908610553
2026-02-13,16.0,IEX,2.73062,10867.14,18116.83,31620.23,4,2,0,1,False,False,True,0.5729506077049564,3.7594154166666667,3.8560308333333335,3.337840357142857,0.3959504238169148,3.3755271243392864,3.4064743908610553
2026-02-13,17.0,IEX,2.90804,9900.58,16887.93,22844.08,4,2,0,1,False,False,True,0.7392694296556178,3.7594154166666667,3.8560308333333335,3.337840357142857,0.3959504238169148,3.3755271243392864,3.4064743908610553
2026-02-13,18.0,IEX,3.84264,9865.78,16753.75,17154.55,4,2,0,1,True,False,False,0.9766359356691747,3.7594154166666667,3.8560308333333335,3.337840357142857,0.3959504238169148,3.3755271243392864,3.4064743908610553
2026-02-13,20.0,IEX,5.26309,8407.57,18464.38,12387.58,4,2,0,1,True,False,False,1.4905558620081116,3.7594154166666667,3.8560308333333335,3.337840357142857,0.3959504238169148,3.3755271243392864,3.4064743908610553
2026-02-13,21.0,IEX,4.1677,8219.29,16095.7,14608.6,4,2,0,1,True,False,False,1.1017962014828278,3.7594154166666667,3.8560308333333335,3.337840357142857,0.3959504238169148,3.3755271243392864,3.4064743908610553
2026-02-13,22.0,IEX,3.53745,8198.8,13700.65,17937.48,4,2,0,1,True,False,False,0.763800154333942,3.7594154166666667,3.8560308333333335,3.337840357142857,0.3959504238169148,3.3755271243392864,3.4064743908610553
2026-02-13,23.0,IEX,3.15222,7871.29,13498.28,21893.05,4,2,0,0,False,False,True,0.6165554819376216,3.7594154166666667,3.8560308333333335,3.337840357142857,0.3959504238169148,3.3755271243392864,3.4064743908610553
2026-02-13,13.0,IEX,2.41794,12984.13,16840.98,40638.73,4,2,0,1,False,False,True,0.41440714303463533,3.7594154166666667,3.8560308333333335,3.337840357142857,0.3959504238169148,3.3755271243392864,3.4064743908610553
2026-02-13,19.0,IEX,7.174729999999999,9349.17,20448.83,13141.83,4,2,0,1,True,False,False,1.5560108435765714,3.7594154166666667,3.8560308333333335,3.337840357142857,0.3959504238169148,3.3755271243392864,3.4064743908610553
2026-02-13,24.0,IEX,2.94398,7294.13,12470.4,24880.9,4,2,0,0,False,False,True,0.5012037343901532,3.7594154166666667,3.8560308333333335,3.337840357142857,0.3959504238169148,3.3755271243392864,3.4064743908610553
2026-02-13,12.0,IEX,2.70269,11900.7,18201.45,32448.2,4,2,0,1,False,False,True,0.5609386651460054,3.7594154166666667,3.8560308333333335,3.337840357142857,0.3959504238169148,3.3755271243392864,3.4064743908610553
2026-02-13,10.0,IEX,3.5233600000000003,12318.49,21698.15,19390.88,4,2,0,1,False,True,False,1.1189873790570684,3.7594154166666667,3.8560308333333335,3.337840357142857,0.3959504238169148,3.3755271243392864,3.4064743908610553
2026-02-13,9.0,IEX,6.11447,12054.8,24209.8,16001.13,4,2,0,1,False,True,False,1.5130056430308325,3.7594154166666667,3.8560308333333335,3.337840357142857,0.3959504238169148,3.3755271243392864,3.4064743908610553
2026-02-13,8.0,IEX,10.0,9573.04,26894.65,12341.35,4,2,0,0,False,True,False,2.17923079551327,3.7594154166666667,3.8560308333333335,3.337840357142857,0.3959504238169148,3.3755271243392864,3.4064743908610553
2026-02-13,7.0,IEX,5.26516,8173.1,18414.13,12511.5,4,2,0,0,False,True,False,1.4717763645671773,3.7594154166666667,3.8560308333333335,3.337840357142857,0.3959504238169148,3.3755271243392864,3.4064743908610553
2026-02-13,6.0,IEX,3.23673,7933.27,14633.25,19398.58,4,2,0,0,False,True,False,0.7543464517741265,3.7594154166666667,3.8560308333333335,3.337840357142857,0.3959504238169148,3.3755271243392864,3.4064743908610553
2026-02-13,5.0,IEX,2.91486,9272.17,15548.65,27900.05,4,2,0,0,False,False,True,0.5572982842119285,3.7594154166666667,3.8560308333333335,3.337840357142857,0.3959504238169148,3.3755271243392864,3.4064743908610553
2026-02-13,4.0,IEX,2.84898,9439.35,15696.25,30963.8,4,2,0,0,False,False,True,0.5069225997755693,3.7594154166666667,3.8560308333333335,3.337840357142857,0.3959504238169148,3.3755271243392864,3.4064743908610553
2026-02-13,3.0,IEX,2.81957,8948.79,15211.33,30616.88,4,2,0,0,False,False,True,0.4968282200874719,3.7594154166666667,3.8560308333333335,3.337840357142857,0.3959504238169148,3.3755271243392864,3.4064743908610553
2026-02-13,2.0,IEX,2.82549,8633.92,14800.75,29683.25,4,2,0,0,False,False,True,0.4986229605927171,3.7594154166666667,3.8560308333333335,3.337840357142857,0.3959504238169148,3.3755271243392864,3.4064743908610553
2026-02-13,1.0,IEX,2.77932,8006.24,13493.18,28286.98,4,2,0,0,False,False,True,0.47701027098792087,3.7594154166666667,3.8560308333333335,3.337840357142857,0.3959504238169148,3.3755271243392864,3.4064743908610553
2026-02-13,11.0,IEX,2.64822,12104.23,17817.8,25365.13,4,2,0,1,False,False,True,0.7024525398835123,3.7594154166666667,3.8560308333333335,3.337840357142857,0.3959504238169148,3.3755271243392864,3.4064743908610553
2026-02-14,15.0,IEX,2.29061,10591.62,14340.68,41137.25,5,2,1,1,False,False,True,0.3486057039912474,3.5697533333333333,3.7594154166666667,3.388824702380952,0.4001309936355869,3.4054080795691397,3.419536706258838
2026-02-14,16.0,IEX,2.64082,9461.24,15114.1,31469.18,5,2,1,1,False,False,True,0.48028261286748414,3.5697533333333333,3.7594154166666667,3.388824702380952,0.4001309936355869,3.4054080795691397,3.419536706258838
2026-02-14,17.0,IEX,2.80722,8185.97,14552.28,21352.0,5,2,1,1,False,False,True,0.6815417756268538,3.5697533333333333,3.7594154166666667,3.388824702380952,0.4001309936355869,3.4054080795691397,3.419536706258838
2026-02-14,19.0,IEX,5.08463,9852.05,18771.65,13930.0,5,2,1,1,True,False,False,1.3475699918538624,3.5697533333333333,3.7594154166666667,3.388824702380952,0.4001309936355869,3.4054080795691397,3.419536706258838
2026-02-14,14.0,IEX,1.95884,10663.53,12916.95,46207.8,5,2,1,1,False,False,True,0.279540467133354,3.5697533333333333,3.7594154166666667,3.388824702380952,0.4001309936355869,3.4054080795691397,3.419536706258838
2026-02-14,21.0,IEX,4.0488,8800.76,14794.18,15063.73,5,2,1,1,True,False,False,0.9821060248808855,3.5697533333333333,3.7594154166666667,3.388824702380952,0.4001309936355869,3.4054080795691397,3.419536706258838
2026-02-14,22.0,IEX,3.37967,8310.4,12825.23,18532.2,5,2,1,1,True,False,False,0.6920511322497862,3.5697533333333333,3.7594154166666667,3.388824702380952,0.4001309936355869,3.4054080795691397,3.419536706258838
2026-02-14,23.0,IEX,3.11702,7656.43,13000.23,22283.05,5,2,1,0,False,False,True,0.5834134014044696,3.5697533333333333,3.7594154166666667,3.388824702380952,0.4001309936355869,3.4054080795691397,3.419536706258838
2026-02-14,24.0,IEX,2.90687,6741.62,11690.88,24999.7,5,2,1,0,False,False,True,0.46764081150268166,3.5697533333333333,3.7594154166666667,3.388824702380952,0.4001309936355869,3.4054080795691397,3.419536706258838
2026-02-14,20.0,IEX,5.063479999999999,8713.01,17598.8,12398.85,5,2,1,1,True,False,False,1.4193897003194733,3.5697533333333333,3.7594154166666667,3.388824702380952,0.4001309936355869,3.4054080795691397,3.419536706258838
2026-02-14,13.0,IEX,2.24196,10648.9,13384.3,42048.38,5,2,1,1,False,False,True,0.3183071499262737,3.5697533333333333,3.7594154166666667,3.388824702380952,0.4001309936355869,3.4054080795691397,3.419536706258838
2026-02-14,18.0,IEX,3.46477,9514.83,14702.33,17678.83,5,2,1,1,True,False,False,0.8316347853157506,3.5697533333333333,3.7594154166666667,3.388824702380952,0.4001309936355869,3.4054080795691397,3.419536706258838
2026-02-14,11.0,IEX,2.42055,10040.3,14967.08,26232.75,5,2,1,1,False,False,True,0.5705494084415285,3.5697533333333333,3.7594154166666667,3.388824702380952,0.4001309936355869,3.4054080795691397,3.419536706258838
2026-02-14,2.0,IEX,2.86951,8557.36,15683.73,29434.33,5,2,1,0,False,False,True,0.5328380158363251,3.5697533333333333,3.7594154166666667,3.388824702380952,0.4001309936355869,3.4054080795691397,3.419536706258838
2026-02-14,3.0,IEX,2.86026,9157.3,16481.53,30426.63,5,2,1,0,False,False,True,0.5416810864227549,3.5697533333333333,3.7594154166666667,3.388824702380952,0.4001309936355869,3.4054080795691397,3.419536706258838
2026-02-14,4.0,IEX,2.8687,9506.56,16443.25,30776.4,5,2,1,0,False,False,True,0.5342811373213627,3.5697533333333333,3.7594154166666667,3.388824702380952,0.4001309936355869,3.4054080795691397,3.419536706258838
2026-02-14,5.0,IEX,2.96479,9147.43,16360.25,28111.4,5,2,1,0,False,False,True,0.5819791968447038,3.5697533333333333,3.7594154166666667,3.388824702380952,0.4001309936355869,3.4054080795691397,3.419536706258838
2026-02-14,6.0,IEX,3.29045,7567.4,14677.6,19896.35,5,2,1,0,False,True,False,0.7377031461862588,3.5697533333333333,3.7594154166666667,3.388824702380952,0.4001309936355869,3.4054080795691397,3.419536706258838
2026-02-14,1.0,IEX,2.89665,8291.8,14628.78,28139.8,5,2,1,0,False,False,True,0.5198608374900103,3.5697533333333333,3.7594154166666667,3.388824702380952,0.4001309936355869,3.4054080795691397,3.419536706258838
2026-02-14,7.0,IEX,5.31303,8113.39,17471.25,12142.25,5,2,1,0,False,True,False,1.4388807663827703,3.5697533333333333,3.7594154166666667,3.388824702380952,0.4001309936355869,3.4054080795691397,3.419536706258838
2026-02-14,8.0,IEX,10.0,9668.79,25566.08,12156.6,5,2,1,0,False,True,False,2.103061709603786,3.5697533333333333,3.7594154166666667,3.388824702380952,0.4001309936355869,3.4054080795691397,3.419536706258838
2026-02-14,9.0,IEX,5.48189,11015.85,20787.9,16557.38,5,2,1,1,False,True,False,1.2555066071712393,3.5697533333333333,3.7594154166666667,3.388824702380952,0.4001309936355869,3.4054080795691397,3.419536706258838
2026-02-14,10.0,IEX,3.2218,10476.23,16754.45,19767.63,5,2,1,1,False,True,False,0.8475699915227217,3.5697533333333333,3.7594154166666667,3.388824702380952,0.4001309936355869,3.4054080795691397,3.419536706258838
2026-02-14,12.0,IEX,2.4817600000000004,9997.47,14361.48,34448.33,5,2,1,1,False,False,True,0.4168991645119228,3.5697533333333333,3.7594154166666667,3.388824702380952,0.4001309936355869,3.4054080795691397,3.419536706258838
2026-02-15,15.0,IEX,1.92972,9502.48,13752.25,41581.5,6,2,1,1,False,False,True,0.33073001206528624,2.8624395833333334,3.5697533333333333,3.4156824404761905,0.3469651153812333,3.3218744647636314,3.3749689364247977
2026-02-15,16.0,IEX,2.18449,8366.6,12661.7,33799.15,6,2,1,1,False,False,True,0.37461592957970363,2.8624395833333334,3.5697533333333333,3.4156824404761905,0.3469651153812333,3.3218744647636314,3.3749689364247977
2026-02-15,17.0,IEX,2.15733,7932.9,11945.28,25674.75,6,2,1,1,False,False,True,0.46525399450228183,2.8624395833333334,3.5697533333333333,3.4156824404761905,0.3469651153812333,3.3218744647636314,3.3749689364247977
2026-02-15,18.0,IEX,2.45023,7513.08,11069.65,21652.98,6,2,1,1,True,False,False,0.5112298628127723,2.8624395833333334,3.5697533333333333,3.4156824404761905,0.3469651153812333,3.3218744647636314,3.3749689364247977
2026-02-15,19.0,IEX,3.52549,7633.7,13652.18,17445.88,6,2,1,1,True,False,False,0.7825446461958098,2.8624395833333334,3.5697533333333333,3.4156824404761905,0.3469651153812333,3.3218744647636314,3.3749689364247977
2026-02-15,21.0,IEX,3.22019,8144.83,13236.23,17898.08,6,2,1,1,True,False,False,0.7395335137961537,2.8624395833333334,3.5697533333333333,3.4156824404761905,0.3469651153812333,3.3218744647636314,3.3749689364247977
2026-02-15,22.0,IEX,2.89919,7586.55,11995.73,21806.5,6,2,1,1,True,False,False,0.5500988234929499,2.8624395833333334,3.5697533333333333,3.4156824404761905,0.3469651153812333,3.3218744647636314,3.3749689364247977
2026-02-15,23.0,IEX,2.85936,7616.45,12301.08,24734.45,6,2,1,0,False,False,True,0.4973257943890704,2.8624395833333334,3.5697533333333333,3.4156824404761905,0.3469651153812333,3.3218744647636314,3.3749689364247977
2026-02-15,24.0,IEX,2.66327,7266.84,11760.13,26916.93,6,2,1,0,False,False,True,0.43690457996625,2.8624395833333334,3.5697533333333333,3.4156824404761905,0.3469651153812333,3.3218744647636314,3.3749689364247977
2026-02-15,14.0,IEX,1.43021,10533.71,13449.98,46764.35,6,2,1,1,False,False,True,0.2876118239026926,2.8624395833333334,3.5697533333333333,3.4156824404761905,0.3469651153812333,3.3218744647636314,3.3749689364247977
2026-02-15,20.0,IEX,3.4577600000000004,7572.15,13428.93,16583.58,6,2,1,1,True,False,False,0.8097726782698472,2.8624395833333334,3.5697533333333333,3.4156824404761905,0.3469651153812333,3.3218744647636314,3.3749689364247977
2026-02-15,13.0,IEX,1.74014,10774.37,13848.98,41935.35,6,2,1,1,False,False,True,0.3302459618602811,2.8624395833333334,3.5697533333333333,3.4156824404761905,0.3469651153812333,3.3218744647636314,3.3749689364247977
2026-02-15,12.0,IEX,1.85255,10504.07,14526.93,33787.25,6,2,1,1,False,False,True,0.42995301469342634,2.8624395833333334,3.5697533333333333,3.4156824404761905,0.3469651153812333,3.3218744647636314,3.3749689364247977
2026-02-15,11.0,IEX,1.80753,10290.47,13868.48,25041.83,6,2,1,1,False,False,True,0.5538125606020755,2.8624395833333334,3.5697533333333333,3.4156824404761905,0.3469651153812333,3.3218744647636314,3.3749689364247977
2026-02-15,2.0,IEX,2.83967,8854.7,16368.63,30298.7,6,2,1,0,False,False,True,0.5402419904021486,2.8624395833333334,3.5697533333333333,3.4156824404761905,0.3469651153812333,3.3218744647636314,3.3749689364247977
2026-02-15,3.0,IEX,2.8387,9543.66,17267.48,31029.9,6,2,1,0,False,False,True,0.5564787509606931,2.8624395833333334,3.5697533333333333,3.4156824404761905,0.3469651153812333,3.3218744647636314,3.3749689364247977
2026-02-15,4.0,IEX,2.84712,10022.47,17721.38,31447.88,6,2,1,0,False,False,True,0.5635158870602673,2.8624395833333334,3.5697533333333333,3.4156824404761905,0.3469651153812333,3.3218744647636314,3.3749689364247977
2026-02-15,5.0,IEX,2.92093,9819.76,17741.83,28724.0,6,2,1,0,False,False,True,0.6176657148664303,2.8624395833333334,3.5697533333333333,3.4156824404761905,0.3469651153812333,3.3218744647636314,3.3749689364247977
2026-02-15,1.0,IEX,2.86096,8751.99,15324.95,28755.85,6,2,1,0,False,False,True,0.5329332986043073,2.8624395833333334,3.5697533333333333,3.4156824404761905,0.3469651153812333,3.3218744647636314,3.3749689364247977
2026-02-15,7.0,IEX,4.06031,8736.05,17741.45,14307.0,6,2,1,0,False,True,False,1.2400538189417392,2.8624395833333334,3.5697533333333333,3.4156824404761905,0.3469651153812333,3.3218744647636314,3.3749689364247977
2026-02-15,8.0,IEX,6.5122,11080.94,21814.45,14677.25,6,2,1,0,False,True,False,1.4862763790994387,2.8624395833333334,3.5697533333333333,3.4156824404761905,0.3469651153812333,3.3218744647636314,3.3749689364247977
2026-02-15,9.0,IEX,3.68465,10597.48,19483.9,17120.05,6,2,1,1,False,True,False,1.1380749465462574,2.8624395833333334,3.5697533333333333,3.4156824404761905,0.3469651153812333,3.3218744647636314,3.3749689364247977
2026-02-15,10.0,IEX,2.67949,10761.29,17039.85,19922.35,6,2,1,1,False,True,False,0.855313253278196,2.8624395833333334,3.5697533333333333,3.4156824404761905,0.3469651153812333,3.3218744647636314,3.3749689364247977
2026-02-15,6.0,IEX,3.27706,8892.42,17233.8,21112.65,6,2,1,0,False,True,False,0.8162783919516127,2.8624395833333334,3.5697533333333333,3.4156824404761905,0.3469651153812333,3.3218744647636314,3.3749689364247977
2026-02-16,14.0,IEX,2.07677,9524.89,13407.43,41278.38,0,2,0,1,False,False,True,0.3248051400455141,3.8037795833333337,2.8624395833333334,3.501701547619048,0.35947217400195486,3.3960137137743547,3.409273788177481
2026-02-16,23.0,IEX,3.20968,8771.0,13908.48,21210.63,0,2,0,0,False,False,True,0.6557315833354636,3.8037795833333337,2.8624395833333334,3.501701547619048,0.35947217400195486,3.3960137137743547,3.409273788177481
2026-02-16,22.0,IEX,3.45914,9172.98,13748.63,17807.98,0,2,0,1,True,False,False,0.7720488226221902,3.8037795833333337,2.8624395833333334,3.501701547619048,0.35947217400195486,3.3960137137743547,3.409273788177481
2026-02-16,21.0,IEX,3.96664,9312.28,15210.5,15298.2,0,2,0,1,True,False,False,0.9942672987709225,3.8037795833333337,2.8624395833333334,3.501701547619048,0.35947217400195486,3.3960137137743547,3.409273788177481
2026-02-16,20.0,IEX,5.46271,9994.82,18560.08,13296.5,0,2,0,1,True,False,False,1.3958620679157208,3.8037795833333337,2.8624395833333334,3.501701547619048,0.35947217400195486,3.3960137137743547,3.409273788177481
2026-02-16,19.0,IEX,7.17566,10650.45,20126.23,13732.4,0,2,0,1,True,False,False,1.465601787403803,3.8037795833333337,2.8624395833333334,3.501701547619048,0.35947217400195486,3.3960137137743547,3.409273788177481
2026-02-16,18.0,IEX,3.64913,10799.05,16572.55,18160.03,0,2,0,1,True,False,False,0.9125838443479533,3.8037795833333337,2.8624395833333334,3.501701547619048,0.35947217400195486,3.3960137137743547,3.409273788177481
2026-02-16,17.0,IEX,2.90818,8307.13,15063.68,22135.83,0,2,0,1,False,False,True,0.6805111890177548,3.8037795833333337,2.8624395833333334,3.501701547619048,0.35947217400195486,3.3960137137743547,3.409273788177481
2026-02-16,16.0,IEX,2.69416,8622.16,15978.35,29911.13,0,2,0,1,False,False,True,0.5341941275591413,3.8037795833333337,2.8624395833333334,3.501701547619048,0.35947217400195486,3.3960137137743547,3.409273788177481
2026-02-16,15.0,IEX,2.3678000000000003,8939.68,14448.73,37629.93,0,2,0,1,False,False,True,0.3839690904596503,3.8037795833333337,2.8624395833333334,3.501701547619048,0.35947217400195486,3.3960137137743547,3.409273788177481
2026-02-16,13.0,IEX,2.21476,10528.18,14579.13,37576.88,0,2,0,1,False,False,True,0.38798138632372314,3.8037795833333337,2.8624395833333334,3.501701547619048,0.35947217400195486,3.3960137137743547,3.409273788177481
2026-02-16,24.0,IEX,3.05349,7855.34,13393.73,23813.68,0,2,0,0,False,False,True,0.5624384805026192,3.8037795833333337,2.8624395833333334,3.501701547619048,0.35947217400195486,3.3960137137743547,3.409273788177481
2026-02-16,11.0,IEX,2.64778,9066.2,15845.0,21778.4,0,2,0,1,False,False,True,0.727555742971221,3.8037795833333337,2.8624395833333334,3.501701547619048,0.35947217400195486,3.3960137137743547,3.409273788177481
2026-02-16,1.0,IEX,2.86724,8524.13,15098.08,26042.0,0,2,0,0,False,False,True,0.5797588508640815,3.8037795833333337,2.8624395833333334,3.501701547619048,0.35947217400195486,3.3960137137743547,3.409273788177481
2026-02-16,2.0,IEX,2.83917,8446.92,16021.48,27655.38,0,2,0,0,False,False,True,0.5793259754234705,3.8037795833333337,2.8624395833333334,3.501701547619048,0.35947217400195486,3.3960137137743547,3.409273788177481
2026-02-16,3.0,IEX,2.84591,9000.59,16690.35,28294.53,0,2,0,0,False,False,True,0.5898790329474004,3.8037795833333337,2.8624395833333334,3.501701547619048,0.35947217400195486,3.3960137137743547,3.409273788177481
2026-02-16,4.0,IEX,2.8835900000000003,9691.82,17234.6,28574.28,0,2,0,0,False,False,True,0.6031508053385244,3.8037795833333337,2.8624395833333334,3.501701547619048,0.35947217400195486,3.3960137137743547,3.409273788177481
2026-02-16,5.0,IEX,3.11645,9730.13,17382.35,26177.55,0,2,0,0,False,False,True,0.6640174498132875,3.8037795833333337,2.8624395833333334,3.501701547619048,0.35947217400195486,3.3960137137743547,3.409273788177481
2026-02-16,12.0,IEX,2.3106,9943.97,16015.88,29750.38,0,2,0,1,False,False,True,0.5383420310804964,3.8037795833333337,2.8624395833333334,3.501701547619048,0.35947217400195486,3.3960137137743547,3.409273788177481
2026-02-16,7.0,IEX,6.2399700000000005,9210.03,20471.13,12783.68,0,2,0,0,False,True,False,1.6013487496547563,3.8037795833333337,2.8624395833333334,3.501701547619048,0.35947217400195486,3.3960137137743547,3.409273788177481
2026-02-16,8.0,IEX,10.0,8605.8,26106.58,11209.4,0,2,0,0,False,True,False,2.3289899527816034,3.8037795833333337,2.8624395833333334,3.501701547619048,0.35947217400195486,3.3960137137743547,3.409273788177481
2026-02-16,9.0,IEX,6.01541,11051.01,22718.6,14612.93,0,2,0,1,False,True,False,1.55469163162029,3.8037795833333337,2.8624395833333334,3.501701547619048,0.35947217400195486,3.3960137137743547,3.409273788177481
2026-02-16,10.0,IEX,3.58775,11434.48,19465.38,17432.8,0,2,0,1,False,True,False,1.1165951533221312,3.8037795833333337,2.8624395833333334,3.501701547619048,0.35947217400195486,3.3960137137743547,3.409273788177481
2026-02-16,6.0,IEX,3.69872,9448.75,17817.9,19689.78,0,2,0,0,False,True,False,0.904931390343147,3.8037795833333337,2.8624395833333334,3.501701547619048,0.35947217400195486,3.3960137137743547,3.409273788177481
2026-02-17,14.0,IEX,2.13908,12793.64,15464.8,43517.4,1,2,0,1,False,False,True,0.3553704953983072,3.592154583333333,3.8037795833333337,3.55341125,0.33937826269498794,3.426189232168044,3.423904251789949
2026-02-17,23.0,IEX,3.13016,8581.1,13739.7,22337.5,1,2,0,0,False,False,True,0.6150956908270417,3.592154583333333,3.8037795833333337,3.55341125,0.33937826269498794,3.426189232168044,3.423904251789949
2026-02-17,22.0,IEX,3.22041,9003.1,13282.85,18893.08,1,2,0,1,True,False,False,0.7030537102986629,3.592154583333333,3.8037795833333337,3.55341125,0.33937826269498794,3.426189232168044,3.423904251789949
2026-02-17,21.0,IEX,3.66969,9290.01,14539.3,15318.28,1,2,0,1,True,False,False,0.9491470315537076,3.592154583333333,3.8037795833333337,3.55341125,0.33937826269498794,3.426189232168044,3.423904251789949
2026-02-17,20.0,IEX,5.17448,9981.5,17305.28,13658.8,1,2,0,1,True,False,False,1.266969278950589,3.592154583333333,3.8037795833333337,3.55341125,0.33937826269498794,3.426189232168044,3.423904251789949
2026-02-17,19.0,IEX,5.42653,10069.13,18198.7,14069.28,1,2,0,1,True,False,False,1.2935061344336696,3.592154583333333,3.8037795833333337,3.55341125,0.33937826269498794,3.426189232168044,3.423904251789949
2026-02-17,18.0,IEX,3.04142,8791.55,13224.03,18611.05,1,2,0,1,True,False,False,0.7105472282807541,3.592154583333333,3.8037795833333337,3.55341125,0.33937826269498794,3.426189232168044,3.423904251789949
2026-02-17,17.0,IEX,2.56543,9026.95,14574.15,23742.73,1,2,0,1,False,False,True,0.6138363193222361,3.592154583333333,3.8037795833333337,3.55341125,0.33937826269498794,3.426189232168044,3.423904251789949
2026-02-17,16.0,IEX,2.56769,10219.08,16720.78,32060.45,1,2,0,1,False,False,True,0.5215391547774472,3.592154583333333,3.8037795833333337,3.55341125,0.33937826269498794,3.426189232168044,3.423904251789949
2026-02-17,15.0,IEX,2.14764,11248.39,16040.9,39774.05,1,2,0,1,False,False,True,0.4033006444143101,3.592154583333333,3.8037795833333337,3.55341125,0.33937826269498794,3.426189232168044,3.423904251789949
2026-02-17,13.0,IEX,2.09532,11810.19,16352.83,39216.23,1,2,0,1,False,False,True,0.41699138330813756,3.592154583333333,3.8037795833333337,3.55341125,0.33937826269498794,3.426189232168044,3.423904251789949
2026-02-17,24.0,IEX,2.96077,7617.9,12937.6,25352.45,1,2,0,0,False,False,True,0.5103096542897,3.592154583333333,3.8037795833333337,3.55341125,0.33937826269498794,3.426189232168044,3.423904251789949
2026-02-17,11.0,IEX,2.74609,11183.72,17410.28,24436.78,1,2,0,1,False,False,True,0.7124621162393482,3.592154583333333,3.8037795833333337,3.55341125,0.33937826269498794,3.426189232168044,3.423904251789949
2026-02-17,1.0,IEX,2.93487,8834.6,15000.15,26924.15,1,2,0,0,False,False,True,0.5571262229050401,3.592154583333333,3.8037795833333337,3.55341125,0.33937826269498794,3.426189232168044,3.423904251789949
2026-02-17,2.0,IEX,2.91268,8966.82,15954.55,28316.35,1,2,0,0,False,False,True,0.5634394967700853,3.592154583333333,3.8037795833333337,3.55341125,0.33937826269498794,3.426189232168044,3.423904251789949
2026-02-17,3.0,IEX,2.94846,9538.91,16698.83,28598.75,1,2,0,0,False,False,True,0.5839006947562742,3.592154583333333,3.8037795833333337,3.55341125,0.33937826269498794,3.426189232168044,3.423904251789949
2026-02-17,4.0,IEX,2.95285,9905.6,17058.48,28859.83,1,2,0,0,False,False,True,0.5910804046347188,3.592154583333333,3.8037795833333337,3.55341125,0.33937826269498794,3.426189232168044,3.423904251789949
2026-02-17,5.0,IEX,3.02036,9716.05,16842.18,26389.05,1,2,0,0,False,False,True,0.6382260821673285,3.592154583333333,3.8037795833333337,3.55341125,0.33937826269498794,3.426189232168044,3.423904251789949
2026-02-17,12.0,IEX,2.51282,11527.98,17596.88,31966.35,1,2,0,1,False,False,True,0.5504813653887662,3.592154583333333,3.8037795833333337,3.55341125,0.33937826269498794,3.426189232168044,3.423904251789949
2026-02-17,7.0,IEX,6.340229999999999,8654.15,19150.43,12233.93,1,2,0,0,False,True,False,1.5653538956285071,3.592154583333333,3.8037795833333337,3.55341125,0.33937826269498794,3.426189232168044,3.423904251789949
2026-02-17,8.0,IEX,10.0,9494.96,26516.43,11950.08,1,2,0,0,False,True,False,2.2189332605146297,3.592154583333333,3.8037795833333337,3.55341125,0.33937826269498794,3.426189232168044,3.423904251789949
2026-02-17,9.0,IEX,5.293609999999999,11277.35,21530.5,16303.58,1,2,0,1,False,True,False,1.3205995239569472,3.592154583333333,3.8037795833333337,3.55341125,0.33937826269498794,3.426189232168044,3.423904251789949
2026-02-17,10.0,IEX,2.98169,11315.53,18528.83,19996.93,1,2,0,1,False,True,False,0.9265837301392846,3.592154583333333,3.8037795833333337,3.55341125,0.33937826269498794,3.426189232168044,3.423904251789949
2026-02-17,6.0,IEX,3.42943,8750.19,16441.3,18795.95,1,2,0,0,False,True,False,0.8747256718204051,3.592154583333333,3.8037795833333337,3.55341125,0.33937826269498794,3.426189232168044,3.423904251789949
2026-02-18,14.0,IEX,1.96483,11046.42,13781.25,42117.1,2,2,0,1,False,False,True,0.3272126997520692,3.9468366666666665,3.592154583333333,3.6272014285714285,0.363450870188034,3.506288837475524,3.4657388449800863
2026-02-18,15.0,IEX,2.1186700000000003,10178.77,14967.45,38308.45,2,2,0,1,False,False,True,0.39070883828745123,3.9468366666666665,3.592154583333333,3.6272014285714285,0.363450870188034,3.506288837475524,3.4657388449800863
2026-02-18,16.0,IEX,2.55343,8474.02,15434.83,28325.95,2,2,0,1,False,False,True,0.5449007004019633,3.9468366666666665,3.592154583333333,3.6272014285714285,0.363450870188034,3.506288837475524,3.4657388449800863
2026-02-18,17.0,IEX,2.82274,8217.84,15272.68,20492.45,2,2,0,1,False,False,True,0.7452832624965374,3.9468366666666665,3.592154583333333,3.6272014285714285,0.363450870188034,3.506288837475524,3.4657388449800863
2026-02-18,18.0,IEX,3.39982,9322.2,14633.33,16565.08,2,2,0,1,True,False,False,0.8833842028632616,3.9468366666666665,3.592154583333333,3.6272014285714285,0.363450870188034,3.506288837475524,3.4657388449800863
2026-02-18,20.0,IEX,7.750439999999999,8482.29,17507.53,11446.3,2,2,0,1,True,False,False,1.529536180661405,3.9468366666666665,3.592154583333333,3.6272014285714285,0.363450870188034,3.506288837475524,3.4657388449800863
2026-02-18,21.0,IEX,4.43674,8913.12,15547.63,13627.93,2,2,0,1,True,False,False,1.1408651195442996,3.9468366666666665,3.592154583333333,3.6272014285714285,0.363450870188034,3.506288837475524,3.4657388449800863
2026-02-18,22.0,IEX,3.61421,9242.41,14656.53,18116.7,2,2,0,1,True,False,False,0.8090066067170033,3.9468366666666665,3.592154583333333,3.6272014285714285,0.363450870188034,3.506288837475524,3.4657388449800863
2026-02-18,23.0,IEX,3.42043,8951.9,14432.6,21712.93,2,2,0,0,False,False,True,0.6647007102842866,3.9468366666666665,3.592154583333333,3.6272014285714285,0.363450870188034,3.506288837475524,3.4657388449800863
2026-02-18,13.0,IEX,2.10286,10815.87,15072.95,37027.68,2,2,0,1,False,False,True,0.40707249268464224,3.9468366666666665,3.592154583333333,3.6272014285714285,0.363450870188034,3.506288837475524,3.4657388449800863
2026-02-18,19.0,IEX,7.75254,9519.08,18705.13,12840.48,2,2,0,1,True,False,False,1.456731367163275,3.9468366666666665,3.592154583333333,3.6272014285714285,0.363450870188034,3.506288837475524,3.4657388449800863
2026-02-18,24.0,IEX,3.13669,7869.43,13960.5,25515.83,2,2,0,0,False,False,True,0.5471309377170442,3.9468366666666665,3.592154583333333,3.6272014285714285,0.363450870188034,3.506288837475524,3.4657388449800863
2026-02-18,12.0,IEX,2.64806,8858.63,15505.3,27068.35,2,2,0,1,False,False,True,0.5728202862114535,3.9468366666666665,3.592154583333333,3.6272014285714285,0.363450870188034,3.506288837475524,3.4657388449800863
2026-02-18,10.0,IEX,3.2200900000000003,11087.88,19278.65,17537.78,2,2,0,1,False,True,False,1.0992639883159308,3.9468366666666665,3.592154583333333,3.6272014285714285,0.363450870188034,3.506288837475524,3.4657388449800863
2026-02-18,9.0,IEX,5.97518,10222.62,21539.18,13647.28,2,2,0,1,False,True,False,1.5782764026397373,3.9468366666666665,3.592154583333333,3.6272014285714285,0.363450870188034,3.506288837475524,3.4657388449800863
2026-02-18,8.0,IEX,10.0,7376.1,25881.48,9671.6,2,2,0,0,False,True,False,2.6760287825426725,3.9468366666666665,3.592154583333333,3.6272014285714285,0.363450870188034,3.506288837475524,3.4657388449800863
2026-02-18,7.0,IEX,6.2878,7779.95,17621.38,11289.33,2,2,0,0,False,True,False,1.560888022973119,3.9468366666666665,3.592154583333333,3.6272014285714285,0.363450870188034,3.506288837475524,3.4657388449800863
2026-02-18,6.0,IEX,3.54179,9061.53,16909.45,18954.43,2,2,0,0,False,True,False,0.8921107092684345,3.9468366666666665,3.592154583333333,3.6272014285714285,0.363450870188034,3.506288837475524,3.4657388449800863
2026-02-18,5.0,IEX,3.05946,9831.59,17383.38,27513.25,2,2,0,0,False,False,True,0.6318184872264024,3.9468366666666665,3.592154583333333,3.6272014285714285,0.363450870188034,3.506288837475524,3.4657388449800863
2026-02-18,4.0,IEX,2.96439,10139.96,17626.15,30271.65,2,2,0,0,False,False,True,0.5822659152764168,3.9468366666666665,3.592154583333333,3.6272014285714285,0.363450870188034,3.506288837475524,3.4657388449800863
2026-02-18,3.0,IEX,2.95697,9632.74,17118.83,29941.78,2,2,0,0,False,False,True,0.5717372178368364,3.9468366666666665,3.592154583333333,3.6272014285714285,0.363450870188034,3.506288837475524,3.4657388449800863
2026-02-18,2.0,IEX,2.96115,8908.82,16289.28,29305.1,2,2,0,0,False,False,True,0.5558513703908701,3.9468366666666665,3.592154583333333,3.6272014285714285,0.363450870188034,3.506288837475524,3.4657388449800863
2026-02-18,1.0,IEX,3.01435,8768.31,15272.48,27698.08,2,2,0,0,False,False,True,0.5513912875724991,3.9468366666666665,3.592154583333333,3.6272014285714285,0.363450870188034,3.506288837475524,3.4657388449800863
2026-02-18,11.0,IEX,3.02144,9404.38,16653.4,20256.3,2,2,0,1,False,False,True,0.8221343479203339,3.9468366666666665,3.592154583333333,3.6272014285714285,0.363450870188034,3.506288837475524,3.4657388449800863
2026-02-19,15.0,IEX,2.10551,11418.16,16580.25,39495.35,3,2,0,1,False,False,True,0.4198025842485754,3.9967120833333336,3.9468366666666665,3.6472987500000005,0.38164711480661834,3.581738567607495,3.5082167040483463
2026-02-19,16.0,IEX,2.83575,9852.3,17909.35,28842.05,3,2,0,1,False,False,True,0.6209458063414542,3.9967120833333336,3.9468366666666665,3.6472987500000005,0.38164711480661834,3.581738567607495,3.5082167040483463
2026-02-19,17.0,IEX,3.0742800000000003,8845.98,16431.7,20520.88,3,2,0,1,False,False,True,0.8007307674910965,3.9967120833333336,3.9468366666666665,3.6472987500000005,0.38164711480661834,3.581738567607495,3.5082167040483463
2026-02-19,18.0,IEX,3.9584,8287.8,15643.33,14309.85,3,2,0,1,True,False,False,1.0931861612153964,3.9967120833333336,3.9468366666666665,3.6472987500000005,0.38164711480661834,3.581738567607495,3.5082167040483463
2026-02-19,14.0,IEX,1.7824,11643.06,14963.48,43989.25,3,2,0,1,False,False,True,0.3401621986416767,3.9967120833333336,3.9468366666666665,3.6472987500000005,0.38164711480661834,3.581738567607495,3.5082167040483463
2026-02-19,20.0,IEX,7.52231,8279.58,17844.25,11271.98,3,2,0,1,True,False,False,1.5830626016165195,3.9967120833333336,3.9468366666666665,3.6472987500000005,0.38164711480661834,3.581738567607495,3.5082167040483463
2026-02-19,21.0,IEX,4.1224,8285.68,15491.53,14571.05,3,2,0,1,True,False,False,1.0631718365778913,3.9967120833333336,3.9468366666666665,3.6472987500000005,0.38164711480661834,3.581738567607495,3.5082167040483463
2026-02-19,22.0,IEX,3.5925700000000003,8258.39,13828.3,18316.73,3,2,0,1,True,False,False,0.7549546230386348,3.9967120833333336,3.9468366666666665,3.6472987500000005,0.38164711480661834,3.581738567607495,3.5082167040483463
2026-02-19,23.0,IEX,3.45251,8018.8,13985.9,20995.0,3,2,0,0,False,False,True,0.6661538458365545,3.9967120833333336,3.9468366666666665,3.6472987500000005,0.38164711480661834,3.581738567607495,3.5082167040483463
2026-02-19,19.0,IEX,8.957709999999999,8387.1,19641.68,11282.58,3,2,0,1,True,False,False,1.7408855051407697,3.9967120833333336,3.9468366666666665,3.6472987500000005,0.38164711480661834,3.581738567607495,3.5082167040483463
2026-02-19,13.0,IEX,2.14292,12402.99,16625.9,39558.28,3,2,0,1,False,False,True,0.4202887485451115,3.9967120833333336,3.9468366666666665,3.6472987500000005,0.38164711480661834,3.581738567607495,3.5082167040483463
2026-02-19,24.0,IEX,3.05738,7291.95,13514.25,23915.6,3,2,0,0,False,False,True,0.5650809511092839,3.9967120833333336,3.9468366666666665,3.6472987500000005,0.38164711480661834,3.581738567607495,3.5082167040483463
2026-02-19,11.0,IEX,2.89756,10094.43,16104.9,22405.93,3,2,0,1,False,False,True,0.7187784659155954,3.9967120833333336,3.9468366666666665,3.6472987500000005,0.38164711480661834,3.581738567607495,3.5082167040483463
2026-02-19,1.0,IEX,3.04472,8590.73,16376.93,27258.8,3,2,0,0,False,False,True,0.6007942387042738,3.9967120833333336,3.9468366666666665,3.6472987500000005,0.38164711480661834,3.581738567607495,3.5082167040483463
2026-02-19,2.0,IEX,3.05359,9757.53,17374.3,30341.43,3,2,0,0,False,False,True,0.572626273523487,3.9967120833333336,3.9468366666666665,3.6472987500000005,0.38164711480661834,3.581738567607495,3.5082167040483463
2026-02-19,3.0,IEX,3.02189,10346.0,17799.78,30978.23,3,2,0,0,False,False,True,0.5745899618620592,3.9967120833333336,3.9468366666666665,3.6472987500000005,0.38164711480661834,3.581738567607495,3.5082167040483463
2026-02-19,4.0,IEX,2.98766,10803.83,18072.48,31486.63,3,2,0,0,False,False,True,0.5739731433392607,3.9967120833333336,3.9468366666666665,3.6472987500000005,0.38164711480661834,3.581738567607495,3.5082167040483463
2026-02-19,5.0,IEX,3.15322,10624.45,18095.05,28845.05,3,2,0,0,False,False,True,0.6273190718590125,3.9967120833333336,3.9468366666666665,3.6472987500000005,0.38164711480661834,3.581738567607495,3.5082167040483463
2026-02-19,12.0,IEX,2.52306,10948.66,16649.98,30692.85,3,2,0,1,False,False,True,0.5424709661883889,3.9967120833333336,3.9468366666666665,3.6472987500000005,0.38164711480661834,3.581738567607495,3.5082167040483463
2026-02-19,7.0,IEX,5.32416,7721.75,17333.28,12048.75,3,2,0,0,False,True,False,1.4385957037546668,3.9967120833333336,3.9468366666666665,3.6472987500000005,0.38164711480661834,3.581738567607495,3.5082167040483463
2026-02-19,8.0,IEX,10.0,8254.51,25746.3,10550.03,3,2,0,0,False,True,False,2.440400641097323,3.9967120833333336,3.9468366666666665,3.6472987500000005,0.38164711480661834,3.581738567607495,3.5082167040483463
2026-02-19,9.0,IEX,6.17156,10191.65,21618.3,13628.2,3,2,0,1,False,True,False,1.5862916587764402,3.9967120833333336,3.9468366666666665,3.6472987500000005,0.38164711480661834,3.581738567607495,3.5082167040483463
2026-02-19,10.0,IEX,3.44517,11158.5,19011.23,16933.8,3,2,0,1,False,True,False,1.1226794924218548,3.9967120833333336,3.9468366666666665,3.6472987500000005,0.38164711480661834,3.581738567607495,3.5082167040483463
2026-02-19,6.0,IEX,3.69436,9333.55,16972.58,20019.1,3,2,0,0,False,True,False,0.8478193321139217,3.9967120833333336,3.9468366666666665,3.6472987500000005,0.38164711480661834,3.581738567607495,3.5082167040483463
2026-02-20,23.0,IEX,3.18704,8257.38,13010.6,23533.15,4,2,0,0,False,False,True,0.5528626637093366,3.7544945833333334,3.9967120833333336,3.646595773809524,0.3814106409003751,3.608316416180701,3.5279189343911455
2026-02-20,22.0,IEX,3.44415,9073.08,13127.63,20451.48,4,2,0,1,True,False,False,0.6418914422614445,3.7544945833333334,3.9967120833333336,3.646595773809524,0.3814106409003751,3.608316416180701,3.5279189343911455
2026-02-20,21.0,IEX,3.95878,8945.19,13928.28,15982.8,4,2,0,1,True,False,False,0.8714543128416459,3.7544945833333334,3.9967120833333336,3.646595773809524,0.3814106409003751,3.608316416180701,3.5279189343911455
2026-02-20,20.0,IEX,6.59243,9241.93,15839.65,12500.45,4,2,0,1,True,False,False,1.267126382436531,3.7544945833333334,3.9967120833333336,3.646595773809524,0.3814106409003751,3.608316416180701,3.5279189343911455
2026-02-20,19.0,IEX,8.99995,9284.3,17567.15,11500.5,4,2,0,1,True,False,False,1.5275118459827732,3.7544945833333334,3.9967120833333336,3.646595773809524,0.3814106409003751,3.608316416180701,3.5279189343911455
2026-02-20,18.0,IEX,3.83113,8974.82,14458.53,16441.25,4,2,0,1,True,False,False,0.8794057624089374,3.7544945833333334,3.9967120833333336,3.646595773809524,0.3814106409003751,3.608316416180701,3.5279189343911455
2026-02-20,17.0,IEX,2.96799,9141.03,16758.25,22684.95,4,2,0,1,False,False,True,0.7387386788426958,3.7544945833333334,3.9967120833333336,3.646595773809524,0.3814106409003751,3.608316416180701,3.5279189343911455
2026-02-20,16.0,IEX,2.75277,9480.02,17857.35,29498.9,4,2,0,1,False,False,True,0.6053564707140413,3.7544945833333334,3.9967120833333336,3.646595773809524,0.3814106409003751,3.608316416180701,3.5279189343911455
2026-02-20,15.0,IEX,2.08746,10998.49,15911.63,39525.58,4,2,0,1,False,False,True,0.40256537654790503,3.7544945833333334,3.9967120833333336,3.646595773809524,0.3814106409003751,3.608316416180701,3.5279189343911455
2026-02-20,14.0,IEX,1.73469,11088.35,13871.93,46143.28,4,2,0,1,False,False,True,0.3006273068796524,3.7544945833333334,3.9967120833333336,3.646595773809524,0.3814106409003751,3.608316416180701,3.5279189343911455
2026-02-20,13.0,IEX,2.03732,11704.74,14835.9,41184.83,4,2,0,1,False,False,True,0.3602272971965096,3.7544945833333334,3.9967120833333336,3.646595773809524,0.3814106409003751,3.608316416180701,3.5279189343911455
2026-02-20,24.0,IEX,3.03035,7187.66,12406.28,26022.78,4,2,0,0,False,False,True,0.47674691156104504,3.7544945833333334,3.9967120833333336,3.646595773809524,0.3814106409003751,3.608316416180701,3.5279189343911455
2026-02-20,11.0,IEX,2.21525,10299.0,15423.68,26326.55,4,2,0,1,False,False,True,0.5858602815082644,3.7544945833333334,3.9967120833333336,3.646595773809524,0.3814106409003751,3.608316416180701,3.5279189343911455
2026-02-20,1.0,IEX,3.02365,9446.21,15794.25,27603.0,4,2,0,0,False,False,True,0.5721932396579382,3.7544945833333334,3.9967120833333336,3.646595773809524,0.3814106409003751,3.608316416180701,3.5279189343911455
2026-02-20,2.0,IEX,3.02842,10298.05,16355.35,30815.75,4,2,0,0,False,False,True,0.5307464525345817,3.7544945833333334,3.9967120833333336,3.646595773809524,0.3814106409003751,3.608316416180701,3.5279189343911455
2026-02-20,3.0,IEX,2.85458,9812.2,16175.8,30368.5,4,2,0,0,False,False,True,0.532650608185241,3.7544945833333334,3.9967120833333336,3.646595773809524,0.3814106409003751,3.608316416180701,3.5279189343911455
2026-02-20,4.0,IEX,2.88387,10048.95,16622.78,29740.3,4,2,0,0,False,False,True,0.5589311471105096,3.7544945833333334,3.9967120833333336,3.646595773809524,0.3814106409003751,3.608316416180701,3.5279189343911455
2026-02-20,5.0,IEX,3.02251,9942.47,17040.8,27975.85,4,2,0,0,False,False,True,0.6091253704144377,3.7544945833333334,3.9967120833333336,3.646595773809524,0.3814106409003751,3.608316416180701,3.5279189343911455
2026-02-20,12.0,IEX,2.08036,10829.79,15079.53,33472.0,4,2,0,1,False,False,True,0.4505117708979111,3.7544945833333334,3.9967120833333336,3.646595773809524,0.3814106409003751,3.608316416180701,3.5279189343911455
2026-02-20,7.0,IEX,4.254020000000001,7809.45,15736.3,14670.23,4,2,0,0,False,True,False,1.0726689349296712,3.7544945833333334,3.9967120833333336,3.646595773809524,0.3814106409003751,3.608316416180701,3.5279189343911455
2026-02-20,8.0,IEX,10.0,9156.75,24171.0,11144.25,4,2,0,0,False,True,False,2.168921190597015,3.7544945833333334,3.9967120833333336,3.646595773809524,0.3814106409003751,3.608316416180701,3.5279189343911455
2026-02-20,9.0,IEX,5.56849,10209.78,19639.23,15218.53,4,2,0,1,False,True,False,1.290481405700497,3.7544945833333334,3.9967120833333336,3.646595773809524,0.3814106409003751,3.608316416180701,3.5279189343911455
2026-02-20,10.0,IEX,3.07416,10382.0,17290.53,18969.6,4,2,0,1,False,True,False,0.911486272292781,3.7544945833333334,3.9967120833333336,3.646595773809524,0.3814106409003751,3.608316416180701,3.5279189343911455
2026-02-20,6.0,IEX,3.4785,8526.08,15949.33,20531.6,4,2,0,0,False,True,False,0.776818659638402,3.7544945833333334,3.9967120833333336,3.646595773809524,0.3814106409003751,3.608316416180701,3.5279189343911455
2026-02-21,14.0,IEX,1.5855899999999998,11734.83,15024.15,46612.58,5,2,1,1,False,False,True,0.32231963982205664,3.346967083333334,3.7544945833333334,3.6147691666666666,0.39783298903659875,3.568108826511875,3.5134427863065207
2026-02-21,15.0,IEX,2.01527,11996.62,15658.78,40808.33,5,2,1,1,False,False,True,0.38371528548614575,3.346967083333334,3.7544945833333334,3.6147691666666666,0.39783298903659875,3.568108826511875,3.5134427863065207
2026-02-21,16.0,IEX,2.52312,10569.51,17173.85,30323.73,5,2,1,1,False,False,True,0.5663501816675092,3.346967083333334,3.7544945833333334,3.6147691666666666,0.39783298903659875,3.568108826511875,3.5134427863065207
2026-02-21,17.0,IEX,2.91,10078.13,17012.2,22250.6,5,2,1,1,False,False,True,0.7645726403941591,3.346967083333334,3.7544945833333334,3.6147691666666666,0.39783298903659875,3.568108826511875,3.5134427863065207
2026-02-21,18.0,IEX,3.5978600000000003,8902.63,14429.15,16129.83,5,2,1,1,True,False,False,0.8945630543567025,3.346967083333334,3.7544945833333334,3.6147691666666666,0.39783298903659875,3.568108826511875,3.5134427863065207
2026-02-21,20.0,IEX,4.73556,8864.4,15707.1,13942.1,5,2,1,1,True,False,False,1.1265949884690292,3.346967083333334,3.7544945833333334,3.6147691666666666,0.39783298903659875,3.568108826511875,3.5134427863065207
2026-02-21,21.0,IEX,3.51982,7822.27,12820.05,15142.28,5,2,1,1,True,False,False,0.846639343053596,3.346967083333334,3.7544945833333334,3.6147691666666666,0.39783298903659875,3.568108826511875,3.5134427863065207
2026-02-21,22.0,IEX,3.09638,7348.58,11495.75,19345.7,5,2,1,1,True,False,False,0.5942276575186074,3.346967083333334,3.7544945833333334,3.6147691666666666,0.39783298903659875,3.568108826511875,3.5134427863065207
2026-02-21,23.0,IEX,2.90106,6797.35,11340.2,21639.13,5,2,1,0,False,False,True,0.5240598857144165,3.346967083333334,3.7544945833333334,3.6147691666666666,0.39783298903659875,3.568108826511875,3.5134427863065207
2026-02-21,13.0,IEX,1.74102,11585.08,15524.55,42798.05,5,2,1,1,False,False,True,0.36273965744636966,3.346967083333334,3.7544945833333334,3.6147691666666666,0.39783298903659875,3.568108826511875,3.5134427863065207
2026-02-21,19.0,IEX,5.57585,9639.9,17798.88,13920.28,5,2,1,1,True,False,False,1.2786294519372963,3.346967083333334,3.7544945833333334,3.6147691666666666,0.39783298903659875,3.568108826511875,3.5134427863065207
2026-02-21,24.0,IEX,2.8331,6084.88,11108.5,23831.73,5,2,1,0,False,False,True,0.46612226621142394,3.346967083333334,3.7544945833333334,3.6147691666666666,0.39783298903659875,3.568108826511875,3.5134427863065207
2026-02-21,12.0,IEX,1.94648,11400.17,16199.83,36088.3,5,2,1,1,False,False,True,0.44889423983704013,3.346967083333334,3.7544945833333334,3.6147691666666666,0.39783298903659875,3.568108826511875,3.5134427863065207
2026-02-21,10.0,IEX,2.81867,11098.56,18070.95,20394.93,5,2,1,1,False,True,False,0.8860510916752099,3.346967083333334,3.7544945833333334,3.6147691666666666,0.39783298903659875,3.568108826511875,3.5134427863065207
2026-02-21,11.0,IEX,2.2105300000000003,11103.83,15849.08,27186.78,5,2,1,1,False,False,True,0.5829701051088176,3.346967083333334,3.7544945833333334,3.6147691666666666,0.39783298903659875,3.568108826511875,3.5134427863065207
2026-02-21,1.0,IEX,2.77914,7421.02,13804.1,28150.3,5,2,1,0,False,False,True,0.49037132801768674,3.346967083333334,3.7544945833333334,3.6147691666666666,0.39783298903659875,3.568108826511875,3.5134427863065207
2026-02-21,2.0,IEX,2.82933,8180.25,15014.5,29742.45,5,2,1,0,False,False,True,0.5048171887303107,3.346967083333334,3.7544945833333334,3.6147691666666666,0.39783298903659875,3.568108826511875,3.5134427863065207
2026-02-21,3.0,IEX,2.82776,9189.14,16102.88,30717.45,5,2,1,0,False,False,True,0.52422580633346,3.346967083333334,3.7544945833333334,3.6147691666666666,0.39783298903659875,3.568108826511875,3.5134427863065207
2026-02-21,4.0,IEX,2.88572,9996.07,16961.7,30286.1,5,2,1,0,False,False,True,0.5600489991910319,3.346967083333334,3.7544945833333334,3.6147691666666666,0.39783298903659875,3.568108826511875,3.5134427863065207
2026-02-21,6.0,IEX,3.47858,8771.52,16760.73,21240.68,5,2,1,0,False,True,False,0.7890863188988835,3.346967083333334,3.7544945833333334,3.6147691666666666,0.39783298903659875,3.568108826511875,3.5134427863065207
2026-02-21,7.0,IEX,4.16314,9022.22,17278.58,15720.2,5,2,1,0,False,True,False,1.0991323258615462,3.346967083333334,3.7544945833333334,3.6147691666666666,0.39783298903659875,3.568108826511875,3.5134427863065207
2026-02-21,8.0,IEX,9.99727,11579.95,24524.93,13937.0,5,2,1,0,False,True,False,1.7596993601494588,3.346967083333334,3.7544945833333334,3.6147691666666666,0.39783298903659875,3.568108826511875,3.5134427863065207
2026-02-21,9.0,IEX,4.31082,10843.73,20450.48,15789.4,5,2,1,1,False,True,False,1.295203110127552,3.346967083333334,3.7544945833333334,3.6147691666666666,0.39783298903659875,3.568108826511875,3.5134427863065207
2026-02-21,5.0,IEX,3.04514,9805.85,17256.23,28373.35,5,2,1,0,False,False,True,0.6081844404667816,3.346967083333334,3.7544945833333334,3.6147691666666666,0.39783298903659875,3.568108826511875,3.5134427863065207
2026-02-22,24.0,IEX,2.7573600000000003,6677.51,12763.73,25686.53,6,2,1,0,False,False,True,0.4969036298414369,2.9846125000000003,3.346967083333334,3.6322224404761907,0.360229516700583,3.4783401608946636,3.471136363401999
2026-02-22,14.0,IEX,1.10548,12140.04,15744.2,51560.65,6,2,1,1,False,False,True,0.30535301624293854,2.9846125000000003,3.346967083333334,3.6322224404761907,0.360229516700583,3.4783401608946636,3.471136363401999
2026-02-22,15.0,IEX,1.5406099999999998,11469.23,16870.43,47562.9,6,2,1,1,False,False,True,0.35469725345706477,2.9846125000000003,3.346967083333334,3.6322224404761907,0.360229516700583,3.4783401608946636,3.471136363401999
2026-02-22,16.0,IEX,2.05712,10158.75,16445.33,37286.2,6,2,1,1,False,False,True,0.44105674473637524,2.9846125000000003,3.346967083333334,3.6322224404761907,0.360229516700583,3.4783401608946636,3.471136363401999
2026-02-22,17.0,IEX,2.3681,8743.24,13835.13,26769.93,6,2,1,1,False,False,True,0.5168160691803019,2.9846125000000003,3.346967083333334,3.6322224404761907,0.360229516700583,3.4783401608946636,3.471136363401999
2026-02-22,20.0,IEX,3.61748,8592.27,14966.93,16061.23,6,2,1,1,True,False,False,0.9318669859457421,2.9846125000000003,3.346967083333334,3.6322224404761907,0.360229516700583,3.4783401608946636,3.471136363401999
2026-02-22,19.0,IEX,3.81544,8536.91,15590.88,16712.25,6,2,1,1,True,False,False,0.9329013143455241,2.9846125000000003,3.346967083333334,3.6322224404761907,0.360229516700583,3.4783401608946636,3.471136363401999
2026-02-22,21.0,IEX,3.2889,8269.75,13992.13,18507.38,6,2,1,1,True,False,False,0.756029756369605,2.9846125000000003,3.346967083333334,3.6322224404761907,0.360229516700583,3.4783401608946636,3.471136363401999
2026-02-22,22.0,IEX,2.95118,7560.03,12882.05,21656.88,6,2,1,1,True,False,False,0.5948248313723745,2.9846125000000003,3.346967083333334,3.6322224404761907,0.360229516700583,3.4783401608946636,3.471136363401999
2026-02-22,13.0,IEX,1.36563,11475.96,16480.0,48124.73,6,2,1,1,False,False,True,0.3424434796117415,2.9846125000000003,3.346967083333334,3.6322224404761907,0.360229516700583,3.4783401608946636,3.471136363401999
2026-02-22,18.0,IEX,2.50472,8125.2,11914.33,20170.13,6,2,1,1,True,False,False,0.5906917800774255,2.9846125000000003,3.346967083333334,3.6322224404761907,0.360229516700583,3.4783401608946636,3.471136363401999
2026-02-22,23.0,IEX,2.87622,7117.25,13092.18,23215.28,6,2,1,0,False,False,True,0.5639466762563508,2.9846125000000003,3.346967083333334,3.6322224404761907,0.360229516700583,3.4783401608946636,3.471136363401999
2026-02-22,12.0,IEX,1.84173,11552.85,17591.85,40792.08,6,2,1,1,False,False,True,0.4312565085106577,2.9846125000000003,3.346967083333334,3.6322224404761907,0.360229516700583,3.4783401608946636,3.471136363401999
2026-02-22,10.0,IEX,2.68504,12069.84,19894.98,23311.15,6,2,1,1,False,True,False,0.8534533899642646,2.9846125000000003,3.346967083333334,3.6322224404761907,0.360229516700583,3.4783401608946636,3.471136363401999
2026-02-22,1.0,IEX,2.92821,8465.9,16698.0,26123.25,6,2,1,0,False,False,True,0.6392007117647304,2.9846125000000003,3.346967083333334,3.6322224404761907,0.360229516700583,3.4783401608946636,3.471136363401999
2026-02-22,2.0,IEX,2.89327,9347.65,17882.4,29592.78,6,2,1,0,False,False,True,0.6042825308726377,2.9846125000000003,3.346967083333334,3.6322224404761907,0.360229516700583,3.4783401608946636,3.471136363401999
2026-02-22,3.0,IEX,2.88767,9891.45,18544.98,30390.73,6,2,1,0,False,False,True,0.6102183130809236,2.9846125000000003,3.346967083333334,3.6322224404761907,0.360229516700583,3.4783401608946636,3.471136363401999
2026-02-22,4.0,IEX,2.98813,10435.66,19312.4,30231.73,6,2,1,0,False,False,True,0.6388122675616605,2.9846125000000003,3.346967083333334,3.6322224404761907,0.360229516700583,3.4783401608946636,3.471136363401999
2026-02-22,11.0,IEX,1.98817,11454.51,16850.58,31331.45,6,2,1,1,False,False,True,0.5378167941356635,2.9846125000000003,3.346967083333334,3.6322224404761907,0.360229516700583,3.4783401608946636,3.471136363401999
2026-02-22,6.0,IEX,3.61536,9866.24,18979.2,21481.9,6,2,1,0,False,True,False,0.883497269383296,2.9846125000000003,3.346967083333334,3.6322224404761907,0.360229516700583,3.4783401608946636,3.471136363401999
2026-02-22,7.0,IEX,4.26219,9679.6,18812.18,16649.48,6,2,1,0,False,True,False,1.1298959480236646,2.9846125000000003,3.346967083333334,3.6322224404761907,0.360229516700583,3.4783401608946636,3.471136363401999
2026-02-22,8.0,IEX,7.7234,12561.28,24163.23,15824.33,6,2,1,0,False,True,False,1.5269670175438916,2.9846125000000003,3.346967083333334,3.6322224404761907,0.360229516700583,3.4783401608946636,3.471136363401999
2026-02-22,9.0,IEX,4.34507,12268.06,22451.43,18248.68,6,2,1,1,False,True,False,1.2303043281868582,2.9846125000000003,3.346967083333334,3.6322224404761907,0.360229516700583,3.4783401608946636,3.471136363401999
2026-02-22,5.0,IEX,3.22422,10717.1,19930.88,27900.4,6,2,1,0,False,False,True,0.7143582168304546,2.9846125000000003,3.346967083333334,3.6322224404761907,0.360229516700583,3.4783401608946636,3.471136363401999
2026-02-23,15.0,IEX,2.21029,12769.28,16934.38,37227.75,0,2,0,1,False,False,True,0.454885938458573,4.065254583333334,2.9846125000000003,3.6695760119047622,0.3930457536146127,3.56863468742369,3.518665820996506
2026-02-23,24.0,IEX,3.29944,8867.3,15108.1,21699.15,0,2,0,0,False,False,True,0.6962530787167917,4.065254583333334,2.9846125000000003,3.6695760119047622,0.3930457536146127,3.56863468742369,3.518665820996506
2026-02-23,23.0,IEX,3.63126,9415.84,15439.93,19715.58,0,2,0,0,False,False,True,0.783133440262405,4.065254583333334,2.9846125000000003,3.6695760119047622,0.3930457536146127,3.56863468742369,3.518665820996506
2026-02-23,22.0,IEX,3.94807,9413.81,15399.6,17436.65,0,2,0,1,True,False,False,0.8831742330762077,4.065254583333334,2.9846125000000003,3.6695760119047622,0.3930457536146127,3.56863468742369,3.518665820996506
2026-02-23,21.0,IEX,4.9126,10285.11,17343.28,14496.25,0,2,0,1,True,False,False,1.1963976882321996,4.065254583333334,2.9846125000000003,3.6695760119047622,0.3930457536146127,3.56863468742369,3.518665820996506
2026-02-23,20.0,IEX,7.6697,10128.47,18348.68,13177.2,0,2,0,1,True,False,False,1.392456666520614,4.065254583333334,2.9846125000000003,3.6695760119047622,0.3930457536146127,3.56863468742369,3.518665820996506
2026-02-23,19.0,IEX,9.43355,9787.2,19715.1,12668.0,0,2,0,1,True,False,False,1.5562914417774774,4.065254583333334,2.9846125000000003,3.6695760119047622,0.3930457536146127,3.56863468742369,3.518665820996506
2026-02-23,18.0,IEX,4.21314,10164.75,16805.98,16704.55,0,2,0,1,True,False,False,1.0060719977454813,4.065254583333334,2.9846125000000003,3.6695760119047622,0.3930457536146127,3.56863468742369,3.518665820996506
2026-02-23,17.0,IEX,3.2430700000000003,9855.69,16378.03,21554.8,0,2,0,1,False,False,True,0.7598321484032179,4.065254583333334,2.9846125000000003,3.6695760119047622,0.3930457536146127,3.56863468742369,3.518665820996506
2026-02-23,16.0,IEX,2.86356,10390.56,17793.75,28680.75,0,2,0,1,False,False,True,0.6204074159077404,4.065254583333334,2.9846125000000003,3.6695760119047622,0.3930457536146127,3.56863468742369,3.518665820996506
2026-02-23,14.0,IEX,1.78069,12151.94,15762.9,43777.15,0,2,0,1,False,False,True,0.3600714070331048,4.065254583333334,2.9846125000000003,3.6695760119047622,0.3930457536146127,3.56863468742369,3.518665820996506
2026-02-23,13.0,IEX,2.02375,12309.9,17233.2,40348.53,0,2,0,1,False,False,True,0.42710849678362295,4.065254583333334,2.9846125000000003,3.6695760119047622,0.3930457536146127,3.56863468742369,3.518665820996506
2026-02-23,1.0,IEX,3.01711,9417.54,16427.2,26691.45,0,2,0,0,False,False,True,0.6154480177676942,4.065254583333334,2.9846125000000003,3.6695760119047622,0.3930457536146127,3.56863468742369,3.518665820996506
2026-02-23,12.0,IEX,2.2045700000000004,11262.55,17784.63,32536.78,0,2,0,1,False,False,True,0.5466008005258662,4.065254583333334,2.9846125000000003,3.6695760119047622,0.3930457536146127,3.56863468742369,3.518665820996506
2026-02-23,2.0,IEX,3.0742800000000003,10335.15,17190.4,28658.98,0,2,0,0,False,False,True,0.5998259531219096,4.065254583333334,2.9846125000000003,3.6695760119047622,0.3930457536146127,3.56863468742369,3.518665820996506
2026-02-23,3.0,IEX,3.06597,11012.12,17400.68,29282.15,0,2,0,0,False,False,True,0.5942418843581356,4.065254583333334,2.9846125000000003,3.6695760119047622,0.3930457536146127,3.56863468742369,3.518665820996506
2026-02-23,5.0,IEX,3.4697,11602.82,18880.68,25552.78,0,2,0,0,False,False,True,0.7388894669234074,4.065254583333334,2.9846125000000003,3.6695760119047622,0.3930457536146127,3.56863468742369,3.518665820996506
2026-02-23,6.0,IEX,3.9063,11071.53,18444.13,20380.43,0,2,0,0,False,True,False,0.904992190594118,4.065254583333334,2.9846125000000003,3.6695760119047622,0.3930457536146127,3.56863468742369,3.518665820996506
2026-02-23,4.0,IEX,3.16342,11828.83,18246.95,28384.13,0,2,0,0,False,False,True,0.6428574697752379,4.065254583333334,2.9846125000000003,3.6695760119047622,0.3930457536146127,3.56863468742369,3.518665820996506
2026-02-23,8.0,IEX,10.0,10183.65,26621.13,12975.05,0,2,0,0,False,True,False,2.051716947486355,4.065254583333334,2.9846125000000003,3.6695760119047622,0.3930457536146127,3.56863468742369,3.518665820996506
2026-02-23,9.0,IEX,5.655189999999999,11295.08,20526.23,15962.3,0,2,0,1,False,True,False,1.2859193215978153,4.065254583333334,2.9846125000000003,3.6695760119047622,0.3930457536146127,3.56863468742369,3.518665820996506
2026-02-23,10.0,IEX,3.09006,10912.4,18534.33,19091.93,0,2,0,1,False,True,False,0.970793942272576,4.065254583333334,2.9846125000000003,3.6695760119047622,0.3930457536146127,3.56863468742369,3.518665820996506
2026-02-23,11.0,IEX,2.57292,10101.53,16787.28,23658.38,0,2,0,1,False,False,True,0.7095701393292481,4.065254583333334,2.9846125000000003,3.6695760119047622,0.3930457536146127,3.56863468742369,3.518665820996506
2026-02-23,7.0,IEX,5.11747,10981.69,20025.3,15743.38,0,2,0,0,False,True,False,1.2719822545908297,4.065254583333334,2.9846125000000003,3.6695760119047622,0.3930457536146127,3.56863468742369,3.518665820996506
2026-02-24,18.0,IEX,4.36673,9027.82,17237.43,15302.98,1,2,0,1,True,False,False,1.1264100187503285,4.2275358333333335,4.065254583333334,3.760344761904762,0.4424481343422265,3.6700040944867123,3.5753754219834524
2026-02-24,15.0,IEX,2.05457,11032.98,18568.25,37528.63,1,2,0,1,False,False,True,0.49477558853206854,4.2275358333333335,4.065254583333334,3.760344761904762,0.4424481343422265,3.6700040944867123,3.5753754219834524
2026-02-24,16.0,IEX,2.79876,10024.37,20071.95,30414.88,1,2,0,1,False,False,True,0.6599384904165532,4.2275358333333335,4.065254583333334,3.760344761904762,0.4424481343422265,3.6700040944867123,3.5753754219834524
2026-02-24,17.0,IEX,3.0362600000000004,9950.25,18667.95,23789.73,1,2,0,1,False,False,True,0.7847062573704258,4.2275358333333335,4.065254583333334,3.760344761904762,0.4424481343422265,3.6700040944867123,3.5753754219834524
2026-02-24,19.0,IEX,9.38739,8763.2,20855.3,11712.98,1,2,0,1,True,False,False,1.7805289501215498,4.2275358333333335,4.065254583333334,3.760344761904762,0.4424481343422265,3.6700040944867123,3.5753754219834524
2026-02-24,14.0,IEX,1.94802,12478.12,17064.88,44017.0,1,2,0,1,False,False,True,0.3876883930327627,4.2275358333333335,4.065254583333334,3.760344761904762,0.4424481343422265,3.6700040944867123,3.5753754219834524
2026-02-24,21.0,IEX,4.82457,9730.04,17807.6,14039.5,1,2,0,1,True,False,False,1.268392748126078,4.2275358333333335,4.065254583333334,3.760344761904762,0.4424481343422265,3.6700040944867123,3.5753754219834524
2026-02-24,22.0,IEX,4.1802,9339.45,16755.1,15836.73,1,2,0,1,True,False,False,1.0579898747670826,4.2275358333333335,4.065254583333334,3.760344761904762,0.4424481343422265,3.6700040944867123,3.5753754219834524
2026-02-24,23.0,IEX,3.83159,8946.37,16551.85,17879.53,1,2,0,0,False,False,True,0.9257430139798177,4.2275358333333335,4.065254583333334,3.760344761904762,0.4424481343422265,3.6700040944867123,3.5753754219834524
2026-02-24,24.0,IEX,3.64626,8609.48,16668.65,20239.1,1,2,0,0,False,False,True,0.8235865227092182,4.2275358333333335,4.065254583333334,3.760344761904762,0.4424481343422265,3.6700040944867123,3.5753754219834524
2026-02-24,20.0,IEX,8.15417,8537.0,18938.35,11773.38,1,2,0,1,True,False,False,1.6085737472088952,4.2275358333333335,4.065254583333334,3.760344761904762,0.4424481343422265,3.6700040944867123,3.5753754219834524
2026-02-24,13.0,IEX,2.3057600000000003,11872.17,18352.5,39097.33,1,2,0,1,False,False,True,0.4694054554442961,4.2275358333333335,4.065254583333334,3.760344761904762,0.4424481343422265,3.6700040944867123,3.5753754219834524
2026-02-24,1.0,IEX,3.36393,9513.48,18980.68,21915.48,1,2,0,0,False,False,True,0.8660855245396928,4.2275358333333335,4.065254583333334,3.760344761904762,0.4424481343422265,3.6700040944867123,3.5753754219834524
2026-02-24,11.0,IEX,2.8322800000000004,10010.55,18897.85,25034.4,1,2,0,1,False,False,True,0.7548752912972249,4.2275358333333335,4.065254583333334,3.760344761904762,0.4424481343422265,3.6700040944867123,3.5753754219834524
2026-02-24,10.0,IEX,3.48536,12212.19,22515.75,19411.58,1,2,0,1,False,True,False,1.15991330888062,4.2275358333333335,4.065254583333334,3.760344761904762,0.4424481343422265,3.6700040944867123,3.5753754219834524
2026-02-24,9.0,IEX,6.11271,10671.58,23795.9,14828.38,1,2,0,1,False,True,False,1.6047538560485006,4.2275358333333335,4.065254583333334,3.760344761904762,0.4424481343422265,3.6700040944867123,3.5753754219834524
2026-02-24,8.0,IEX,10.0,8772.22,27302.03,11560.63,1,2,0,0,False,True,False,2.3616385937776414,4.2275358333333335,4.065254583333334,3.760344761904762,0.4424481343422265,3.6700040944867123,3.5753754219834524
2026-02-24,7.0,IEX,4.87802,9924.89,20150.7,14812.48,1,2,0,0,False,True,False,1.3603866460171514,4.2275358333333335,4.065254583333334,3.760344761904762,0.4424481343422265,3.6700040944867123,3.5753754219834524
2026-02-24,6.0,IEX,3.89513,10263.34,19135.28,18810.9,1,2,0,0,False,True,False,1.017244256778121,4.2275358333333335,4.065254583333334,3.760344761904762,0.4424481343422265,3.6700040944867123,3.5753754219834524
2026-02-24,5.0,IEX,3.69835,11023.39,20602.03,22389.55,1,2,0,0,False,False,True,0.9201627540883301,4.2275358333333335,4.065254583333334,3.760344761904762,0.4424481343422265,3.6700040944867123,3.5753754219834524
2026-02-24,4.0,IEX,3.48937,12099.46,20683.35,25146.58,1,2,0,0,False,False,True,0.822511450534223,4.2275358333333335,4.065254583333334,3.760344761904762,0.4424481343422265,3.6700040944867123,3.5753754219834524
2026-02-24,3.0,IEX,3.34754,11158.26,20014.2,25127.43,1,2,0,0,False,False,True,0.7965080389054877,4.2275358333333335,4.065254583333334,3.760344761904762,0.4424481343422265,3.6700040944867123,3.5753754219834524
2026-02-24,2.0,IEX,3.33569,10517.06,19660.15,24441.3,1,2,0,0,False,False,True,0.8043823361259907,4.2275358333333335,4.065254583333334,3.760344761904762,0.4424481343422265,3.6700040944867123,3.5753754219834524
2026-02-24,12.0,IEX,2.4882,10673.88,19432.53,32556.83,1,2,0,1,False,False,True,0.5968802857658806,4.2275358333333335,4.065254583333334,3.760344761904762,0.4424481343422265,3.6700040944867123,3.5753754219834524
2026-02-25,15.0,IEX,2.2130300000000003,8983.19,15397.13,33232.23,2,2,0,1,False,False,True,0.46331919330622123,4.40938375,4.2275358333333335,3.8264229166666666,0.5050528403487936,3.783754810719526,3.6420960882247764
2026-02-25,16.0,IEX,2.8863600000000003,8668.64,17337.73,27928.03,2,2,0,1,False,False,True,0.6208003211752493,4.40938375,4.2275358333333335,3.8264229166666666,0.5050528403487936,3.783754810719526,3.6420960882247764
2026-02-25,17.0,IEX,3.18066,9167.79,17159.9,22739.25,2,2,0,1,False,False,True,0.7546379054917652,4.40938375,4.2275358333333335,3.8264229166666666,0.5050528403487936,3.783754810719526,3.6420960882247764
2026-02-25,18.0,IEX,4.22733,9199.53,17448.18,15420.63,2,2,0,1,True,False,False,1.1314829542428015,4.40938375,4.2275358333333335,3.8264229166666666,0.5050528403487936,3.783754810719526,3.6420960882247764
2026-02-25,19.0,IEX,9.43363,8063.6,21354.75,10959.33,2,2,0,1,True,False,False,1.948545210383714,4.40938375,4.2275358333333335,3.8264229166666666,0.5050528403487936,3.783754810719526,3.6420960882247764
2026-02-25,24.0,IEX,3.39101,8471.2,15228.6,19474.48,2,2,0,0,False,False,True,0.7819772333936633,4.40938375,4.2275358333333335,3.8264229166666666,0.5050528403487936,3.783754810719526,3.6420960882247764
2026-02-25,21.0,IEX,4.92772,8469.03,17474.68,12390.4,2,2,0,1,True,False,False,1.4103402622914998,4.40938375,4.2275358333333335,3.8264229166666666,0.5050528403487936,3.783754810719526,3.6420960882247764
2026-02-25,22.0,IEX,4.2703500000000005,8566.22,16027.98,14522.28,2,2,0,1,True,False,False,1.103682065692383,4.40938375,4.2275358333333335,3.8264229166666666,0.5050528403487936,3.783754810719526,3.6420960882247764
2026-02-25,23.0,IEX,3.89021,8880.81,15979.73,16723.33,2,2,0,0,False,False,True,0.9555351709524745,4.40938375,4.2275358333333335,3.8264229166666666,0.5050528403487936,3.783754810719526,3.6420960882247764
2026-02-25,14.0,IEX,2.01052,10120.44,14057.78,39135.73,2,2,0,1,False,False,True,0.3592057691630625,4.40938375,4.2275358333333335,3.8264229166666666,0.5050528403487936,3.783754810719526,3.6420960882247764
2026-02-25,20.0,IEX,8.66246,7385.1,19736.0,10345.4,2,2,0,1,True,False,False,1.9077077716591841,4.40938375,4.2275358333333335,3.8264229166666666,0.5050528403487936,3.783754810719526,3.6420960882247764
2026-02-25,13.0,IEX,2.24102,10575.8,15085.68,36689.43,2,2,0,1,False,False,True,0.4111723729664995,4.40938375,4.2275358333333335,3.8264229166666666,0.5050528403487936,3.783754810719526,3.6420960882247764
2026-02-25,12.0,IEX,2.60327,9190.61,15497.0,29315.95,2,2,0,1,False,False,True,0.5286200854727137,4.40938375,4.2275358333333335,3.8264229166666666,0.5050528403487936,3.783754810719526,3.6420960882247764
2026-02-25,11.0,IEX,2.9679,9297.19,15923.28,22448.2,2,2,0,1,False,False,True,0.7093343783869823,4.40938375,4.2275358333333335,3.8264229166666666,0.5050528403487936,3.783754810719526,3.6420960882247764
2026-02-25,10.0,IEX,3.69438,10849.5,19210.43,17377.63,2,2,0,1,False,True,False,1.105468926944889,4.40938375,4.2275358333333335,3.8264229166666666,0.5050528403487936,3.783754810719526,3.6420960882247764
2026-02-25,9.0,IEX,6.42975,10811.65,22618.33,14663.88,2,2,0,1,False,True,False,1.5424519284510978,4.40938375,4.2275358333333335,3.8264229166666666,0.5050528403487936,3.783754810719526,3.6420960882247764
2026-02-25,8.0,IEX,10.0,8077.4,28738.23,10855.8,2,2,0,0,False,True,False,2.647269659861761,4.40938375,4.2275358333333335,3.8264229166666666,0.5050528403487936,3.783754810719526,3.6420960882247764
2026-02-25,7.0,IEX,7.112520000000001,9112.47,20672.03,12305.98,2,2,0,0,False,True,False,1.6798361433385751,4.40938375,4.2275358333333335,3.8264229166666666,0.5050528403487936,3.783754810719526,3.6420960882247764
2026-02-25,6.0,IEX,4.1895500000000006,10635.73,19987.0,17444.68,2,2,0,0,False,True,False,1.1457361206134271,4.40938375,4.2275358333333335,3.8264229166666666,0.5050528403487936,3.783754810719526,3.6420960882247764
2026-02-25,5.0,IEX,3.74394,10364.65,20074.88,20779.95,2,2,0,0,False,False,True,0.9660696965266665,4.40938375,4.2275358333333335,3.8264229166666666,0.5050528403487936,3.783754810719526,3.6420960882247764
2026-02-25,4.0,IEX,3.4666300000000003,10702.95,19237.48,23384.6,2,2,0,0,False,False,True,0.8226559356060588,4.40938375,4.2275358333333335,3.8264229166666666,0.5050528403487936,3.783754810719526,3.6420960882247764
2026-02-25,3.0,IEX,3.39993,10378.77,18733.43,24099.98,2,2,0,0,False,False,True,0.7773213916454199,4.40938375,4.2275358333333335,3.8264229166666666,0.5050528403487936,3.783754810719526,3.6420960882247764
2026-02-25,2.0,IEX,3.4197800000000003,10123.45,18836.28,23564.68,2,2,0,0,False,False,True,0.7993437632934782,4.40938375,4.2275358333333335,3.8264229166666666,0.5050528403487936,3.783754810719526,3.6420960882247764
2026-02-25,1.0,IEX,3.46326,9505.79,18418.03,21315.43,2,2,0,0,False,False,True,0.8640702998419124,4.40938375,4.2275358333333335,3.8264229166666666,0.5050528403487936,3.783754810719526,3.6420960882247764
2026-02-26,15.0,IEX,2.5131900000000003,9149.26,17451.5,33860.6,3,2,0,1,False,False,True,0.5153925209490108,4.529178333333333,4.40938375,3.9024895238095243,0.5707939067037885,3.8984353526601114,3.7130626678334613
2026-02-26,16.0,IEX,3.05156,10640.71,19856.25,29332.7,3,2,0,1,False,False,True,0.676932228987808,4.529178333333333,4.40938375,3.9024895238095243,0.5707939067037885,3.8984353526601114,3.7130626678334613
2026-02-26,17.0,IEX,3.43543,11196.73,20613.8,23513.35,3,2,0,1,False,False,True,0.8766849466891427,4.529178333333333,4.40938375,3.9024895238095243,0.5707939067037885,3.8984353526601114,3.7130626678334613
2026-02-26,18.0,IEX,5.51216,9831.28,18958.98,15803.88,3,2,0,1,True,False,False,1.1996408469314872,4.529178333333333,4.40938375,3.9024895238095243,0.5707939067037885,3.8984353526601114,3.7130626678334613
2026-02-26,19.0,IEX,9.50035,7840.37,21259.93,10694.98,3,2,0,1,True,False,False,1.9878419576400874,4.529178333333333,4.40938375,3.9024895238095243,0.5707939067037885,3.8984353526601114,3.7130626678334613
2026-02-26,24.0,IEX,3.4842,8370.7,16176.3,19843.68,3,2,0,0,False,False,True,0.8151864972549514,4.529178333333333,4.40938375,3.9024895238095243,0.5707939067037885,3.8984353526601114,3.7130626678334613
2026-02-26,21.0,IEX,4.78316,9917.57,18503.35,14134.43,3,2,0,1,True,False,False,1.3090977129540435,4.529178333333333,4.40938375,3.9024895238095243,0.5707939067037885,3.8984353526601114,3.7130626678334613
2026-02-26,22.0,IEX,4.14098,9384.42,17191.1,15652.7,3,2,0,1,True,False,False,1.0982833625519663,4.529178333333333,4.40938375,3.9024895238095243,0.5707939067037885,3.8984353526601114,3.7130626678334613
2026-02-26,23.0,IEX,3.80164,8717.46,16376.08,17994.5,3,2,0,0,False,False,True,0.9100602956958735,4.529178333333333,4.40938375,3.9024895238095243,0.5707939067037885,3.8984353526601114,3.7130626678334613
2026-02-26,14.0,IEX,2.01462,10842.78,15695.1,40134.7,3,2,0,1,False,False,True,0.39106060332055287,4.529178333333333,4.40938375,3.9024895238095243,0.5707939067037885,3.8984353526601114,3.7130626678334613
2026-02-26,20.0,IEX,8.86266,7518.75,19853.1,10424.6,3,2,0,1,True,False,False,1.90444717120614,4.529178333333333,4.40938375,3.9024895238095243,0.5707939067037885,3.8984353526601114,3.7130626678334613
2026-02-26,13.0,IEX,2.26747,12259.34,17523.75,37785.68,3,2,0,1,False,False,True,0.4637669613293271,4.529178333333333,4.40938375,3.9024895238095243,0.5707939067037885,3.8984353526601114,3.7130626678334613
2026-02-26,12.0,IEX,2.7431300000000003,10169.08,17491.93,30855.78,3,2,0,1,False,False,True,0.5668931394484622,4.529178333333333,4.40938375,3.9024895238095243,0.5707939067037885,3.8984353526601114,3.7130626678334613
2026-02-26,11.0,IEX,2.94027,9985.86,17717.53,24998.5,3,2,0,1,False,False,True,0.7087437243399629,4.529178333333333,4.40938375,3.9024895238095243,0.5707939067037885,3.8984353526601114,3.7130626678334613
2026-02-26,2.0,IEX,3.37339,10857.99,18787.7,24765.05,3,2,0,0,False,False,True,0.7586376765810537,4.529178333333333,4.40938375,3.9024895238095243,0.5707939067037885,3.8984353526601114,3.7130626678334613
2026-02-26,3.0,IEX,3.3446,11144.21,18682.9,25257.33,3,2,0,0,False,False,True,0.7397020980682827,4.529178333333333,4.40938375,3.9024895238095243,0.5707939067037885,3.8984353526601114,3.7130626678334613
2026-02-26,4.0,IEX,3.40455,11536.76,18961.9,24309.3,3,2,0,0,False,False,True,0.7800265738708946,4.529178333333333,4.40938375,3.9024895238095243,0.5707939067037885,3.8984353526601114,3.7130626678334613
2026-02-26,5.0,IEX,3.74045,11100.3,20253.55,21752.88,3,2,0,0,False,False,True,0.9310744136265752,4.529178333333333,4.40938375,3.9024895238095243,0.5707939067037885,3.8984353526601114,3.7130626678334613
2026-02-26,1.0,IEX,3.38217,9800.86,18187.33,21864.35,3,2,0,0,False,False,True,0.8318257799423145,4.529178333333333,4.40938375,3.9024895238095243,0.5707939067037885,3.8984353526601114,3.7130626678334613
2026-02-26,7.0,IEX,8.19519,9528.31,22442.1,12626.15,3,2,0,0,False,True,False,1.7774301732694209,4.529178333333333,4.40938375,3.9024895238095243,0.5707939067037885,3.8984353526601114,3.7130626678334613
2026-02-26,8.0,IEX,10.0,7206.32,30591.43,9968.13,3,2,0,0,False,True,False,3.0689236566247398,4.529178333333333,4.40938375,3.9024895238095243,0.5707939067037885,3.8984353526601114,3.7130626678334613
2026-02-26,9.0,IEX,6.71263,10196.07,23037.28,13788.83,3,2,0,1,False,True,False,1.6707204297458738,4.529178333333333,4.40938375,3.9024895238095243,0.5707939067037885,3.8984353526601114,3.7130626678334613
2026-02-26,10.0,IEX,3.5226,12094.48,20074.2,19371.4,3,2,0,1,False,True,False,1.0362802889639984,4.529178333333333,4.40938375,3.9024895238095243,0.5707939067037885,3.8984353526601114,3.7130626678334613
2026-02-26,6.0,IEX,3.97388,11193.74,20717.83,18856.85,3,2,0,0,False,True,False,1.0986898654342112,4.529178333333333,4.40938375,3.9024895238095243,0.5707939067037885,3.8984353526601114,3.7130626678334613
2026-02-27,14.0,IEX,2.10343,11791.31,16530.15,42215.73,4,2,0,1,False,False,True,0.39156376061919007,4.627860833333333,4.529178333333333,4.027256130952381,0.6258498480798196,4.010654657379069,3.7862465210734513
2026-02-27,23.0,IEX,3.85649,10421.94,17602.4,18483.75,4,2,0,0,False,False,True,0.9523175757341895,4.627860833333333,4.529178333333333,4.027256130952381,0.6258498480798196,4.010654657379069,3.7862465210734513
2026-02-27,22.0,IEX,4.35372,10908.03,18479.4,16226.33,4,2,0,1,True,False,False,1.138852715839717,4.627860833333333,4.529178333333333,4.027256130952381,0.6258498480798196,4.010654657379069,3.7862465210734513
2026-02-27,21.0,IEX,5.5755,10108.97,19911.93,13681.23,4,2,0,1,True,False,False,1.4554195774390026,4.627860833333333,4.529178333333333,4.027256130952381,0.6258498480798196,4.010654657379069,3.7862465210734513
2026-02-27,20.0,IEX,9.24981,8715.79,21384.9,11835.5,4,2,0,1,True,False,False,1.8068438158025908,4.627860833333333,4.529178333333333,4.027256130952381,0.6258498480798196,4.010654657379069,3.7862465210734513
2026-02-27,19.0,IEX,10.0,8254.65,23025.75,11072.35,4,2,0,1,True,False,False,2.079572085348122,4.627860833333333,4.529178333333333,4.027256130952381,0.6258498480798196,4.010654657379069,3.7862465210734513
2026-02-27,18.0,IEX,5.02479,9684.0,18510.03,15649.18,4,2,0,1,True,False,False,1.18281149479857,4.627860833333333,4.529178333333333,4.027256130952381,0.6258498480798196,4.010654657379069,3.7862465210734513
2026-02-27,17.0,IEX,3.3626,11908.75,20654.45,24519.98,4,2,0,1,False,False,True,0.8423518286546924,4.627860833333333,4.529178333333333,4.027256130952381,0.6258498480798196,4.010654657379069,3.7862465210734513
2026-02-27,16.0,IEX,3.01683,12038.16,20422.88,31680.25,4,2,0,1,False,False,True,0.6446565287064792,4.627860833333333,4.529178333333333,4.027256130952381,0.6258498480798196,4.010654657379069,3.7862465210734513
2026-02-27,15.0,IEX,2.5130100000000004,11052.16,18643.08,36751.85,4,2,0,1,False,False,True,0.5072691577411017,4.627860833333333,4.529178333333333,4.027256130952381,0.6258498480798196,4.010654657379069,3.7862465210734513
2026-02-27,13.0,IEX,2.36772,12765.64,17629.38,38568.3,4,2,0,1,False,False,True,0.4570950753709406,4.627860833333333,4.529178333333333,4.027256130952381,0.6258498480798196,4.010654657379069,3.7862465210734513
2026-02-27,24.0,IEX,3.70579,9687.33,17481.2,20580.13,4,2,0,0,False,False,True,0.8494212617464413,4.627860833333333,4.529178333333333,4.027256130952381,0.6258498480798196,4.010654657379069,3.7862465210734513
2026-02-27,11.0,IEX,3.02372,11465.58,19848.75,26185.73,4,2,0,1,False,False,True,0.7579987264979824,4.627860833333333,4.529178333333333,4.027256130952381,0.6258498480798196,4.010654657379069,3.7862465210734513
2026-02-27,1.0,IEX,3.49947,10291.28,18750.38,22517.58,4,2,0,0,False,False,True,0.8326996058933954,4.627860833333333,4.529178333333333,4.027256130952381,0.6258498480798196,4.010654657379069,3.7862465210734513
2026-02-27,2.0,IEX,3.45456,11104.56,19472.6,24728.43,4,2,0,0,False,False,True,0.7874579984303661,4.627860833333333,4.529178333333333,4.027256130952381,0.6258498480798196,4.010654657379069,3.7862465210734513
2026-02-27,3.0,IEX,3.4315,11871.99,19833.73,25692.98,4,2,0,0,False,False,True,0.7719513264821942,4.627860833333333,4.529178333333333,4.027256130952381,0.6258498480798196,4.010654657379069,3.7862465210734513
2026-02-27,4.0,IEX,3.49472,12239.16,20300.95,24832.18,4,2,0,0,False,False,True,0.8175258874502658,4.627860833333333,4.529178333333333,4.027256130952381,0.6258498480798196,4.010654657379069,3.7862465210734513
2026-02-27,5.0,IEX,3.76907,11887.38,20777.98,21967.25,4,2,0,0,False,False,True,0.9458616800255555,4.627860833333333,4.529178333333333,4.027256130952381,0.6258498480798196,4.010654657379069,3.7862465210734513
2026-02-27,12.0,IEX,2.69106,11482.63,19176.5,32054.88,4,2,0,1,False,False,True,0.5982396438238922,4.627860833333333,4.529178333333333,4.027256130952381,0.6258498480798196,4.010654657379069,3.7862465210734513
2026-02-27,7.0,IEX,8.21999,10378.3,22458.7,13786.05,4,2,0,0,False,True,False,1.6290888241163433,4.627860833333333,4.529178333333333,4.027256130952381,0.6258498480798196,4.010654657379069,3.7862465210734513
2026-02-27,8.0,IEX,10.0,8351.24,31175.43,11152.35,4,2,0,0,False,True,False,2.795413520203891,4.627860833333333,4.529178333333333,4.027256130952381,0.6258498480798196,4.010654657379069,3.7862465210734513
2026-02-27,9.0,IEX,6.71276,11139.78,23450.4,14973.08,4,2,0,1,False,True,False,1.5661707534013238,4.627860833333333,4.529178333333333,4.027256130952381,0.6258498480798196,4.010654657379069,3.7862465210734513
2026-02-27,10.0,IEX,3.5553000000000003,13350.15,21722.53,20827.28,4,2,0,1,False,True,False,1.0429844890725124,4.627860833333333,4.529178333333333,4.027256130952381,0.6258498480798196,4.010654657379069,3.7862465210734513
2026-02-27,6.0,IEX,4.08682,11734.82,20426.88,18794.53,4,2,0,0,False,True,False,1.086852397433268,4.627860833333333,4.529178333333333,4.027256130952381,0.6258498480798196,4.010654657379069,3.7862465210734513
2026-02-28,14.0,IEX,1.8217,11676.45,13246.88,43894.8,5,2,1,1,False,False,True,0.30178699975810636,4.129834166666666,4.627860833333333,4.139094285714285,0.5492878494204931,4.028989966500238,3.8137335327209088
2026-02-28,23.0,IEX,3.48531,8857.77,15064.78,19264.3,5,2,1,0,False,False,True,0.7820050555784509,4.129834166666666,4.627860833333333,4.139094285714285,0.5492878494204931,4.028989966500238,3.8137335327209088
2026-02-28,22.0,IEX,3.85022,9456.88,16213.38,17465.98,5,2,1,1,True,False,False,0.9282834396190288,4.129834166666666,4.627860833333333,4.139094285714285,0.5492878494204931,4.028989966500238,3.8137335327209088
2026-02-28,21.0,IEX,4.53296,9530.2,17043.7,14278.55,5,2,1,1,True,False,False,1.1936576184600975,4.129834166666666,4.627860833333333,4.139094285714285,0.5492878494204931,4.028989966500238,3.8137335327209088
2026-02-28,20.0,IEX,8.06218,8960.0,18702.55,12595.2,5,2,1,1,True,False,False,1.4848950382011439,4.129834166666666,4.627860833333333,4.139094285714285,0.5492878494204931,4.028989966500238,3.8137335327209088
2026-02-28,19.0,IEX,8.40493,9414.55,19812.23,12884.38,5,2,1,1,True,False,False,1.5376937023452477,4.129834166666666,4.627860833333333,4.139094285714285,0.5492878494204931,4.028989966500238,3.8137335327209088
2026-02-28,18.0,IEX,3.66077,8670.74,15783.8,18026.88,5,2,1,1,True,False,False,0.8755702590378532,4.129834166666666,4.627860833333333,4.139094285714285,0.5492878494204931,4.028989966500238,3.8137335327209088
2026-02-28,17.0,IEX,3.13045,10097.28,17172.15,26142.05,5,2,1,1,False,False,True,0.6568784771443409,4.129834166666666,4.627860833333333,4.139094285714285,0.5492878494204931,4.028989966500238,3.8137335327209088
2026-02-28,16.0,IEX,2.8485,10950.17,17661.83,33999.25,5,2,1,1,False,False,True,0.5194770471350171,4.129834166666666,4.627860833333333,4.139094285714285,0.5492878494204931,4.028989966500238,3.8137335327209088
2026-02-28,15.0,IEX,2.2219,11280.45,15607.98,40344.95,5,2,1,1,False,False,True,0.38686328762661415,4.129834166666666,4.627860833333333,4.139094285714285,0.5492878494204931,4.028989966500238,3.8137335327209088
2026-02-28,13.0,IEX,2.15395,12698.18,15492.85,41197.65,5,2,1,1,False,False,True,0.3760614985621603,4.129834166666666,4.627860833333333,4.139094285714285,0.5492878494204931,4.028989966500238,3.8137335327209088
2026-02-28,24.0,IEX,3.24634,8164.1,15075.4,21132.18,5,2,1,0,False,False,True,0.7133859352355574,4.129834166666666,4.627860833333333,4.139094285714285,0.5492878494204931,4.028989966500238,3.8137335327209088
2026-02-28,11.0,IEX,2.84331,10305.61,15816.25,27628.33,5,2,1,1,False,False,True,0.5724649298120932,4.129834166666666,4.627860833333333,4.139094285714285,0.5492878494204931,4.028989966500238,3.8137335327209088
2026-02-28,1.0,IEX,3.23735,9252.61,16680.7,22731.9,5,2,1,0,False,False,True,0.7338013977125531,4.129834166666666,4.627860833333333,4.139094285714285,0.5492878494204931,4.028989966500238,3.8137335327209088
2026-02-28,2.0,IEX,3.22048,10358.4,17733.68,25575.1,5,2,1,0,False,False,True,0.6933963109847484,4.129834166666666,4.627860833333333,4.139094285714285,0.5492878494204931,4.028989966500238,3.8137335327209088
2026-02-28,3.0,IEX,3.16906,10897.69,18211.6,26642.78,5,2,1,0,False,False,True,0.6835472872262026,4.129834166666666,4.627860833333333,4.139094285714285,0.5492878494204931,4.028989966500238,3.8137335327209088
2026-02-28,4.0,IEX,3.26415,11371.42,19013.55,26275.5,5,2,1,0,False,False,True,0.723622766180045,4.129834166666666,4.627860833333333,4.139094285714285,0.5492878494204931,4.028989966500238,3.8137335327209088
2026-02-28,5.0,IEX,3.69825,11636.64,20256.88,22847.83,5,2,1,0,False,False,True,0.8865997335910676,4.129834166666666,4.627860833333333,4.139094285714285,0.5492878494204931,4.028989966500238,3.8137335327209088
2026-02-28,12.0,IEX,2.36949,12877.11,17251.05,35907.55,5,2,1,1,False,False,True,0.48042960311120364,4.129834166666666,4.627860833333333,4.139094285714285,0.5492878494204931,4.028989966500238,3.8137335327209088
2026-02-28,7.0,IEX,7.36241,10940.83,20621.2,15391.9,5,2,1,0,False,True,False,1.3397436305201154,4.129834166666666,4.627860833333333,4.139094285714285,0.5492878494204931,4.028989966500238,3.8137335327209088
2026-02-28,8.0,IEX,10.0,10032.15,27420.6,12849.85,5,2,1,0,False,True,False,2.1339237406398333,4.129834166666666,4.627860833333333,4.139094285714285,0.5492878494204931,4.028989966500238,3.8137335327209088
2026-02-28,9.0,IEX,5.38765,11426.6,20955.58,16944.35,5,2,1,1,False,True,False,1.2367296466156983,4.129834166666666,4.627860833333333,4.139094285714285,0.5492878494204931,4.028989966500238,3.8137335327209088
2026-02-28,10.0,IEX,3.12754,12737.35,19064.45,22635.68,5,2,1,1,False,True,False,0.8422300541259508,4.129834166666666,4.627860833333333,4.139094285714285,0.5492878494204931,4.028989966500238,3.8137335327209088
2026-02-28,6.0,IEX,4.01712,12070.63,19994.95,19930.1,5,2,1,0,False,True,False,1.003253871780245,4.129834166666666,4.627860833333333,4.139094285714285,0.5492878494204931,4.028989966500238,3.8137335327209088
2026-03-01,14.0,IEX,1.50042,9939.57,12085.38,46466.03,6,3,1,1,False,False,True,0.2600906511143537,3.0748270833333335,4.129834166666666,4.151982083333333,0.5178443566606008,3.8821956767822527,3.7546210167699026
2026-03-01,15.0,IEX,1.75993,11430.21,13634.33,42747.15,6,3,1,1,False,False,True,0.318952959362448,3.0748270833333335,4.129834166666666,4.151982083333333,0.5178443566606008,3.8821956767822527,3.7546210167699026
2026-03-01,16.0,IEX,2.16636,10881.85,14340.03,36156.68,6,3,1,1,False,False,True,0.39660804023029544,3.0748270833333335,4.129834166666666,4.151982083333333,0.5178443566606008,3.8821956767822527,3.7546210167699026
2026-03-01,17.0,IEX,2.09775,9418.09,12725.65,29629.65,6,3,1,1,False,False,True,0.4294903920804024,3.0748270833333335,4.129834166666666,4.151982083333333,0.5178443566606008,3.8821956767822527,3.7546210167699026
2026-03-01,18.0,IEX,2.29548,8009.28,11397.28,22681.75,6,3,1,1,True,False,False,0.5024868008409904,3.0748270833333335,4.129834166666666,4.151982083333333,0.5178443566606008,3.8821956767822527,3.7546210167699026
2026-03-01,20.0,IEX,3.59443,7890.15,13652.35,16648.7,6,3,1,1,True,False,False,0.820024986443371,3.0748270833333335,4.129834166666666,4.151982083333333,0.5178443566606008,3.8821956767822527,3.7546210167699026
2026-03-01,21.0,IEX,3.26124,7958.93,12559.38,16989.65,6,3,1,1,True,False,False,0.7392371233431899,3.0748270833333335,4.129834166666666,4.151982083333333,0.5178443566606008,3.8821956767822527,3.7546210167699026
2026-03-01,22.0,IEX,2.8605500000000004,6849.04,11813.63,17294.53,6,3,1,1,True,False,False,0.6830847668695913,3.0748270833333335,4.129834166666666,4.151982083333333,0.5178443566606008,3.8821956767822527,3.7546210167699026
2026-03-01,23.0,IEX,2.8951100000000003,6634.03,11742.95,18337.0,6,3,1,0,False,False,True,0.6403964658120759,3.0748270833333335,4.129834166666666,4.151982083333333,0.5178443566606008,3.8821956767822527,3.7546210167699026
2026-03-01,13.0,IEX,1.88799,10618.65,12830.93,43664.23,6,3,1,1,False,False,True,0.2938544890648811,3.0748270833333335,4.129834166666666,4.151982083333333,0.5178443566606008,3.8821956767822527,3.7546210167699026
2026-03-01,19.0,IEX,3.84997,7591.64,13811.13,16333.43,6,3,1,1,True,False,False,0.8455743828175867,3.0748270833333335,4.129834166666666,4.151982083333333,0.5178443566606008,3.8821956767822527,3.7546210167699026
2026-03-01,24.0,IEX,2.90777,6811.43,12081.23,19910.45,6,3,1,0,False,False,True,0.6067783497576507,3.0748270833333335,4.129834166666666,4.151982083333333,0.5178443566606008,3.8821956767822527,3.7546210167699026
2026-03-01,12.0,IEX,2.06359,10957.05,14183.85,37420.93,6,3,1,1,False,False,True,0.3790352082700683,3.0748270833333335,4.129834166666666,4.151982083333333,0.5178443566606008,3.8821956767822527,3.7546210167699026
2026-03-01,10.0,IEX,2.50425,11104.05,15314.0,25526.93,6,3,1,1,False,True,False,0.599915461592947,3.0748270833333335,4.129834166666666,4.151982083333333,0.5178443566606008,3.8821956767822527,3.7546210167699026
2026-03-01,9.0,IEX,3.55919,12249.18,20009.93,22482.35,6,3,1,1,False,True,False,0.8900283996601653,3.0748270833333335,4.129834166666666,4.151982083333333,0.5178443566606008,3.8821956767822527,3.7546210167699026
2026-03-01,8.0,IEX,7.24375,12295.5,21876.93,17830.83,6,3,1,0,False,True,False,1.2269159645249739,3.0748270833333335,4.129834166666666,4.151982083333333,0.5178443566606008,3.8821956767822527,3.7546210167699026
2026-03-01,7.0,IEX,4.397819999999999,9570.27,17098.13,16061.08,6,3,1,0,False,True,False,1.064569131674477,3.0748270833333335,4.129834166666666,4.151982083333333,0.5178443566606008,3.8821956767822527,3.7546210167699026
2026-03-01,6.0,IEX,3.82062,10620.63,17508.98,17225.15,6,3,1,0,False,True,False,1.0164776498222206,3.0748270833333335,4.129834166666666,4.151982083333333,0.5178443566606008,3.8821956767822527,3.7546210167699026
2026-03-01,5.0,IEX,3.62808,10585.43,18585.63,21107.18,6,3,1,0,False,False,True,0.8805359120069399,3.0748270833333335,4.129834166666666,4.151982083333333,0.5178443566606008,3.8821956767822527,3.7546210167699026
2026-03-01,4.0,IEX,3.45965,11086.26,18198.4,23413.98,6,3,1,0,False,False,True,0.7772450472848935,3.0748270833333335,4.129834166666666,4.151982083333333,0.5178443566606008,3.8821956767822527,3.7546210167699026
2026-03-01,3.0,IEX,3.4109000000000003,10344.09,17690.35,23086.93,6,3,1,0,False,False,True,0.7662495616497085,3.0748270833333335,4.129834166666666,4.151982083333333,0.5178443566606008,3.8821956767822527,3.7546210167699026
2026-03-01,2.0,IEX,3.33644,9757.53,16899.23,22211.73,6,3,1,0,False,False,True,0.7608245729797614,3.0748270833333335,4.129834166666666,4.151982083333333,0.5178443566606008,3.8821956767822527,3.7546210167699026
2026-03-01,1.0,IEX,3.2828600000000003,8843.69,15725.8,20424.2,6,3,1,0,False,False,True,0.7699591657103048,3.0748270833333335,4.129834166666666,4.151982083333333,0.5178443566606008,3.8821956767822527,3.7546210167699026
2026-03-01,11.0,IEX,2.0117000000000003,10806.43,13233.78,30414.43,6,3,1,1,False,False,True,0.43511517380561954,3.0748270833333335,4.129834166666666,4.151982083333333,0.5178443566606008,3.8821956767822527,3.7546210167699026
2026-03-02,15.0,IEX,2.2405,13143.67,17984.5,39721.95,0,3,0,1,False,False,True,0.4527597460716909,4.0454475,3.0748270833333335,4.1491525000000005,0.5184509907323712,3.9073113418926755,3.7778871354283106
2026-03-02,16.0,IEX,2.7485,11956.06,17583.85,33432.7,0,3,0,1,False,False,True,0.5259476498978701,4.0454475,3.0748270833333335,4.1491525000000005,0.5184509907323712,3.9073113418926755,3.7778871354283106
2026-03-02,17.0,IEX,2.92793,10641.37,16467.05,26467.58,0,3,0,1,False,False,True,0.6221592602640063,4.0454475,3.0748270833333335,4.1491525000000005,0.5184509907323712,3.9073113418926755,3.7778871354283106
2026-03-02,18.0,IEX,3.46734,8690.0,15982.73,17950.0,0,3,0,1,True,False,False,0.8904027850192742,4.0454475,3.0748270833333335,4.1491525000000005,0.5184509907323712,3.9073113418926755,3.7778871354283106
2026-03-02,14.0,IEX,1.74373,11603.87,16185.6,43880.3,0,3,0,1,False,False,True,0.368858006811973,4.0454475,3.0748270833333335,4.1491525000000005,0.5184509907323712,3.9073113418926755,3.7778871354283106
2026-03-02,20.0,IEX,7.61693,8198.2,18727.3,11535.05,0,3,0,1,True,False,False,1.6235126838431453,4.0454475,3.0748270833333335,4.1491525000000005,0.5184509907323712,3.9073113418926755,3.7778871354283106
2026-03-02,21.0,IEX,4.34507,9152.54,15842.13,14681.0,0,3,0,1,True,False,False,1.079090660664062,4.0454475,3.0748270833333335,4.1491525000000005,0.5184509907323712,3.9073113418926755,3.7778871354283106
2026-03-02,22.0,IEX,3.42152,7721.8,13792.68,15379.75,0,3,0,1,True,False,False,0.8968078148885334,4.0454475,3.0748270833333335,4.1491525000000005,0.5184509907323712,3.9073113418926755,3.7778871354283106
2026-03-02,23.0,IEX,3.15058,6419.11,13050.2,15775.13,0,3,0,0,False,False,True,0.8272641804997715,4.0454475,3.0748270833333335,4.1491525000000005,0.5184509907323712,3.9073113418926755,3.7778871354283106
2026-03-02,19.0,IEX,8.47002,7729.05,18486.75,10914.48,0,3,0,1,True,False,False,1.6937820201294227,4.0454475,3.0748270833333335,4.1491525000000005,0.5184509907323712,3.9073113418926755,3.7778871354283106
2026-03-02,13.0,IEX,2.24278,12314.98,17410.4,41042.9,0,3,0,1,False,False,True,0.4242000442404898,4.0454475,3.0748270833333335,4.1491525000000005,0.5184509907323712,3.9073113418926755,3.7778871354283106
2026-03-02,24.0,IEX,3.01266,6598.46,13179.95,17929.5,0,3,0,0,False,False,True,0.735098580141611,4.0454475,3.0748270833333335,4.1491525000000005,0.5184509907323712,3.9073113418926755,3.7778871354283106
2026-03-02,11.0,IEX,2.96285,11214.4,17432.3,27969.73,0,3,0,1,False,False,True,0.6232559268097132,4.0454475,3.0748270833333335,4.1491525000000005,0.5184509907323712,3.9073113418926755,3.7778871354283106
2026-03-02,1.0,IEX,3.31318,8385.8,16406.78,20263.1,0,3,0,0,False,False,True,0.8096875597466885,4.0454475,3.0748270833333335,4.1491525000000005,0.5184509907323712,3.9073113418926755,3.7778871354283106
2026-03-02,2.0,IEX,3.32877,8721.27,17590.85,21868.98,0,3,0,0,False,False,True,0.8043745063535772,4.0454475,3.0748270833333335,4.1491525000000005,0.5184509907323712,3.9073113418926755,3.7778871354283106
2026-03-02,3.0,IEX,3.43791,9536.43,18349.93,23096.4,0,3,0,0,False,False,True,0.7944930808288334,4.0454475,3.0748270833333335,4.1491525000000005,0.5184509907323712,3.9073113418926755,3.7778871354283106
2026-03-02,4.0,IEX,3.47997,10880.97,18735.38,23869.45,0,3,0,0,False,False,True,0.7849104186376685,4.0454475,3.0748270833333335,4.1491525000000005,0.5184509907323712,3.9073113418926755,3.7778871354283106
2026-03-02,5.0,IEX,3.6997,11333.61,19880.78,21749.45,0,3,0,0,False,False,True,0.9140819648707981,4.0454475,3.0748270833333335,4.1491525000000005,0.5184509907323712,3.9073113418926755,3.7778871354283106
2026-03-02,12.0,IEX,2.53506,11262.67,18404.48,34280.85,0,3,0,1,False,False,True,0.5368735021048563,4.0454475,3.0748270833333335,4.1491525000000005,0.5184509907323712,3.9073113418926755,3.7778871354283106
2026-03-02,7.0,IEX,7.18067,9157.94,18954.18,13080.15,0,3,0,0,False,True,False,1.4490797112807732,4.0454475,3.0748270833333335,4.1491525000000005,0.5184509907323712,3.9073113418926755,3.7778871354283106
2026-03-02,8.0,IEX,10.0,11042.72,26170.65,13865.23,0,3,0,0,False,True,False,1.887502045124746,4.0454475,3.0748270833333335,4.1491525000000005,0.5184509907323712,3.9073113418926755,3.7778871354283106
2026-03-02,9.0,IEX,4.66761,13569.38,23096.48,20282.83,0,3,0,1,False,True,False,1.138720779526959,4.0454475,3.0748270833333335,4.1491525000000005,0.5184509907323712,3.9073113418926755,3.7778871354283106
2026-03-02,10.0,IEX,3.17287,12859.0,19385.35,23914.5,0,3,0,1,False,True,False,0.810610717008254,4.0454475,3.0748270833333335,4.1491525000000005,0.5184509907323712,3.9073113418926755,3.7778871354283106
2026-03-02,6.0,IEX,3.92459,10332.53,18043.95,16612.73,0,3,0,0,False,True,False,1.0861520044651591,4.0454475,3.0748270833333335,4.1491525000000005,0.5184509907323712,3.9073113418926755,3.7778871354283106
2026-03-03,23.0,IEX,2.73337,5687.4,10811.48,19288.08,1,3,0,0,False,False,True,0.5605265010511535,3.1695170833333335,4.0454475,3.998006964285714,0.6332950037471973,3.793804532883546,3.7292175312607125
2026-03-03,22.0,IEX,2.98878,6820.82,11550.53,18354.13,1,3,0,1,True,False,False,0.6293150366542489,3.1695170833333335,4.0454475,3.998006964285714,0.6332950037471973,3.793804532883546,3.7292175312607125
2026-03-03,21.0,IEX,3.16644,7157.53,11925.03,15973.85,1,3,0,1,True,False,False,0.7465344918435227,3.1695170833333335,4.0454475,3.998006964285714,0.6332950037471973,3.793804532883546,3.7292175312607125
2026-03-03,20.0,IEX,3.68324,7560.28,12893.23,14296.18,1,3,0,1,True,False,False,0.9018653927819421,3.1695170833333335,4.0454475,3.998006964285714,0.6332950037471973,3.793804532883546,3.7292175312607125
2026-03-03,19.0,IEX,3.88302,7655.25,12892.05,14954.3,1,3,0,1,True,False,False,0.8620965201566797,3.1695170833333335,4.0454475,3.998006964285714,0.6332950037471973,3.793804532883546,3.7292175312607125
2026-03-03,18.0,IEX,2.243,7854.03,11081.23,22692.75,1,3,0,1,True,False,False,0.48831587159409245,3.1695170833333335,4.0454475,3.998006964285714,0.6332950037471973,3.793804532883546,3.7292175312607125
2026-03-03,17.0,IEX,2.1575100000000003,10513.93,13519.98,32927.65,1,3,0,1,False,False,True,0.41059656537572625,3.1695170833333335,4.0454475,3.998006964285714,0.6332950037471973,3.793804532883546,3.7292175312607125
2026-03-03,16.0,IEX,2.0795700000000004,12464.83,15336.8,38205.25,1,3,0,1,False,False,True,0.4014317402970974,3.1695170833333335,4.0454475,3.998006964285714,0.6332950037471973,3.793804532883546,3.7292175312607125
2026-03-03,15.0,IEX,1.74883,13143.96,15647.18,43038.58,1,3,0,1,False,False,True,0.36356171593868525,3.1695170833333335,4.0454475,3.998006964285714,0.6332950037471973,3.793804532883546,3.7292175312607125
2026-03-03,14.0,IEX,1.50002,12656.17,14165.23,48702.55,1,3,0,1,False,False,True,0.2908519163183751,3.1695170833333335,4.0454475,3.998006964285714,0.6332950037471973,3.793804532883546,3.7292175312607125
2026-03-03,13.0,IEX,1.69111,13206.57,14712.68,45815.3,1,3,0,1,False,False,True,0.32113027736997674,3.1695170833333335,4.0454475,3.998006964285714,0.6332950037471973,3.793804532883546,3.7292175312607125
2026-03-03,24.0,IEX,2.8001,5862.75,11186.98,21135.53,1,3,0,0,False,False,True,0.529297348810606,3.1695170833333335,4.0454475,3.998006964285714,0.6332950037471973,3.793804532883546,3.7292175312607125
2026-03-03,11.0,IEX,2.0904000000000003,12279.31,15254.55,35137.75,1,3,0,1,False,False,True,0.434135651703898,3.1695170833333335,4.0454475,3.998006964285714,0.6332950037471973,3.793804532883546,3.7292175312607125
2026-03-03,1.0,IEX,3.27445,9873.73,16867.33,22930.23,1,3,0,0,False,False,True,0.7355935807291974,3.1695170833333335,4.0454475,3.998006964285714,0.6332950037471973,3.793804532883546,3.7292175312607125
2026-03-03,2.0,IEX,3.35816,11096.35,18148.9,24561.2,1,3,0,0,False,False,True,0.7389256222257359,3.1695170833333335,4.0454475,3.998006964285714,0.6332950037471973,3.793804532883546,3.7292175312607125
2026-03-03,3.0,IEX,3.3869,11735.31,18732.6,25438.45,1,3,0,0,False,False,True,0.7363892058138805,3.1695170833333335,4.0454475,3.998006964285714,0.6332950037471973,3.793804532883546,3.7292175312607125
2026-03-03,4.0,IEX,3.43516,12510.52,19357.83,25823.58,1,3,0,0,False,False,True,0.7496183717557293,3.1695170833333335,4.0454475,3.998006964285714,0.6332950037471973,3.793804532883546,3.7292175312607125
2026-03-03,5.0,IEX,3.61067,12617.2,19513.08,23468.23,1,3,0,0,False,False,True,0.8314679032754205,3.1695170833333335,4.0454475,3.998006964285714,0.6332950037471973,3.793804532883546,3.7292175312607125
2026-03-03,12.0,IEX,1.93848,12770.42,15321.38,40002.18,1,3,0,1,False,False,True,0.383013625661648,3.1695170833333335,4.0454475,3.998006964285714,0.6332950037471973,3.793804532883546,3.7292175312607125
2026-03-03,7.0,IEX,5.4851,10148.13,17444.7,15589.43,1,3,0,0,False,True,False,1.119008199068851,3.1695170833333335,4.0454475,3.998006964285714,0.6332950037471973,3.793804532883546,3.7292175312607125
2026-03-03,8.0,IEX,8.60228,13409.85,22859.85,17336.78,1,3,0,0,False,True,False,1.3185753056112062,3.1695170833333335,4.0454475,3.998006964285714,0.6332950037471973,3.793804532883546,3.7292175312607125
2026-03-03,9.0,IEX,3.39172,12632.05,19264.05,23176.75,1,3,0,1,False,True,False,0.8311799536901507,3.1695170833333335,4.0454475,3.998006964285714,0.6332950037471973,3.793804532883546,3.7292175312607125
2026-03-03,10.0,IEX,2.7810300000000003,12925.6,17445.25,28419.9,1,3,0,1,False,True,False,0.613839246227524,3.1695170833333335,4.0454475,3.998006964285714,0.6332950037471973,3.793804532883546,3.7292175312607125
2026-03-03,6.0,IEX,4.039070000000001,11652.35,18221.68,17986.6,1,3,0,0,False,True,False,1.0130697291244206,3.1695170833333335,4.0454475,3.998006964285714,0.6332950037471973,3.793804532883546,3.7292175312607125
2026-03-04,14.0,IEX,1.2003199999999998,10646.63,12298.38,52455.85,2,3,0,1,False,False,True,0.23445202008270724,2.7814970833333335,3.1695170833333335,3.7654517261904763,0.7459297587461338,3.6380649252604362,3.6533998954265225
2026-03-04,15.0,IEX,1.51737,11695.1,14491.63,50067.13,2,3,0,1,False,False,True,0.2894439924378641,2.7814970833333335,3.1695170833333335,3.7654517261904763,0.7459297587461338,3.6380649252604362,3.6533998954265225
2026-03-04,16.0,IEX,1.89802,12318.36,15974.23,45379.5,2,3,0,1,False,False,True,0.3520142354252439,2.7814970833333335,3.1695170833333335,3.7654517261904763,0.7459297587461338,3.6380649252604362,3.6533998954265225
2026-03-04,17.0,IEX,1.9607,11125.68,14715.83,39247.88,2,3,0,1,False,False,True,0.3749458568526642,2.7814970833333335,3.1695170833333335,3.7654517261904763,0.7459297587461338,3.6380649252604362,3.6533998954265225
2026-03-04,18.0,IEX,2.16866,10019.2,12960.25,27020.3,2,3,0,1,True,False,False,0.4796486343676241,2.7814970833333335,3.1695170833333335,3.7654517261904763,0.7459297587461338,3.6380649252604362,3.6533998954265225
2026-03-04,20.0,IEX,3.11447,8853.3,14058.0,18579.65,2,3,0,1,True,False,False,0.7566342741888925,2.7814970833333335,3.1695170833333335,3.7654517261904763,0.7459297587461338,3.6380649252604362,3.6533998954265225
2026-03-04,21.0,IEX,2.91779,8482.93,13119.85,20133.2,2,3,0,1,True,False,False,0.6516524940637094,2.7814970833333335,3.1695170833333335,3.7654517261904763,0.7459297587461338,3.6380649252604362,3.6533998954265225
2026-03-04,22.0,IEX,2.88996,7981.93,13063.28,22926.05,2,3,0,1,True,False,False,0.5698007286166606,2.7814970833333335,3.1695170833333335,3.7654517261904763,0.7459297587461338,3.6380649252604362,3.6533998954265225
2026-03-04,23.0,IEX,2.61816,7043.96,12431.35,23054.1,2,3,0,0,False,False,True,0.539225126750025,2.7814970833333335,3.1695170833333335,3.7654517261904763,0.7459297587461338,3.6380649252604362,3.6533998954265225
2026-03-04,13.0,IEX,1.35766,11405.65,12862.13,50535.4,2,3,0,1,False,False,True,0.2545172294560808,2.7814970833333335,3.1695170833333335,3.7654517261904763,0.7459297587461338,3.6380649252604362,3.6533998954265225
2026-03-04,19.0,IEX,3.02246,8837.4,13719.1,19590.68,2,3,0,1,True,False,False,0.7002870749252772,2.7814970833333335,3.1695170833333335,3.7654517261904763,0.7459297587461338,3.6380649252604362,3.6533998954265225
2026-03-04,24.0,IEX,2.62304,6909.81,12813.6,24040.9,2,3,0,0,False,False,True,0.5329916931009273,2.7814970833333335,3.1695170833333335,3.7654517261904763,0.7459297587461338,3.6380649252604362,3.6533998954265225
2026-03-04,12.0,IEX,1.37848,12338.65,14449.33,48561.6,2,3,0,1,False,False,True,0.2975464152133483,2.7814970833333335,3.1695170833333335,3.7654517261904763,0.7459297587461338,3.6380649252604362,3.6533998954265225
2026-03-04,10.0,IEX,1.71285,12187.2,14409.05,35553.83,2,3,0,1,False,True,False,0.4052741995995159,2.7814970833333335,3.1695170833333335,3.7654517261904763,0.7459297587461338,3.6380649252604362,3.6533998954265225
2026-03-04,11.0,IEX,1.24084,11501.6,13608.88,43269.55,2,3,0,1,False,False,True,0.31451401729056244,2.7814970833333335,3.1695170833333335,3.7654517261904763,0.7459297587461338,3.6380649252604362,3.6533998954265225
2026-03-04,1.0,IEX,3.3388400000000003,11086.5,19472.53,23918.73,2,3,0,0,False,False,True,0.8141122037774947,2.7814970833333335,3.1695170833333335,3.7654517261904763,0.7459297587461338,3.6380649252604362,3.6533998954265225
2026-03-04,2.0,IEX,3.39251,11943.65,20002.85,25152.33,2,3,0,0,False,False,True,0.7952682710527141,2.7814970833333335,3.1695170833333335,3.7654517261904763,0.7459297587461338,3.6380649252604362,3.6533998954265225
2026-03-04,3.0,IEX,3.3493600000000003,12579.0,20425.68,26203.9,2,3,0,0,False,False,True,0.7794900756072607,2.7814970833333335,3.1695170833333335,3.7654517261904763,0.7459297587461338,3.6380649252604362,3.6533998954265225
2026-03-04,4.0,IEX,3.35182,13294.75,20625.43,26841.43,2,3,0,0,False,False,True,0.7684177032414377,2.7814970833333335,3.1695170833333335,3.7654517261904763,0.7459297587461338,3.6380649252604362,3.6533998954265225
2026-03-04,6.0,IEX,3.77237,11617.97,18050.1,19546.38,2,3,0,0,False,True,False,0.9234497636271013,2.7814970833333335,3.1695170833333335,3.7654517261904763,0.7459297587461338,3.6380649252604362,3.6533998954265225
2026-03-04,7.0,IEX,4.34209,11790.84,18241.6,18681.8,2,3,0,0,False,True,False,0.9764369595133033,2.7814970833333335,3.1695170833333335,3.7654517261904763,0.7459297587461338,3.6380649252604362,3.6533998954265225
2026-03-04,8.0,IEX,7.57261,15724.98,24317.85,20493.6,2,3,0,0,False,True,False,1.1866070377158688,2.7814970833333335,3.1695170833333335,3.7654517261904763,0.7459297587461338,3.6380649252604362,3.6533998954265225
2026-03-04,9.0,IEX,2.6228,12576.03,17744.2,27389.43,2,3,0,1,False,True,False,0.6478484580921003,2.7814970833333335,3.1695170833333335,3.7654517261904763,0.7459297587461338,3.6380649252604362,3.6533998954265225
2026-03-04,5.0,IEX,3.39275,12402.82,19576.13,24571.95,2,3,0,0,False,False,True,0.7966860583727844,2.7814970833333335,3.1695170833333335,3.7654517261904763,0.7459297587461338,3.6380649252604362,3.6533998954265225
2026-03-05,24.0,IEX,3.65092,7987.32,15385.73,17202.08,3,3,0,0,False,False,True,0.8944110241933468,3.2657458333333333,2.7814970833333335,3.584961369047619,0.6803010970207365,3.580785064963959,3.6223875704590673
2026-03-05,14.0,IEX,1.50739,12112.07,13858.65,46887.08,3,3,0,1,False,False,True,0.2955750282816556,3.2657458333333333,2.7814970833333335,3.584961369047619,0.6803010970207365,3.580785064963959,3.6223875704590673
2026-03-05,15.0,IEX,1.55409,12340.89,15347.4,42128.83,3,3,0,1,False,False,True,0.3642968484137117,3.2657458333333333,2.7814970833333335,3.584961369047619,0.6803010970207365,3.580785064963959,3.6223875704590673
2026-03-05,16.0,IEX,1.99261,12932.06,16854.25,36762.8,3,3,0,1,False,False,True,0.4584593664088536,3.2657458333333333,2.7814970833333335,3.584961369047619,0.6803010970207365,3.580785064963959,3.6223875704590673
2026-03-05,17.0,IEX,2.3667800000000003,11934.5,16923.43,30771.3,3,3,0,1,False,False,True,0.5499744890368706,3.2657458333333333,2.7814970833333335,3.584961369047619,0.6803010970207365,3.580785064963959,3.6223875704590673
2026-03-05,20.0,IEX,6.37899,9902.35,17479.85,13527.7,3,3,0,1,True,False,False,1.2921523974569569,3.2657458333333333,2.7814970833333335,3.584961369047619,0.6803010970207365,3.580785064963959,3.6223875704590673
2026-03-05,19.0,IEX,7.25634,10237.35,18172.73,14202.13,3,3,0,1,True,False,False,1.2795777807416369,3.2657458333333333,2.7814970833333335,3.584961369047619,0.6803010970207365,3.580785064963959,3.6223875704590673
2026-03-05,21.0,IEX,4.58682,9877.23,16275.53,14764.3,3,3,0,1,True,False,False,1.1023570361599555,3.2657458333333333,2.7814970833333335,3.584961369047619,0.6803010970207365,3.580785064963959,3.6223875704590673
2026-03-05,22.0,IEX,4.12766,9601.33,15974.05,15246.83,3,3,0,1,True,False,False,1.0476964713007908,3.2657458333333333,2.7814970833333335,3.584961369047619,0.6803010970207365,3.580785064963959,3.6223875704590673
2026-03-05,13.0,IEX,1.5746300000000002,11896.85,13644.0,44841.08,3,3,0,1,False,False,True,0.30427456245383144,3.2657458333333333,2.7814970833333335,3.584961369047619,0.6803010970207365,3.580785064963959,3.6223875704590673
2026-03-05,18.0,IEX,3.33752,10935.02,16997.83,21778.13,3,3,0,1,True,False,False,0.7804999782899175,3.2657458333333333,2.7814970833333335,3.584961369047619,0.6803010970207365,3.580785064963959,3.6223875704590673
2026-03-05,23.0,IEX,3.81531,8637.8,15632.33,16348.95,3,3,0,0,False,False,True,0.9561672150467355,3.2657458333333333,2.7814970833333335,3.584961369047619,0.6803010970207365,3.580785064963959,3.6223875704590673
2026-03-05,12.0,IEX,1.59749,11434.65,14040.85,40379.08,3,3,0,1,False,False,True,0.34772585201353623,3.2657458333333333,2.7814970833333335,3.584961369047619,0.6803010970207365,3.580785064963959,3.6223875704590673
2026-03-05,10.0,IEX,2.44835,11692.73,15922.98,29193.2,3,3,0,1,False,True,False,0.545434553065291,3.2657458333333333,2.7814970833333335,3.584961369047619,0.6803010970207365,3.580785064963959,3.6223875704590673
2026-03-05,1.0,IEX,2.84106,8648.78,15302.28,24545.08,3,3,0,0,False,False,True,0.6234357351357438,3.2657458333333333,2.7814970833333335,3.584961369047619,0.6803010970207365,3.580785064963959,3.6223875704590673
2026-03-05,2.0,IEX,2.9427600000000003,9972.38,16560.28,26298.95,3,3,0,0,False,False,True,0.6296935806829954,3.2657458333333333,2.7814970833333335,3.584961369047619,0.6803010970207365,3.580785064963959,3.6223875704590673
2026-03-05,3.0,IEX,3.02994,10499.93,17230.05,27093.2,3,3,0,0,False,False,True,0.6359547780860308,3.2657458333333333,2.7814970833333335,3.584961369047619,0.6803010970207365,3.580785064963959,3.6223875704590673
2026-03-05,4.0,IEX,3.08818,11364.63,18047.53,27587.85,3,3,0,0,False,False,True,0.6541839974285114,3.2657458333333333,2.7814970833333335,3.584961369047619,0.6803010970207365,3.580785064963959,3.6223875704590673
2026-03-05,11.0,IEX,1.75723,10958.3,13602.0,35233.9,3,3,0,1,False,False,True,0.38604866325157056,3.2657458333333333,2.7814970833333335,3.584961369047619,0.6803010970207365,3.580785064963959,3.6223875704590673
2026-03-05,6.0,IEX,3.21606,8898.93,14902.68,19557.1,3,3,0,0,False,True,False,0.7620086818792109,3.2657458333333333,2.7814970833333335,3.584961369047619,0.6803010970207365,3.580785064963959,3.6223875704590673
2026-03-05,7.0,IEX,3.85489,10278.95,16564.65,17753.2,3,3,0,0,False,True,False,0.9330515056817636,3.2657458333333333,2.7814970833333335,3.584961369047619,0.6803010970207365,3.580785064963959,3.6223875704590673
2026-03-05,8.0,IEX,5.18156,14029.79,21989.85,19915.45,3,3,0,0,False,True,False,1.1041603372737445,3.2657458333333333,2.7814970833333335,3.584961369047619,0.6803010970207365,3.580785064963959,3.6223875704590673
2026-03-05,9.0,IEX,3.06725,12792.88,18999.5,25543.03,3,3,0,1,False,True,False,0.7438232657817717,3.2657458333333333,2.7814970833333335,3.584961369047619,0.6803010970207365,3.580785064963959,3.6223875704590673
2026-03-05,5.0,IEX,3.20407,10709.22,17703.43,25119.65,3,3,0,0,False,False,True,0.7047641982651971,3.2657458333333333,2.7814970833333335,3.584961369047619,0.6803010970207365,3.580785064963959,3.6223875704590673
2026-03-06,14.0,IEX,1.73791,12439.38,15822.9,47833.25,4,3,0,1,False,False,True,0.3307929107198877,3.7344666666666666,3.2657458333333333,3.4573336309523808,0.5160019638746999,3.6044283883028374,3.631353898155675
2026-03-06,23.0,IEX,3.49932,7779.8,14784.03,14650.8,4,3,0,0,False,False,True,1.0090937006790799,3.7344666666666666,3.2657458333333333,3.4573336309523808,0.5160019638746999,3.6044283883028374,3.631353898155675
2026-03-06,22.0,IEX,4.1427700000000005,9390.25,16260.73,14834.9,4,3,0,1,True,False,False,1.0961132187637845,3.7344666666666666,3.2657458333333333,3.4573336309523808,0.5160019638746999,3.6044283883028374,3.631353898155675
2026-03-06,21.0,IEX,5.05044,10895.37,18626.4,14481.65,4,3,0,1,True,False,False,1.2862070266259669,3.7344666666666666,3.2657458333333333,3.4573336309523808,0.5160019638746999,3.6044283883028374,3.631353898155675
2026-03-06,20.0,IEX,7.71424,10609.16,19867.33,14044.88,4,3,0,1,True,False,False,1.41456032275494,3.7344666666666666,3.2657458333333333,3.4573336309523808,0.5160019638746999,3.6044283883028374,3.631353898155675
2026-03-06,19.0,IEX,7.61937,9773.85,19157.08,13326.93,4,3,0,1,True,False,False,1.4374713445351095,3.7344666666666666,3.2657458333333333,3.4573336309523808,0.5160019638746999,3.6044283883028374,3.631353898155675
2026-03-06,18.0,IEX,3.39016,9760.61,16493.38,19144.48,4,3,0,1,True,False,False,0.8615214407173654,3.7344666666666666,3.2657458333333333,3.4573336309523808,0.5160019638746999,3.6044283883028374,3.631353898155675
2026-03-06,17.0,IEX,2.68757,11315.0,17540.75,30101.03,4,3,0,1,False,False,True,0.5827292286733281,3.7344666666666666,3.2657458333333333,3.4573336309523808,0.5160019638746999,3.6044283883028374,3.631353898155675
2026-03-06,16.0,IEX,2.39215,12832.78,19062.5,39058.25,4,3,0,1,False,False,True,0.48805310005234404,3.7344666666666666,3.2657458333333333,3.4573336309523808,0.5160019638746999,3.6044283883028374,3.631353898155675
2026-03-06,15.0,IEX,2.05699,12566.5,17630.6,44251.35,4,3,0,1,False,False,True,0.39841948315736814,3.7344666666666666,3.2657458333333333,3.4573336309523808,0.5160019638746999,3.6044283883028374,3.631353898155675
2026-03-06,13.0,IEX,2.10456,13387.68,17639.8,44533.83,4,3,0,1,False,False,True,0.39609887575443226,3.7344666666666666,3.2657458333333333,3.4573336309523808,0.5160019638746999,3.6044283883028374,3.631353898155675
2026-03-06,24.0,IEX,3.28214,7188.87,14626.78,16393.08,4,3,0,0,False,False,True,0.8922533160990775,3.7344666666666666,3.2657458333333333,3.4573336309523808,0.5160019638746999,3.6044283883028374,3.631353898155675
2026-03-06,11.0,IEX,2.50304,11599.76,17076.7,32298.48,4,3,0,1,False,False,True,0.5287152830322928,3.7344666666666666,3.2657458333333333,3.4573336309523808,0.5160019638746999,3.6044283883028374,3.631353898155675
2026-03-06,1.0,IEX,3.41716,9397.3,17869.25,21014.53,4,3,0,0,False,False,True,0.8503283200479248,3.7344666666666666,3.2657458333333333,3.4573336309523808,0.5160019638746999,3.6044283883028374,3.631353898155675
2026-03-06,2.0,IEX,3.47862,10930.1,19179.1,22630.83,4,3,0,0,False,False,True,0.8474766498411782,3.7344666666666666,3.2657458333333333,3.4573336309523808,0.5160019638746999,3.6044283883028374,3.631353898155675
2026-03-06,3.0,IEX,3.51948,11473.83,19393.78,23637.3,4,3,0,0,False,False,True,0.8204735731997844,3.7344666666666666,3.2657458333333333,3.4573336309523808,0.5160019638746999,3.6044283883028374,3.631353898155675
2026-03-06,4.0,IEX,3.56068,12263.41,20170.75,24083.68,4,3,0,0,False,False,True,0.8375277362772102,3.7344666666666666,3.2657458333333333,3.4573336309523808,0.5160019638746999,3.6044283883028374,3.631353898155675
2026-03-06,5.0,IEX,3.78274,12131.1,21190.68,21772.95,4,3,0,0,False,False,True,0.9732571833521607,3.7344666666666666,3.2657458333333333,3.4573336309523808,0.5160019638746999,3.6044283883028374,3.631353898155675
2026-03-06,12.0,IEX,2.22024,12887.42,18888.75,39536.63,4,3,0,1,False,False,True,0.4777531619468444,3.7344666666666666,3.2657458333333333,3.4573336309523808,0.5160019638746999,3.6044283883028374,3.631353898155675
2026-03-06,7.0,IEX,4.61085,10338.68,18652.78,15447.8,4,3,0,0,False,True,False,1.207471613299323,3.7344666666666666,3.2657458333333333,3.4573336309523808,0.5160019638746999,3.6044283883028374,3.631353898155675
2026-03-06,8.0,IEX,6.105600000000001,12919.7,22936.5,16848.58,4,3,0,0,False,True,False,1.3613313398747362,3.7344666666666666,3.2657458333333333,3.4573336309523808,0.5160019638746999,3.6044283883028374,3.631353898155675
2026-03-06,9.0,IEX,3.5749,13040.67,20962.95,22540.65,4,3,0,1,False,True,False,0.9300064545920341,3.7344666666666666,3.2657458333333333,3.4573336309523808,0.5160019638746999,3.6044283883028374,3.631353898155675
2026-03-06,10.0,IEX,2.94797,11720.03,18182.2,26105.33,4,3,0,1,False,True,False,0.6964937808882348,3.7344666666666666,3.2657458333333333,3.4573336309523808,0.5160019638746999,3.6044283883028374,3.631353898155675
2026-03-06,6.0,IEX,4.2283,11447.19,19028.93,17640.33,4,3,0,0,False,True,False,1.0787173476467178,3.7344666666666666,3.2657458333333333,3.4573336309523808,0.5160019638746999,3.6044283883028374,3.631353898155675
2026-03-07,14.0,IEX,1.83339,12275.79,15332.5,49157.8,5,3,1,1,False,False,True,0.31190370596082334,3.6846079166666663,3.7344666666666666,3.3937298809523813,0.4413288138579858,3.6167637003588107,3.635614219636554
2026-03-07,15.0,IEX,1.98282,13225.63,17515.5,46450.1,5,3,1,1,False,False,True,0.37708207293911483,3.6846079166666663,3.7344666666666666,3.3937298809523813,0.4413288138579858,3.6167637003588107,3.635614219636554
2026-03-07,16.0,IEX,2.3376900000000003,12324.58,18143.85,39126.9,5,3,1,1,False,False,True,0.4637180557458632,3.6846079166666663,3.7344666666666666,3.3937298809523813,0.4413288138579858,3.6167637003588107,3.635614219636554
2026-03-07,17.0,IEX,2.88643,11186.75,17568.3,31864.5,5,3,1,1,False,False,True,0.5513439719589688,3.6846079166666663,3.7344666666666666,3.3937298809523813,0.4413288138579858,3.6167637003588107,3.635614219636554
2026-03-07,18.0,IEX,2.99213,9826.94,16238.08,23121.28,5,3,1,1,True,False,False,0.7023002183692685,3.6846079166666663,3.7344666666666666,3.3937298809523813,0.4413288138579858,3.6167637003588107,3.635614219636554
2026-03-07,20.0,IEX,5.852189999999999,10429.25,19128.03,14645.83,5,3,1,1,True,False,False,1.3060393290745287,3.6846079166666663,3.7344666666666666,3.3937298809523813,0.4413288138579858,3.6167637003588107,3.635614219636554
2026-03-07,21.0,IEX,4.90576,11082.09,18134.43,15933.93,5,3,1,1,True,False,False,1.138101522262178,3.6846079166666663,3.7344666666666666,3.3937298809523813,0.4413288138579858,3.6167637003588107,3.635614219636554
2026-03-07,22.0,IEX,3.97988,9749.28,16294.25,16040.2,5,3,1,1,True,False,False,1.0158383305595702,3.6846079166666663,3.7344666666666666,3.3937298809523813,0.4413288138579858,3.6167637003588107,3.635614219636554
2026-03-07,23.0,IEX,3.36917,8486.98,15027.58,16674.18,5,3,1,0,False,False,True,0.901248516627955,3.6846079166666663,3.7344666666666666,3.3937298809523813,0.4413288138579858,3.6167637003588107,3.635614219636554
2026-03-07,13.0,IEX,2.06002,12609.03,16183.7,45728.75,5,3,1,1,False,False,True,0.3539064592069745,3.6846079166666663,3.7344666666666666,3.3937298809523813,0.4413288138579858,3.6167637003588107,3.635614219636554
2026-03-07,19.0,IEX,7.50038,10273.0,19165.1,14722.43,5,3,1,1,True,False,False,1.3017620044369291,3.6846079166666663,3.7344666666666666,3.3937298809523813,0.4413288138579858,3.6167637003588107,3.635614219636554
2026-03-07,24.0,IEX,3.21986,8269.43,15135.4,17732.78,5,3,1,0,False,False,True,0.8535266321166075,3.6846079166666663,3.7344666666666666,3.3937298809523813,0.4413288138579858,3.6167637003588107,3.635614219636554
2026-03-07,12.0,IEX,2.16547,12094.65,16025.58,38857.03,5,3,1,1,False,False,True,0.4124242124494784,3.6846079166666663,3.7344666666666666,3.3937298809523813,0.4413288138579858,3.6167637003588107,3.635614219636554
2026-03-07,10.0,IEX,2.89582,11207.95,16972.05,24968.0,5,3,1,1,False,True,False,0.6797520823935629,3.6846079166666663,3.7344666666666666,3.3937298809523813,0.4413288138579858,3.6167637003588107,3.635614219636554
2026-03-07,9.0,IEX,4.03647,12342.05,20797.88,20000.88,5,3,1,1,False,True,False,1.039848246157245,3.6846079166666663,3.7344666666666666,3.3937298809523813,0.4413288138579858,3.6167637003588107,3.635614219636554
2026-03-07,8.0,IEX,6.3005,13406.88,23248.98,17589.05,5,3,1,0,False,True,False,1.3217871338578338,3.6846079166666663,3.7344666666666666,3.3937298809523813,0.4413288138579858,3.6167637003588107,3.635614219636554
2026-03-07,7.0,IEX,5.042470000000001,11340.53,19637.95,16234.75,5,3,1,0,False,True,False,1.209624416015261,3.6846079166666663,3.7344666666666666,3.3937298809523813,0.4413288138579858,3.6167637003588107,3.635614219636554
2026-03-07,6.0,IEX,4.644520000000001,11978.85,20667.05,17815.38,5,3,1,0,False,True,False,1.1600678732869756,3.6846079166666663,3.7344666666666666,3.3937298809523813,0.4413288138579858,3.6167637003588107,3.635614219636554
2026-03-07,5.0,IEX,3.84966,12857.53,21780.65,21589.33,5,3,1,0,False,False,True,1.0088617844977765,3.6846079166666663,3.7344666666666666,3.3937298809523813,0.4413288138579858,3.6167637003588107,3.635614219636554
2026-03-07,4.0,IEX,3.6715,11726.33,20421.53,23530.5,5,3,1,0,False,False,True,0.8678748854177025,3.6846079166666663,3.7344666666666666,3.3937298809523813,0.4413288138579858,3.6167637003588107,3.635614219636554
2026-03-07,3.0,IEX,3.53635,11253.52,19539.28,22888.75,5,3,1,0,False,False,True,0.8536630436989074,3.6846079166666663,3.7344666666666666,3.3937298809523813,0.4413288138579858,3.6167637003588107,3.635614219636554
2026-03-07,2.0,IEX,3.55722,11183.81,19324.73,21621.8,5,3,1,0,False,False,True,0.8937613885551798,3.6846079166666663,3.7344666666666666,3.3937298809523813,0.4413288138579858,3.6167637003588107,3.635614219636554
2026-03-07,1.0,IEX,3.52641,10022.99,18216.45,19559.13,5,3,1,0,False,False,True,0.9313527744171889,3.6846079166666663,3.7344666666666666,3.3937298809523813,0.4413288138579858,3.6167637003588107,3.635614219636554
2026-03-07,11.0,IEX,2.28448,12211.25,16204.15,32651.8,5,3,1,1,False,False,True,0.4962712620755146,3.6846079166666663,3.7344666666666666,3.3937298809523813,0.4413288138579858,3.6167637003588107,3.635614219636554
2026-03-08,15.0,IEX,1.92022,12389.58,16881.88,46090.88,6,3,1,1,False,False,True,0.36627376167123005,3.6238720833333335,3.6846079166666663,3.4721648809523806,0.4236407334169453,3.6178572977395067,3.634674848732297
2026-03-08,16.0,IEX,2.328,12080.29,17332.58,39850.45,6,3,1,1,False,False,True,0.43494063418733275,3.6238720833333335,3.6846079166666663,3.4721648809523806,0.4236407334169453,3.6178572977395067,3.634674848732297
2026-03-08,17.0,IEX,2.52617,10590.57,15916.88,33321.63,6,3,1,1,False,False,True,0.4776741112371531,3.6238720833333335,3.6846079166666663,3.4721648809523806,0.4236407334169453,3.6178572977395067,3.634674848732297
2026-03-08,18.0,IEX,2.85027,9185.08,14440.18,23399.25,6,3,1,1,True,False,False,0.6171214886728756,3.6238720833333335,3.6846079166666663,3.4721648809523806,0.4236407334169453,3.6178572977395067,3.634674848732297
2026-03-08,14.0,IEX,1.64303,12194.84,14970.23,49237.98,6,3,1,1,False,False,True,0.30403826470865813,3.6238720833333335,3.6846079166666663,3.4721648809523806,0.4236407334169453,3.6178572977395067,3.634674848732297
2026-03-08,20.0,IEX,5.02327,8167.65,17207.5,12002.93,6,3,1,1,True,False,False,1.4336082927805058,3.6238720833333335,3.6846079166666663,3.4721648809523806,0.4236407334169453,3.6178572977395067,3.634674848732297
2026-03-08,21.0,IEX,4.83014,7802.87,16708.13,11698.13,6,3,1,1,True,False,False,1.4282735775476307,3.6238720833333335,3.6846079166666663,3.4721648809523806,0.4236407334169453,3.6178572977395067,3.634674848732297
2026-03-08,22.0,IEX,4.23492,8042.24,15815.83,12524.78,6,3,1,1,True,False,False,1.2627630974254533,3.6238720833333335,3.6846079166666663,3.4721648809523806,0.4236407334169453,3.6178572977395067,3.634674848732297
2026-03-08,23.0,IEX,3.82393,7178.87,15259.93,12917.93,6,3,1,0,False,False,True,1.1812983959649122,3.6238720833333335,3.6846079166666663,3.4721648809523806,0.4236407334169453,3.6178572977395067,3.634674848732297
2026-03-08,19.0,IEX,4.925,8697.34,17250.6,13518.2,6,3,1,1,True,False,False,1.2761018469351673,3.6238720833333335,3.6846079166666663,3.4721648809523806,0.4236407334169453,3.6178572977395067,3.634674848732297
2026-03-08,13.0,IEX,1.94172,12608.7,15495.73,46622.35,6,3,1,1,False,False,True,0.33236698700679673,3.6238720833333335,3.6846079166666663,3.4721648809523806,0.4236407334169453,3.6178572977395067,3.634674848732297
2026-03-08,24.0,IEX,3.51546,6703.71,15125.63,14329.58,6,3,1,0,False,False,True,1.05555291846966,3.6238720833333335,3.6846079166666663,3.4721648809523806,0.4236407334169453,3.6178572977395067,3.634674848732297
2026-03-08,11.0,IEX,2.2171,11904.18,15577.73,35734.9,6,3,1,1,False,False,True,0.43592482406948807,3.6238720833333335,3.6846079166666663,3.4721648809523806,0.4236407334169453,3.6178572977395067,3.634674848732297
2026-03-08,1.0,IEX,3.99729,9489.63,20450.45,16269.08,6,3,1,0,False,False,True,1.2570133029913104,3.6238720833333335,3.6846079166666663,3.4721648809523806,0.4236407334169453,3.6178572977395067,3.634674848732297
2026-03-08,2.0,IEX,3.89416,10694.04,21412.35,17984.28,6,3,1,0,False,False,True,1.190614802933109,3.6238720833333335,3.6846079166666663,3.4721648809523806,0.4236407334169453,3.6178572977395067,3.634674848732297
2026-03-08,3.0,IEX,3.86851,11408.55,21650.43,19163.55,6,3,1,0,False,False,True,1.1297713622320649,3.6238720833333335,3.6846079166666663,3.4721648809523806,0.4236407334169453,3.6178572977395067,3.634674848732297
2026-03-08,4.0,IEX,3.86343,12031.7,22101.73,19463.58,6,3,1,0,False,False,True,1.1355428954305717,3.6238720833333335,3.6846079166666663,3.4721648809523806,0.4236407334169453,3.6178572977395067,3.634674848732297
2026-03-08,5.0,IEX,4.395779999999999,12466.97,23160.5,17942.13,6,3,1,0,False,False,True,1.290844508823175,3.6238720833333335,3.6846079166666663,3.4721648809523806,0.4236407334169453,3.6178572977395067,3.634674848732297
2026-03-08,12.0,IEX,2.0481,12664.39,16662.33,41959.58,6,3,1,1,False,False,True,0.3971043083850924,3.6238720833333335,3.6846079166666663,3.4721648809523806,0.4236407334169453,3.6178572977395067,3.634674848732297
2026-03-08,7.0,IEX,5.52536,10608.48,20862.98,13957.15,6,3,1,0,False,True,False,1.4947879749842998,3.6238720833333335,3.6846079166666663,3.4721648809523806,0.4236407334169453,3.6178572977395067,3.634674848732297
2026-03-08,8.0,IEX,5.17491,13787.7,23268.28,18340.8,6,3,1,0,False,True,False,1.2686622168778559,3.6238720833333335,3.6846079166666663,3.4721648809523806,0.4236407334169453,3.6178572977395067,3.634674848732297
2026-03-08,9.0,IEX,3.12351,12422.3,18786.83,24454.03,6,3,1,1,False,True,False,0.7682508769441068,3.6238720833333335,3.6846079166666663,3.4721648809523806,0.4236407334169453,3.6178572977395067,3.634674848732297
2026-03-08,10.0,IEX,2.51926,11682.68,15766.23,29145.1,6,3,1,1,False,True,False,0.540956455616568,3.6238720833333335,3.6846079166666663,3.4721648809523806,0.4236407334169453,3.6178572977395067,3.634674848732297
2026-03-08,6.0,IEX,6.783390000000001,11492.48,22144.13,14404.78,6,3,1,0,False,True,False,1.5372765140895754,3.6238720833333335,3.6846079166666663,3.4721648809523806,0.4236407334169453,3.6178572977395067,3.634674848732297
2026-03-09,15.0,IEX,2.19626,10887.98,20079.48,40315.7,0,3,0,1,False,False,True,0.49805609216804964,4.609548333333334,3.6238720833333335,3.5527507142857147,0.5768244167812262,3.770425149369326,3.71266472750038
2026-03-09,16.0,IEX,2.80009,10458.05,20399.0,32992.58,0,3,0,1,False,False,True,0.6182905366545172,4.609548333333334,3.6238720833333335,3.5527507142857147,0.5768244167812262,3.770425149369326,3.71266472750038
2026-03-09,17.0,IEX,3.12696,10954.87,20325.7,27790.73,0,3,0,1,False,False,True,0.7313841699259487,4.609548333333334,3.6238720833333335,3.5527507142857147,0.5768244167812262,3.770425149369326,3.71266472750038
2026-03-09,18.0,IEX,4.02994,10326.19,20359.58,17477.05,0,3,0,1,True,False,False,1.1649322962599913,4.609548333333334,3.6238720833333335,3.5527507142857147,0.5768244167812262,3.770425149369326,3.71266472750038
2026-03-09,19.0,IEX,7.90354,7528.0,21815.43,10359.18,0,3,0,1,True,False,False,2.1059031679091365,4.609548333333334,3.6238720833333335,3.5527507142857147,0.5768244167812262,3.770425149369326,3.71266472750038
2026-03-09,21.0,IEX,6.100569999999999,7253.45,21754.03,10208.2,0,3,0,1,True,False,False,2.1310348522452194,4.609548333333334,3.6238720833333335,3.5527507142857147,0.5768244167812262,3.770425149369326,3.71266472750038
2026-03-09,22.0,IEX,6.00058,7946.37,20266.58,10549.63,0,3,0,1,True,False,False,1.9210702158075024,4.609548333333334,3.6238720833333335,3.5527507142857147,0.5768244167812262,3.770425149369326,3.71266472750038
2026-03-09,23.0,IEX,5.16044,7211.53,19748.68,10415.73,0,3,0,0,False,False,True,1.8960437704356357,4.609548333333334,3.6238720833333335,3.5527507142857147,0.5768244167812262,3.770425149369326,3.71266472750038
2026-03-09,24.0,IEX,4.40616,6177.23,18925.13,10818.7,0,3,0,0,False,False,True,1.749297973185967,4.609548333333334,3.6238720833333335,3.5527507142857147,0.5768244167812262,3.770425149369326,3.71266472750038
2026-03-09,14.0,IEX,1.93574,11707.86,18356.38,45782.4,0,3,0,1,False,False,True,0.4009483992973395,4.609548333333334,3.6238720833333335,3.5527507142857147,0.5768244167812262,3.770425149369326,3.71266472750038
2026-03-09,20.0,IEX,9.05004,6775.13,23246.35,9357.78,0,3,0,1,True,False,False,2.4841735940744774,4.609548333333334,3.6238720833333335,3.5527507142857147,0.5768244167812262,3.770425149369326,3.71266472750038
2026-03-09,13.0,IEX,2.19523,12676.83,19343.53,43816.65,0,3,0,1,False,False,True,0.44146528763804044,4.609548333333334,3.6238720833333335,3.5527507142857147,0.5768244167812262,3.770425149369326,3.71266472750038
2026-03-09,12.0,IEX,2.31301,12242.25,19549.83,38608.5,0,3,0,1,False,False,True,0.5063607753457501,4.609548333333334,3.6238720833333335,3.5527507142857147,0.5768244167812262,3.770425149369326,3.71266472750038
2026-03-09,11.0,IEX,2.4555,11782.06,18279.45,32305.65,0,3,0,1,False,False,True,0.5658282682546774,4.609548333333334,3.6238720833333335,3.5527507142857147,0.5768244167812262,3.770425149369326,3.71266472750038
2026-03-09,2.0,IEX,4.50134,10339.9,22191.18,15399.0,0,3,0,0,False,False,True,1.4410792899272165,4.609548333333334,3.6238720833333335,3.5527507142857147,0.5768244167812262,3.770425149369326,3.71266472750038
2026-03-09,3.0,IEX,4.5022,11044.44,22715.78,16529.13,0,3,0,0,False,False,True,1.3742876961011936,4.609548333333334,3.6238720833333335,3.5527507142857147,0.5768244167812262,3.770425149369326,3.71266472750038
2026-03-09,4.0,IEX,4.50077,11795.52,23267.25,17109.05,0,3,0,0,False,False,True,1.3599381605875616,4.609548333333334,3.6238720833333335,3.5527507142857147,0.5768244167812262,3.770425149369326,3.71266472750038
2026-03-09,5.0,IEX,5.37,12367.8,22350.38,15699.98,0,3,0,0,False,False,True,1.423592895389935,4.609548333333334,3.6238720833333335,3.5527507142857147,0.5768244167812262,3.770425149369326,3.71266472750038
2026-03-09,1.0,IEX,4.64376,9304.92,21116.08,13589.38,0,3,0,0,False,False,True,1.5538663268273711,4.609548333333334,3.6238720833333335,3.5527507142857147,0.5768244167812262,3.770425149369326,3.71266472750038
2026-03-09,7.0,IEX,6.075729999999999,10356.05,21280.13,14282.3,0,3,0,0,False,True,False,1.4899652006399775,4.609548333333334,3.6238720833333335,3.5527507142857147,0.5768244167812262,3.770425149369326,3.71266472750038
2026-03-09,8.0,IEX,7.32562,12243.05,24689.9,16342.63,0,3,0,0,False,True,False,1.5107666259893504,4.609548333333334,3.6238720833333335,3.5527507142857147,0.5768244167812262,3.770425149369326,3.71266472750038
2026-03-09,9.0,IEX,3.96325,13078.03,21952.3,20756.83,0,3,0,1,False,True,False,1.057594054073963,4.609548333333334,3.6238720833333335,3.5527507142857147,0.5768244167812262,3.770425149369326,3.71266472750038
2026-03-09,10.0,IEX,3.0029,11598.68,19041.63,25446.03,0,3,0,1,False,True,False,0.7483143733036886,4.609548333333334,3.6238720833333335,3.5527507142857147,0.5768244167812262,3.770425149369326,3.71266472750038
2026-03-09,6.0,IEX,7.069529999999999,10051.75,19694.43,13609.38,0,3,0,0,False,True,False,1.4471217634843603,4.609548333333334,3.6238720833333335,3.5527507142857147,0.5768244167812262,3.770425149369326,3.71266472750038
2026-03-10,14.0,IEX,2.06612,12185.36,17652.93,45091.45,1,3,0,1,False,False,True,0.39149173504256535,4.428500416666667,4.609548333333334,3.7326054761904763,0.6311357255560106,3.871667498184302,3.769931582633683
2026-03-10,23.0,IEX,4.94024,7064.78,16980.63,10249.03,1,3,0,0,False,False,True,1.6568036178479295,4.428500416666667,4.609548333333334,3.7326054761904763,0.6311357255560106,3.871667498184302,3.769931582633683
2026-03-10,22.0,IEX,4.915109999999999,7426.23,16477.88,10277.9,1,3,0,1,True,False,False,1.603234122142428,4.428500416666667,4.609548333333334,3.7326054761904763,0.6311357255560106,3.871667498184302,3.769931582633683
2026-03-10,21.0,IEX,6.00038,7629.55,18655.25,10279.45,1,3,0,1,True,False,False,1.8148101291267429,4.428500416666667,4.609548333333334,3.7326054761904763,0.6311357255560106,3.871667498184302,3.769931582633683
2026-03-10,20.0,IEX,8.825040000000001,6455.97,19065.7,8966.88,1,3,0,1,True,False,False,2.1262356559625695,4.428500416666667,4.609548333333334,3.7326054761904763,0.6311357255560106,3.871667498184302,3.769931582633683
2026-03-10,19.0,IEX,8.10041,6788.7,19041.78,9558.38,1,3,0,1,True,False,False,1.9921555723959965,4.428500416666667,4.609548333333334,3.7326054761904763,0.6311357255560106,3.871667498184302,3.769931582633683
2026-03-10,18.0,IEX,3.55175,8710.82,17328.98,17866.58,1,3,0,1,True,False,False,0.9699103012608398,4.428500416666667,4.609548333333334,3.7326054761904763,0.6311357255560106,3.871667498184302,3.769931582633683
2026-03-10,17.0,IEX,2.9205,10047.15,18667.38,28588.98,1,3,0,1,False,False,True,0.6529571881707718,4.428500416666667,4.609548333333334,3.7326054761904763,0.6311357255560106,3.871667498184302,3.769931582633683
2026-03-10,16.0,IEX,2.51785,10508.21,19638.2,33876.63,1,3,0,1,False,False,True,0.5796975671488878,4.428500416666667,4.609548333333334,3.7326054761904763,0.6311357255560106,3.871667498184302,3.769931582633683
2026-03-10,15.0,IEX,2.22148,11078.79,18270.03,40117.5,1,3,0,1,False,False,True,0.4554129742742162,4.428500416666667,4.609548333333334,3.7326054761904763,0.6311357255560106,3.871667498184302,3.769931582633683
2026-03-10,13.0,IEX,2.15044,12670.99,18026.8,43857.4,1,3,0,1,False,False,True,0.41103211763327685,4.428500416666667,4.609548333333334,3.7326054761904763,0.6311357255560106,3.871667498184302,3.769931582633683
2026-03-10,24.0,IEX,4.52515,6727.6,16442.18,11280.0,1,3,0,0,False,False,True,1.4576400696297518,4.428500416666667,4.609548333333334,3.7326054761904763,0.6311357255560106,3.871667498184302,3.769931582633683
2026-03-10,11.0,IEX,2.5528000000000004,11693.82,18150.45,32265.45,1,3,0,1,False,False,True,0.5625351574013271,4.428500416666667,4.609548333333334,3.7326054761904763,0.6311357255560106,3.871667498184302,3.769931582633683
2026-03-10,1.0,IEX,4.406560000000001,9090.71,18543.8,14310.45,1,3,0,0,False,False,True,1.2958222828102384,4.428500416666667,4.609548333333334,3.7326054761904763,0.6311357255560106,3.871667498184302,3.769931582633683
2026-03-10,2.0,IEX,4.56349,10596.26,20176.7,15385.33,1,3,0,0,False,False,True,1.3114245834756717,4.428500416666667,4.609548333333334,3.7326054761904763,0.6311357255560106,3.871667498184302,3.769931582633683
2026-03-10,3.0,IEX,4.56881,11330.1,20805.55,16295.3,1,3,0,0,False,False,True,1.2767822615866034,4.428500416666667,4.609548333333334,3.7326054761904763,0.6311357255560106,3.871667498184302,3.769931582633683
2026-03-10,4.0,IEX,4.57885,11990.2,21232.08,16902.9,1,3,0,0,False,False,True,1.2561205466185563,4.428500416666667,4.609548333333334,3.7326054761904763,0.6311357255560106,3.871667498184302,3.769931582633683
2026-03-10,5.0,IEX,4.82514,10993.93,19932.38,15407.1,1,3,0,0,False,False,True,1.2937139362412693,4.428500416666667,4.609548333333334,3.7326054761904763,0.6311357255560106,3.871667498184302,3.769931582633683
2026-03-10,12.0,IEX,2.36221,12537.78,18611.23,38288.43,1,3,0,1,False,False,True,0.48607973727674914,4.428500416666667,4.609548333333334,3.7326054761904763,0.6311357255560106,3.871667498184302,3.769931582633683
2026-03-10,7.0,IEX,6.08799,9830.08,20334.45,13753.7,1,3,0,0,False,True,False,1.47847124666201,4.428500416666667,4.609548333333334,3.7326054761904763,0.6311357255560106,3.871667498184302,3.769931582633683
2026-03-10,8.0,IEX,7.15355,12892.49,23497.08,16440.3,1,3,0,0,False,True,False,1.4292366918917316,4.428500416666667,4.609548333333334,3.7326054761904763,0.6311357255560106,3.871667498184302,3.769931582633683
2026-03-10,9.0,IEX,3.67236,12325.15,20415.03,20923.35,1,3,0,1,False,True,False,0.9757056107288242,4.428500416666667,4.609548333333334,3.7326054761904763,0.6311357255560106,3.871667498184302,3.769931582633683
2026-03-10,10.0,IEX,3.11577,11517.32,19209.6,24472.78,1,3,0,1,False,True,False,0.7849373872584409,4.428500416666667,4.609548333333334,3.7326054761904763,0.6311357255560106,3.871667498184302,3.769931582633683
2026-03-10,6.0,IEX,5.66201,8731.5,17769.3,13094.13,1,3,0,0,False,True,False,1.3570431931277274,4.428500416666667,4.609548333333334,3.7326054761904763,0.6311357255560106,3.871667498184302,3.769931582633683
2026-03-11,14.0,IEX,2.16882,10902.03,16999.8,41541.75,2,3,0,1,False,False,True,0.4092220476004929,4.596269166666667,4.428500416666667,3.991858630952381,0.541728134760161,3.9831446779508193,3.8360385893563222
2026-03-11,23.0,IEX,6.00027,6896.38,16439.53,9197.9,2,3,0,0,False,False,True,1.7873134065522418,4.596269166666667,4.428500416666667,3.991858630952381,0.541728134760161,3.9831446779508193,3.8360385893563222
2026-03-11,22.0,IEX,5.80223,7275.03,17057.28,9612.25,2,3,0,1,True,False,False,1.7745356167655484,4.596269166666667,4.428500416666667,3.991858630952381,0.541728134760161,3.9831446779508193,3.8360385893563222
2026-03-11,21.0,IEX,5.8272,7105.49,16662.55,9537.48,2,3,0,1,True,False,False,1.7470600182154405,4.596269166666667,4.428500416666667,3.991858630952381,0.541728134760161,3.9831446779508193,3.8360385893563222
2026-03-11,20.0,IEX,9.1502,5931.9,18797.35,8255.58,2,3,0,1,True,False,False,2.2769266335291687,4.596269166666667,4.428500416666667,3.991858630952381,0.541728134760161,3.9831446779508193,3.8360385893563222
2026-03-11,19.0,IEX,8.06208,7134.0,19549.6,9816.6,2,3,0,1,True,False,False,1.9914838111041664,4.596269166666667,4.428500416666667,3.991858630952381,0.541728134760161,3.9831446779508193,3.8360385893563222
2026-03-11,18.0,IEX,3.84851,9895.92,18713.58,17396.65,2,3,0,1,True,False,False,1.0757002060306438,4.596269166666667,4.428500416666667,3.991858630952381,0.541728134760161,3.9831446779508193,3.8360385893563222
2026-03-11,17.0,IEX,3.28141,11690.55,21072.08,25325.93,2,3,0,1,False,False,True,0.8320357827601846,4.596269166666667,4.428500416666667,3.991858630952381,0.541728134760161,3.9831446779508193,3.8360385893563222
2026-03-11,16.0,IEX,2.91695,10192.14,20966.45,31212.93,2,3,0,1,False,False,True,0.6717232247431679,4.596269166666667,4.428500416666667,3.991858630952381,0.541728134760161,3.9831446779508193,3.8360385893563222
2026-03-11,15.0,IEX,2.66346,8971.74,18594.53,35657.13,2,3,0,1,False,False,True,0.5214813978238064,4.596269166666667,4.428500416666667,3.991858630952381,0.541728134760161,3.9831446779508193,3.8360385893563222
2026-03-11,13.0,IEX,2.36036,11689.92,18295.95,40921.5,2,3,0,1,False,False,True,0.44709871328101397,4.596269166666667,4.428500416666667,3.991858630952381,0.541728134760161,3.9831446779508193,3.8360385893563222
2026-03-11,24.0,IEX,4.97866,7068.8,16435.28,9912.1,2,3,0,0,False,False,True,1.6581027212617883,4.596269166666667,4.428500416666667,3.991858630952381,0.541728134760161,3.9831446779508193,3.8360385893563222
2026-03-11,11.0,IEX,2.71807,9995.02,18891.33,28883.45,2,3,0,1,False,False,True,0.654053791824019,4.596269166666667,4.428500416666667,3.991858630952381,0.541728134760161,3.9831446779508193,3.8360385893563222
2026-03-11,1.0,IEX,4.84156,8850.95,18765.65,12437.5,2,3,0,0,False,False,True,1.5087959786863954,4.596269166666667,4.428500416666667,3.991858630952381,0.541728134760161,3.9831446779508193,3.8360385893563222
2026-03-11,2.0,IEX,4.89433,10268.45,20111.08,13695.28,2,3,0,0,False,False,True,1.468467967454139,4.596269166666667,4.428500416666667,3.991858630952381,0.541728134760161,3.9831446779508193,3.8360385893563222
2026-03-11,3.0,IEX,4.78486,10897.58,20246.58,14345.9,2,3,0,0,False,False,True,1.411314730054361,4.596269166666667,4.428500416666667,3.991858630952381,0.541728134760161,3.9831446779508193,3.8360385893563222
2026-03-11,4.0,IEX,4.63633,11013.43,20372.0,15001.55,2,3,0,0,False,False,True,1.3579930064840013,4.596269166666667,4.428500416666667,3.991858630952381,0.541728134760161,3.9831446779508193,3.8360385893563222
2026-03-11,5.0,IEX,4.635680000000001,9707.9,18821.13,13671.8,2,3,0,0,False,False,True,1.3766387736972172,4.596269166666667,4.428500416666667,3.991858630952381,0.541728134760161,3.9831446779508193,3.8360385893563222
2026-03-11,12.0,IEX,2.5878,10872.81,18884.45,35528.28,2,3,0,1,False,False,True,0.5315329082827728,4.596269166666667,4.428500416666667,3.991858630952381,0.541728134760161,3.9831446779508193,3.8360385893563222
2026-03-11,7.0,IEX,5.63454,8793.38,18407.05,11620.53,2,3,0,0,False,True,False,1.5840112270404092,4.596269166666667,4.428500416666667,3.991858630952381,0.541728134760161,3.9831446779508193,3.8360385893563222
2026-03-11,8.0,IEX,6.2567,11365.21,21442.35,15404.35,2,3,0,0,False,True,False,1.391967203165361,4.596269166666667,4.428500416666667,3.991858630952381,0.541728134760161,3.9831446779508193,3.8360385893563222
2026-03-11,9.0,IEX,3.76685,11690.92,19569.88,19465.0,2,3,0,1,False,True,False,1.005388132029084,4.596269166666667,4.428500416666667,3.991858630952381,0.541728134760161,3.9831446779508193,3.8360385893563222
2026-03-11,10.0,IEX,3.24601,10918.35,19620.88,23756.55,2,3,0,1,False,True,False,0.8259145369062787,4.596269166666667,4.428500416666667,3.991858630952381,0.541728134760161,3.9831446779508193,3.8360385893563222
2026-03-11,6.0,IEX,5.24758,7809.7,16679.55,10971.15,2,3,0,0,False,True,False,1.5203100846125428,4.596269166666667,4.428500416666667,3.991858630952381,0.541728134760161,3.9831446779508193,3.8360385893563222
2026-03-12,14.0,IEX,2.12143,11262.85,19075.5,38929.78,3,3,0,1,False,False,True,0.489997631507294,5.604692916666667,4.596269166666667,4.325993928571429,0.7133589664922002,4.232613637753257,3.9775309355411497
2026-03-12,15.0,IEX,2.55336,10046.46,20767.75,33304.25,3,3,0,1,False,False,True,0.6235765703705753,5.604692916666667,4.596269166666667,4.325993928571429,0.7133589664922002,4.232613637753257,3.9775309355411497
2026-03-12,16.0,IEX,3.13415,10515.16,20991.45,27977.03,3,3,0,1,False,False,True,0.7503101648923027,5.604692916666667,4.596269166666667,4.325993928571429,0.7133589664922002,4.232613637753257,3.9775309355411497
2026-03-12,17.0,IEX,3.35094,10645.53,21277.0,22655.48,3,3,0,1,False,False,True,0.93915467651131,5.604692916666667,4.596269166666667,4.325993928571429,0.7133589664922002,4.232613637753257,3.9775309355411497
2026-03-12,18.0,IEX,4.17871,8924.5,20540.4,14509.6,3,3,0,1,True,False,False,1.4156420566965031,5.604692916666667,4.596269166666667,4.325993928571429,0.7133589664922002,4.232613637753257,3.9775309355411497
2026-03-12,20.0,IEX,10.0,5911.77,25136.75,7644.38,3,3,0,1,True,False,False,3.288265361889041,5.604692916666667,4.596269166666667,4.325993928571429,0.7133589664922002,4.232613637753257,3.9775309355411497
2026-03-12,21.0,IEX,10.0,8094.65,23309.08,9827.25,3,3,0,1,True,False,False,2.371882263734125,5.604692916666667,4.596269166666667,4.325993928571429,0.7133589664922002,4.232613637753257,3.9775309355411497
2026-03-12,22.0,IEX,9.33446,7479.9,22739.73,9280.25,3,3,0,1,True,False,False,2.4503359258098265,5.604692916666667,4.596269166666667,4.325993928571429,0.7133589664922002,4.232613637753257,3.9775309355411497
2026-03-12,23.0,IEX,7.73204,7108.1,21185.9,9050.85,3,3,0,0,False,False,True,2.3407635721056437,5.604692916666667,4.596269166666667,4.325993928571429,0.7133589664922002,4.232613637753257,3.9775309355411497
2026-03-12,13.0,IEX,2.25583,10853.01,19018.13,37149.93,3,3,0,1,False,False,True,0.5119290936720664,5.604692916666667,4.596269166666667,4.325993928571429,0.7133589664922002,4.232613637753257,3.9775309355411497
2026-03-12,19.0,IEX,8.86251,6347.8,23615.05,8458.28,3,3,0,1,True,False,False,2.7919446946755784,5.604692916666667,4.596269166666667,4.325993928571429,0.7133589664922002,4.232613637753257,3.9775309355411497
2026-03-12,24.0,IEX,6.06304,7020.24,19799.53,9542.93,3,3,0,0,False,False,True,2.0747852053040465,5.604692916666667,4.596269166666667,4.325993928571429,0.7133589664922002,4.232613637753257,3.9775309355411497
2026-03-12,12.0,IEX,2.4466300000000003,10340.94,19909.48,33136.58,3,3,0,1,False,False,True,0.6008308640780577,5.604692916666667,4.596269166666667,4.325993928571429,0.7133589664922002,4.232613637753257,3.9775309355411497
2026-03-12,10.0,IEX,3.30532,10417.43,19016.38,21393.43,3,3,0,1,False,True,False,0.8888887845993425,5.604692916666667,4.596269166666667,4.325993928571429,0.7133589664922002,4.232613637753257,3.9775309355411497
2026-03-12,9.0,IEX,3.93464,11930.87,20915.18,18865.75,3,3,0,1,False,True,False,1.1086323092860702,5.604692916666667,4.596269166666667,4.325993928571429,0.7133589664922002,4.232613637753257,3.9775309355411497
2026-03-12,8.0,IEX,6.500640000000001,10412.1,22934.28,13786.5,3,3,0,0,False,True,False,1.6635317146023052,5.604692916666667,4.596269166666667,4.325993928571429,0.7133589664922002,4.232613637753257,3.9775309355411497
2026-03-12,7.0,IEX,6.50678,7893.43,20077.23,10016.0,3,3,0,0,False,True,False,2.0045157727590697,5.604692916666667,4.596269166666667,4.325993928571429,0.7133589664922002,4.232613637753257,3.9775309355411497
2026-03-12,6.0,IEX,7.08442,8188.4,18518.48,10403.55,3,3,0,0,False,True,False,1.7800154737757636,5.604692916666667,4.596269166666667,4.325993928571429,0.7133589664922002,4.232613637753257,3.9775309355411497
2026-03-12,5.0,IEX,7.754359999999999,9726.05,20383.38,11726.88,3,3,0,0,False,False,True,1.7381758816171262,5.604692916666667,4.596269166666667,4.325993928571429,0.7133589664922002,4.232613637753257,3.9775309355411497
2026-03-12,4.0,IEX,5.56988,9952.53,21879.28,12519.03,3,3,0,0,False,False,True,1.7476817279392398,5.604692916666667,4.596269166666667,4.325993928571429,0.7133589664922002,4.232613637753257,3.9775309355411497
2026-03-12,3.0,IEX,6.40606,9737.6,22368.35,11834.33,3,3,0,0,False,False,True,1.8901239006431931,5.604692916666667,4.596269166666667,4.325993928571429,0.7133589664922002,4.232613637753257,3.9775309355411497
2026-03-12,2.0,IEX,6.3861300000000005,8991.18,21677.65,11144.48,3,3,0,0,False,False,True,1.9451468332796626,5.604692916666667,4.596269166666667,4.325993928571429,0.7133589664922002,4.232613637753257,3.9775309355411497
2026-03-12,1.0,IEX,6.05983,8188.1,20266.65,10383.83,3,3,0,0,False,False,True,1.9517509416547163,5.604692916666667,4.596269166666667,4.325993928571429,0.7133589664922002,4.232613637753257,3.9775309355411497
2026-03-12,11.0,IEX,2.97147,9925.91,18945.35,26357.05,3,3,0,1,False,False,True,0.7187962990096401,5.604692916666667,4.596269166666667,4.325993928571429,0.7133589664922002,4.232613637753257,3.9775309355411497
2026-03-13,15.0,IEX,2.64101,10045.59,20995.75,32172.33,4,3,0,1,False,False,True,0.6526027177227752,7.244115833333333,5.604692916666667,4.827372380952381,1.255597770807476,4.6959216678425,4.2388577273645245
2026-03-13,16.0,IEX,3.25769,10801.88,23671.18,25761.73,4,3,0,1,False,False,True,0.9188505582044177,7.244115833333333,5.604692916666667,4.827372380952381,1.255597770807476,4.6959216678425,4.2388577273645245
2026-03-13,17.0,IEX,3.6872,10109.35,23230.98,17002.13,4,3,0,1,False,False,True,1.3663570379909122,7.244115833333333,5.604692916666667,4.827372380952381,1.255597770807476,4.6959216678425,4.2388577273645245
2026-03-13,18.0,IEX,5.91943,8018.27,23950.95,9166.65,4,3,0,1,True,False,False,2.6128356568508284,7.244115833333333,5.604692916666667,4.827372380952381,1.255597770807476,4.6959216678425,4.2388577273645245
2026-03-13,14.0,IEX,2.1025,11283.73,19296.98,37856.2,4,3,0,1,False,False,True,0.5097442425521462,7.244115833333333,5.604692916666667,4.827372380952381,1.255597770807476,4.6959216678425,4.2388577273645245
2026-03-13,20.0,IEX,10.0,3012.73,33320.2,3012.73,4,3,0,1,True,False,False,11.059802866304636,7.244115833333333,5.604692916666667,4.827372380952381,1.255597770807476,4.6959216678425,4.2388577273645245
2026-03-13,21.0,IEX,10.0,3885.57,30072.45,3885.58,4,3,0,1,True,False,False,7.739500904010467,7.244115833333333,5.604692916666667,4.827372380952381,1.255597770807476,4.6959216678425,4.2388577273645245
2026-03-13,22.0,IEX,10.0,3741.9,26334.53,3741.9,4,3,0,1,True,False,False,7.037742839098471,7.244115833333333,5.604692916666667,4.827372380952381,1.255597770807476,4.6959216678425,4.2388577273645245
2026-03-13,23.0,IEX,10.0,3775.55,23046.25,3775.55,4,3,0,0,False,False,True,6.10407753544761,7.244115833333333,5.604692916666667,4.827372380952381,1.255597770807476,4.6959216678425,4.2388577273645245
2026-03-13,19.0,IEX,10.0,3234.17,25250.5,3234.18,4,3,0,1,True,False,False,7.80738855658192,7.244115833333333,5.604692916666667,4.827372380952381,1.255597770807476,4.6959216678425,4.2388577273645245
2026-03-13,13.0,IEX,2.42516,10717.29,19617.13,34317.63,4,3,0,1,False,False,True,0.5716341715405073,7.244115833333333,5.604692916666667,4.827372380952381,1.255597770807476,4.6959216678425,4.2388577273645245
2026-03-13,24.0,IEX,10.0,4121.02,21649.18,4121.03,4,3,0,0,False,False,True,5.2533419915571065,7.244115833333333,5.604692916666667,4.827372380952381,1.255597770807476,4.6959216678425,4.2388577273645245
2026-03-13,11.0,IEX,3.15148,10190.58,20438.95,23523.85,4,3,0,1,False,False,True,0.8688607515908916,7.244115833333333,5.604692916666667,4.827372380952381,1.255597770807476,4.6959216678425,4.2388577273645245
2026-03-13,1.0,IEX,10.0,6014.28,21814.48,6014.28,4,3,0,0,False,False,True,3.62711412899447,7.244115833333333,5.604692916666667,4.827372380952381,1.255597770807476,4.6959216678425,4.2388577273645245
2026-03-13,2.0,IEX,10.0,6696.55,21577.85,6696.55,4,3,0,0,False,False,True,3.2222338320146435,7.244115833333333,5.604692916666667,4.827372380952381,1.255597770807476,4.6959216678425,4.2388577273645245
2026-03-13,3.0,IEX,10.0,6911.4,22572.2,6911.4,4,3,0,0,False,False,True,3.2659374319733523,7.244115833333333,5.604692916666667,4.827372380952381,1.255597770807476,4.6959216678425,4.2388577273645245
2026-03-13,4.0,IEX,10.0,8293.7,22477.68,8293.7,4,3,0,0,False,False,True,2.7102113619853485,7.244115833333333,5.604692916666667,4.827372380952381,1.255597770807476,4.6959216678425,4.2388577273645245
2026-03-13,5.0,IEX,10.0,7948.9,22866.73,7948.9,4,3,0,0,False,False,True,2.876716271588879,7.244115833333333,5.604692916666667,4.827372380952381,1.255597770807476,4.6959216678425,4.2388577273645245
2026-03-13,12.0,IEX,2.66316,9925.78,21487.05,30388.85,4,3,0,1,False,False,True,0.7070701916304598,7.244115833333333,5.604692916666667,4.827372380952381,1.255597770807476,4.6959216678425,4.2388577273645245
2026-03-13,7.0,IEX,10.0,6099.3,23384.58,6099.3,4,3,0,0,False,True,False,3.8339776632827087,7.244115833333333,5.604692916666667,4.827372380952381,1.255597770807476,4.6959216678425,4.2388577273645245
2026-03-13,8.0,IEX,9.95499,8261.52,25926.38,8264.88,4,3,0,0,False,True,False,3.136933623794982,7.244115833333333,5.604692916666667,4.827372380952381,1.255597770807476,4.6959216678425,4.2388577273645245
2026-03-13,9.0,IEX,4.40544,11231.48,24018.13,14406.4,4,3,0,1,False,True,False,1.667184722298989,7.244115833333333,5.604692916666667,4.827372380952381,1.255597770807476,4.6959216678425,4.2388577273645245
2026-03-13,10.0,IEX,3.65072,10426.33,21381.83,16852.38,4,3,0,1,False,True,False,1.2687721252020356,7.244115833333333,5.604692916666667,4.827372380952381,1.255597770807476,4.6959216678425,4.2388577273645245
2026-03-13,6.0,IEX,10.0,6536.1,21268.43,6536.1,4,3,0,0,False,True,False,3.253993966961959,7.244115833333333,5.604692916666667,4.827372380952381,1.255597770807476,4.6959216678425,4.2388577273645245
2026-03-14,23.0,IEX,10.0,2489.17,24439.2,2489.18,5,3,1,0,False,False,True,9.818173013529865,7.23431875,7.244115833333333,5.334473928571429,1.4228241234597547,5.08644429586673,4.478494609175363
2026-03-14,22.0,IEX,10.0,3021.7,27492.13,3021.7,5,3,1,1,True,False,False,9.09823275276092,7.23431875,7.244115833333333,5.334473928571429,1.4228241234597547,5.08644429586673,4.478494609175363
2026-03-14,21.0,IEX,10.0,2752.92,30489.68,2752.93,5,3,1,1,True,False,False,11.075356034932396,7.23431875,7.244115833333333,5.334473928571429,1.4228241234597547,5.08644429586673,4.478494609175363
2026-03-14,20.0,IEX,10.0,2184.4,33881.98,2184.4,5,3,1,1,True,False,False,15.51088621355573,7.23431875,7.244115833333333,5.334473928571429,1.4228241234597547,5.08644429586673,4.478494609175363
2026-03-14,19.0,IEX,10.0,2270.37,28191.05,2270.38,5,3,1,1,True,False,False,12.416886105335289,7.23431875,7.244115833333333,5.334473928571429,1.4228241234597547,5.08644429586673,4.478494609175363
2026-03-14,18.0,IEX,6.86833,6674.22,21977.55,7364.8,5,3,1,1,True,False,False,2.9841339846511326,7.23431875,7.244115833333333,5.334473928571429,1.4228241234597547,5.08644429586673,4.478494609175363
2026-03-14,17.0,IEX,3.64518,9479.55,22797.25,17382.6,5,3,1,1,False,False,True,1.3114982791345955,7.23431875,7.244115833333333,5.334473928571429,1.4228241234597547,5.08644429586673,4.478494609175363
2026-03-14,16.0,IEX,3.10286,9636.0,21846.13,26874.0,5,3,1,1,False,False,True,0.8129095033069474,7.23431875,7.244115833333333,5.334473928571429,1.4228241234597547,5.08644429586673,4.478494609175363
2026-03-14,15.0,IEX,2.5742800000000003,9200.59,20535.83,32743.95,5,3,1,1,False,False,True,0.6271641018792284,7.23431875,7.244115833333333,5.334473928571429,1.4228241234597547,5.08644429586673,4.478494609175363
2026-03-14,14.0,IEX,2.10295,9384.17,18057.2,37917.9,5,3,1,1,False,False,True,0.4762183558487631,7.23431875,7.244115833333333,5.334473928571429,1.4228241234597547,5.08644429586673,4.478494609175363
2026-03-14,13.0,IEX,2.41383,9205.67,18664.03,36193.0,5,3,1,1,False,False,True,0.515680656338054,7.23431875,7.244115833333333,5.334473928571429,1.4228241234597547,5.08644429586673,4.478494609175363
2026-03-14,24.0,IEX,10.0,2611.27,22391.73,2611.28,5,3,1,0,False,False,True,8.575001498977505,7.23431875,7.244115833333333,5.334473928571429,1.4228241234597547,5.08644429586673,4.478494609175363
2026-03-14,11.0,IEX,3.15734,9020.63,19861.85,25166.78,5,3,1,1,False,False,True,0.7892090284139611,7.23431875,7.244115833333333,5.334473928571429,1.4228241234597547,5.08644429586673,4.478494609175363
2026-03-14,1.0,IEX,10.0,4928.45,20912.45,4928.45,5,3,1,0,False,False,True,4.243210331355274,7.23431875,7.244115833333333,5.334473928571429,1.4228241234597547,5.08644429586673,4.478494609175363
2026-03-14,2.0,IEX,10.0,5514.42,20774.13,5514.43,5,3,1,0,False,False,True,3.7672306951629984,7.23431875,7.244115833333333,5.334473928571429,1.4228241234597547,5.08644429586673,4.478494609175363
2026-03-14,3.0,IEX,10.0,5731.52,20955.2,5731.53,5,3,1,0,False,False,True,3.6561267172009457,7.23431875,7.244115833333333,5.334473928571429,1.4228241234597547,5.08644429586673,4.478494609175363
2026-03-14,4.0,IEX,10.0,6692.35,21590.68,6692.35,5,3,1,0,False,False,True,3.2261731630500896,7.23431875,7.244115833333333,5.334473928571429,1.4228241234597547,5.08644429586673,4.478494609175363
2026-03-14,5.0,IEX,10.0,6310.32,21271.73,6310.33,5,3,1,0,False,False,True,3.3709378061512827,7.23431875,7.244115833333333,5.334473928571429,1.4228241234597547,5.08644429586673,4.478494609175363
2026-03-14,12.0,IEX,2.925,9066.16,20236.48,31772.93,5,3,1,1,False,False,True,0.636909469590337,7.23431875,7.244115833333333,5.334473928571429,1.4228241234597547,5.08644429586673,4.478494609175363
2026-03-14,7.0,IEX,10.0,6642.49,22703.88,6655.1,5,3,1,0,False,True,False,3.4115009490293144,7.23431875,7.244115833333333,5.334473928571429,1.4228241234597547,5.08644429586673,4.478494609175363
2026-03-14,8.0,IEX,9.09375,8541.35,24121.05,8676.78,5,3,1,0,False,True,False,2.7799540811453625,7.23431875,7.244115833333333,5.334473928571429,1.4228241234597547,5.08644429586673,4.478494609175363
2026-03-14,9.0,IEX,4.05006,11497.37,23639.88,15001.68,5,3,1,1,False,True,False,1.5758155076126037,7.23431875,7.244115833333333,5.334473928571429,1.4228241234597547,5.08644429586673,4.478494609175363
2026-03-14,10.0,IEX,3.69007,10334.85,21226.8,17934.53,5,3,1,1,False,True,False,1.1835715788573375,7.23431875,7.244115833333333,5.334473928571429,1.4228241234597547,5.08644429586673,4.478494609175363
2026-03-14,6.0,IEX,10.0,5753.67,20705.1,5753.68,5,3,1,0,False,True,False,3.5985838565951114,7.23431875,7.244115833333333,5.334473928571429,1.4228241234597547,5.08644429586673,4.478494609175363
2026-03-15,14.0,IEX,1.85042,10319.04,12931.88,41968.15,6,3,1,1,False,False,True,0.3081355741656147,6.593559166666666,7.23431875,5.758714940476191,1.261338233014026,5.318308122143643,4.647699773774667
2026-03-15,15.0,IEX,2.02402,9576.68,14362.33,38148.4,6,3,1,1,False,False,True,0.3764857765000666,6.593559166666666,7.23431875,5.758714940476191,1.261338233014026,5.318308122143643,4.647699773774667
2026-03-15,16.0,IEX,2.62929,10095.97,16922.9,31195.43,6,3,1,1,False,False,True,0.5424801002767137,6.593559166666666,7.23431875,5.758714940476191,1.261338233014026,5.318308122143643,4.647699773774667
2026-03-15,17.0,IEX,3.20762,10029.27,17626.08,21562.18,6,3,1,1,False,False,True,0.8174535224093977,6.593559166666666,7.23431875,5.758714940476191,1.261338233014026,5.318308122143643,4.647699773774667
2026-03-15,18.0,IEX,3.89306,7675.25,15019.83,12534.08,6,3,1,1,True,False,False,1.198319301298285,6.593559166666666,7.23431875,5.758714940476191,1.261338233014026,5.318308122143643,4.647699773774667
2026-03-15,20.0,IEX,10.0,4919.27,17910.83,4944.88,6,3,1,1,True,False,False,3.6220959788263904,6.593559166666666,7.23431875,5.758714940476191,1.261338233014026,5.318308122143643,4.647699773774667
2026-03-15,21.0,IEX,10.0,5298.7,17564.68,5298.7,6,3,1,1,True,False,False,3.314903649357572,6.593559166666666,7.23431875,5.758714940476191,1.261338233014026,5.318308122143643,4.647699773774667
2026-03-15,22.0,IEX,10.0,5076.45,16803.6,5076.45,6,3,1,1,True,False,False,3.310108435402479,6.593559166666666,7.23431875,5.758714940476191,1.261338233014026,5.318308122143643,4.647699773774667
2026-03-15,23.0,IEX,10.0,4888.39,15552.08,4888.4,6,3,1,0,False,False,True,3.181425408760688,6.593559166666666,7.23431875,5.758714940476191,1.261338233014026,5.318308122143643,4.647699773774667
2026-03-15,13.0,IEX,2.01361,10014.55,13191.38,38951.43,6,3,1,1,False,False,True,0.3386622775239157,6.593559166666666,7.23431875,5.758714940476191,1.261338233014026,5.318308122143643,4.647699773774667
2026-03-15,19.0,IEX,8.2626,5306.65,14865.48,5723.28,6,3,1,1,True,False,False,2.597370733919412,6.593559166666666,7.23431875,5.758714940476191,1.261338233014026,5.318308122143643,4.647699773774667
2026-03-15,24.0,IEX,7.90065,5081.62,14780.18,5153.35,6,3,1,0,False,False,True,2.868072219297986,6.593559166666666,7.23431875,5.758714940476191,1.261338233014026,5.318308122143643,4.647699773774667
2026-03-15,12.0,IEX,2.14684,9453.23,14637.35,34120.1,6,3,1,1,False,False,True,0.4289949324799766,6.593559166666666,7.23431875,5.758714940476191,1.261338233014026,5.318308122143643,4.647699773774667
2026-03-15,10.0,IEX,3.19699,10175.91,16144.85,21279.28,6,3,1,1,False,True,False,0.7587122305084044,6.593559166666666,7.23431875,5.758714940476191,1.261338233014026,5.318308122143643,4.647699773774667
2026-03-15,11.0,IEX,2.64933,9171.44,15086.45,28274.9,6,3,1,1,False,False,True,0.5335633369053248,6.593559166666666,7.23431875,5.758714940476191,1.261338233014026,5.318308122143643,4.647699773774667
2026-03-15,1.0,IEX,10.0,7010.18,16942.23,7010.18,6,3,1,0,False,False,True,2.4168038446704596,6.593559166666666,7.23431875,5.758714940476191,1.261338233014026,5.318308122143643,4.647699773774667
2026-03-15,2.0,IEX,9.82522,7443.97,16903.4,7466.23,6,3,1,0,False,False,True,2.2639806136912735,6.593559166666666,7.23431875,5.758714940476191,1.261338233014026,5.318308122143643,4.647699773774667
2026-03-15,3.0,IEX,9.65039,7904.35,17380.8,7948.85,6,3,1,0,False,False,True,2.1865804459933442,6.593559166666666,7.23431875,5.758714940476191,1.261338233014026,5.318308122143643,4.647699773774667
2026-03-15,4.0,IEX,9.62779,8685.07,18623.25,8756.48,6,3,1,0,False,False,True,2.1267963815062716,6.593559166666666,7.23431875,5.758714940476191,1.261338233014026,5.318308122143643,4.647699773774667
2026-03-15,6.0,IEX,10.0,7158.88,17647.98,7189.13,6,3,1,0,False,True,False,2.4548144178018556,6.593559166666666,7.23431875,5.758714940476191,1.261338233014026,5.318308122143643,4.647699773774667
2026-03-15,7.0,IEX,9.37737,8107.97,17921.18,8340.88,6,3,1,0,False,True,False,2.1485958290389076,6.593559166666666,7.23431875,5.758714940476191,1.261338233014026,5.318308122143643,4.647699773774667
2026-03-15,8.0,IEX,6.40397,10315.03,19405.55,11420.65,6,3,1,0,False,True,False,1.6991633561144388,6.593559166666666,7.23431875,5.758714940476191,1.261338233014026,5.318308122143643,4.647699773774667
2026-03-15,9.0,IEX,3.60883,11594.2,18767.6,17697.7,6,3,1,1,False,True,False,1.0604541827127512,6.593559166666666,7.23431875,5.758714940476191,1.261338233014026,5.318308122143643,4.647699773774667
2026-03-15,5.0,IEX,9.97742,8573.95,18477.8,8597.78,6,3,1,0,False,False,True,2.1491361698611313,6.593559166666666,7.23431875,5.758714940476191,1.261338233014026,5.318308122143643,4.647699773774667
2026-03-16,24.0,IEX,10.0,4816.22,12609.35,4816.23,0,3,0,0,False,False,True,2.6180954758844672,5.24181,6.593559166666666,5.849038035714286,1.185702592288669,5.30653918027539,4.695228591872694
2026-03-16,14.0,IEX,1.72534,9270.39,10099.5,39911.13,0,3,0,1,False,False,True,0.25304971313689945,5.24181,6.593559166666666,5.849038035714286,1.185702592288669,5.30653918027539,4.695228591872694
2026-03-16,15.0,IEX,1.96141,9298.5,10730.2,36651.65,0,3,0,1,False,False,True,0.29276171733257256,5.24181,6.593559166666666,5.849038035714286,1.185702592288669,5.30653918027539,4.695228591872694
2026-03-16,16.0,IEX,2.8005,9298.82,12873.38,29873.73,0,3,0,1,False,False,True,0.43092643589169266,5.24181,6.593559166666666,5.849038035714286,1.185702592288669,5.30653918027539,4.695228591872694
2026-03-16,17.0,IEX,3.32864,10183.78,14599.75,20215.9,0,3,0,1,False,False,True,0.7221914430115941,5.24181,6.593559166666666,5.849038035714286,1.185702592288669,5.30653918027539,4.695228591872694
2026-03-16,20.0,IEX,10.0,4298.62,21557.88,4315.23,0,3,0,1,True,False,False,4.995766146889585,5.24181,6.593559166666666,5.849038035714286,1.185702592288669,5.30653918027539,4.695228591872694
2026-03-16,19.0,IEX,8.87524,4797.01,16554.03,4927.03,0,3,0,1,True,False,False,3.3598394908091906,5.24181,6.593559166666666,5.849038035714286,1.185702592288669,5.30653918027539,4.695228591872694
2026-03-16,21.0,IEX,10.0,5508.5,19151.58,5508.5,0,3,0,1,True,False,False,3.4767323164623183,5.24181,6.593559166666666,5.849038035714286,1.185702592288669,5.30653918027539,4.695228591872694
2026-03-16,22.0,IEX,10.0,5125.72,15938.95,5125.73,0,3,0,1,True,False,False,3.109596090489363,5.24181,6.593559166666666,5.849038035714286,1.185702592288669,5.30653918027539,4.695228591872694
2026-03-16,13.0,IEX,2.00999,10364.31,11319.33,38029.65,0,3,0,1,False,False,True,0.29764486386342104,5.24181,6.593559166666666,5.849038035714286,1.185702592288669,5.30653918027539,4.695228591872694
2026-03-16,18.0,IEX,4.35137,7918.83,14877.7,10448.08,0,3,0,1,True,False,False,1.423964975934368,5.24181,6.593559166666666,5.849038035714286,1.185702592288669,5.30653918027539,4.695228591872694
2026-03-16,23.0,IEX,10.0,4633.62,13541.63,4633.63,0,3,0,0,False,False,True,2.9224668285502577,5.24181,6.593559166666666,5.849038035714286,1.185702592288669,5.30653918027539,4.695228591872694
2026-03-16,12.0,IEX,2.43564,9678.25,11433.45,32617.78,0,3,0,1,False,False,True,0.35052814742434096,5.24181,6.593559166666666,5.849038035714286,1.185702592288669,5.30653918027539,4.695228591872694
2026-03-16,10.0,IEX,3.16815,9922.28,14259.7,20183.35,0,3,0,1,False,True,False,0.7065080867613612,5.24181,6.593559166666666,5.849038035714286,1.185702592288669,5.30653918027539,4.695228591872694
2026-03-16,1.0,IEX,4.02302,4707.87,10141.58,8342.5,0,3,0,0,False,False,True,1.2156523809222028,5.24181,6.593559166666666,5.849038035714286,1.185702592288669,5.30653918027539,4.695228591872694
2026-03-16,2.0,IEX,3.95537,5076.01,10302.65,9504.4,0,3,0,0,False,False,True,1.0839874152140194,5.24181,6.593559166666666,5.849038035714286,1.185702592288669,5.30653918027539,4.695228591872694
2026-03-16,3.0,IEX,4.15854,5851.38,11224.93,10967.75,0,3,0,0,False,False,True,1.0234487465310125,5.24181,6.593559166666666,5.849038035714286,1.185702592288669,5.30653918027539,4.695228591872694
2026-03-16,4.0,IEX,4.16239,6554.28,11959.35,11864.68,0,3,0,0,False,False,True,1.0079791439735593,5.24181,6.593559166666666,5.849038035714286,1.185702592288669,5.30653918027539,4.695228591872694
2026-03-16,11.0,IEX,2.67073,8759.99,12124.1,26534.78,0,3,0,1,False,False,True,0.4569135299192556,5.24181,6.593559166666666,5.849038035714286,1.185702592288669,5.30653918027539,4.695228591872694
2026-03-16,6.0,IEX,5.72788,6417.9,11522.43,7734.2,0,3,0,0,False,True,False,1.4898024340076512,5.24181,6.593559166666666,5.849038035714286,1.185702592288669,5.30653918027539,4.695228591872694
2026-03-16,7.0,IEX,7.843100000000001,6691.55,13180.3,7259.43,0,3,0,0,False,True,False,1.8156108650188638,5.24181,6.593559166666666,5.849038035714286,1.185702592288669,5.30653918027539,4.695228591872694
2026-03-16,8.0,IEX,4.795319999999999,8483.54,14279.98,10323.65,0,3,0,0,False,True,False,1.3832297672013,5.24181,6.593559166666666,5.849038035714286,1.185702592288669,5.30653918027539,4.695228591872694
2026-03-16,9.0,IEX,3.49864,11127.73,14903.18,16744.2,0,3,0,1,False,True,False,0.8900502855376486,5.24181,6.593559166666666,5.849038035714286,1.185702592288669,5.30653918027539,4.695228591872694
2026-03-16,5.0,IEX,4.31217,6908.95,12079.45,11299.9,0,3,0,0,False,False,True,1.0689873352251018,5.24181,6.593559166666666,5.849038035714286,1.185702592288669,5.30653918027539,4.695228591872694
2026-03-17,14.0,IEX,1.54621,7416.13,8200.5,40117.28,1,3,0,1,False,False,True,0.20441316056212855,4.439638333333334,5.24181,5.850629166666666,1.183484015961524,5.173169819207382,4.674781371189545
2026-03-17,23.0,IEX,6.99612,4949.56,10557.45,5278.13,1,3,0,0,False,False,True,2.0002254548481653,4.439638333333334,5.24181,5.850629166666666,1.183484015961524,5.173169819207382,4.674781371189545
2026-03-17,22.0,IEX,7.79914,5530.22,11525.48,5764.83,1,3,0,1,True,False,False,1.9992749101026832,4.439638333333334,5.24181,5.850629166666666,1.183484015961524,5.173169819207382,4.674781371189545
2026-03-17,21.0,IEX,9.24997,5641.87,13248.43,5741.18,1,3,0,1,True,False,False,2.3076144585126848,4.439638333333334,5.24181,5.850629166666666,1.183484015961524,5.173169819207382,4.674781371189545
2026-03-17,20.0,IEX,10.0,4171.2,17272.7,4237.8,1,3,0,1,True,False,False,4.075864825909989,4.439638333333334,5.24181,5.850629166666666,1.183484015961524,5.173169819207382,4.674781371189545
2026-03-17,19.0,IEX,7.50855,5225.47,14975.35,6180.55,1,3,0,1,True,False,False,2.422980151567449,4.439638333333334,5.24181,5.850629166666666,1.183484015961524,5.173169819207382,4.674781371189545
2026-03-17,18.0,IEX,3.95873,8574.65,14084.43,13095.43,1,3,0,1,True,False,False,1.0755225287939971,4.439638333333334,5.24181,5.850629166666666,1.183484015961524,5.173169819207382,4.674781371189545
2026-03-17,17.0,IEX,3.10693,10339.69,13412.1,22029.48,1,3,0,1,False,False,True,0.6088250832026788,4.439638333333334,5.24181,5.850629166666666,1.183484015961524,5.173169819207382,4.674781371189545
2026-03-17,16.0,IEX,2.5182,9026.93,10816.73,29918.93,1,3,0,1,False,False,True,0.36153465369198207,4.439638333333334,5.24181,5.850629166666666,1.183484015961524,5.173169819207382,4.674781371189545
2026-03-17,15.0,IEX,1.6423599999999998,7821.28,9251.98,35737.0,1,3,0,1,False,False,True,0.25889078538800375,4.439638333333334,5.24181,5.850629166666666,1.183484015961524,5.173169819207382,4.674781371189545
2026-03-17,13.0,IEX,1.54617,7384.23,8268.28,38663.0,1,3,0,1,False,False,True,0.21385510689448436,4.439638333333334,5.24181,5.850629166666666,1.183484015961524,5.173169819207382,4.674781371189545
2026-03-17,24.0,IEX,4.999899999999999,5045.83,10358.05,5824.3,1,3,0,0,False,False,True,1.778419721205261,4.439638333333334,5.24181,5.850629166666666,1.183484015961524,5.173169819207382,4.674781371189545
2026-03-17,11.0,IEX,1.96,7848.33,9886.88,29830.28,1,3,0,1,False,False,True,0.3314377202187047,4.439638333333334,5.24181,5.850629166666666,1.183484015961524,5.173169819207382,4.674781371189545
2026-03-17,1.0,IEX,3.97495,5164.22,9713.33,8465.53,1,3,0,0,False,False,True,1.1473977398374375,4.439638333333334,5.24181,5.850629166666666,1.183484015961524,5.173169819207382,4.674781371189545
2026-03-17,2.0,IEX,3.88913,5384.61,9616.78,9544.5,1,3,0,0,False,False,True,1.0075729467153094,4.439638333333334,5.24181,5.850629166666666,1.183484015961524,5.173169819207382,4.674781371189545
2026-03-17,3.0,IEX,4.078679999999999,5731.95,10245.55,11190.58,1,3,0,0,False,False,True,0.9155512932166596,4.439638333333334,5.24181,5.850629166666666,1.183484015961524,5.173169819207382,4.674781371189545
2026-03-17,4.0,IEX,4.1288,6426.1,11053.8,11692.0,1,3,0,0,False,False,True,0.9454156680247898,4.439638333333334,5.24181,5.850629166666666,1.183484015961524,5.173169819207382,4.674781371189545
2026-03-17,5.0,IEX,4.522,6948.13,11397.45,10613.03,1,3,0,0,False,False,True,1.073911030993118,4.439638333333334,5.24181,5.850629166666666,1.183484015961524,5.173169819207382,4.674781371189545
2026-03-17,12.0,IEX,1.54671,7436.98,9183.0,35239.25,1,3,0,1,False,False,True,0.2605901089663968,4.439638333333334,5.24181,5.850629166666666,1.183484015961524,5.173169819207382,4.674781371189545
2026-03-17,7.0,IEX,5.88499,7544.15,13072.73,8507.33,1,3,0,0,False,True,False,1.5366431047853522,4.439638333333334,5.24181,5.850629166666666,1.183484015961524,5.173169819207382,4.674781371189545
2026-03-17,8.0,IEX,4.7634300000000005,9854.61,14805.53,12239.05,1,3,0,0,False,True,False,1.2096960129996235,4.439638333333334,5.24181,5.850629166666666,1.183484015961524,5.173169819207382,4.674781371189545
2026-03-17,9.0,IEX,3.05733,11631.1,14674.5,19447.73,1,3,0,1,False,True,False,0.7545610717782687,4.439638333333334,5.24181,5.850629166666666,1.183484015961524,5.173169819207382,4.674781371189545
2026-03-17,10.0,IEX,2.7985300000000004,10826.93,12636.23,23650.28,1,3,0,1,False,True,False,0.5342951539963606,4.439638333333334,5.24181,5.850629166666666,1.183484015961524,5.173169819207382,4.674781371189545
2026-03-17,6.0,IEX,5.07449,6057.53,10443.08,7919.58,1,3,0,0,False,True,False,1.3186406333181298,4.439638333333334,5.24181,5.850629166666666,1.183484015961524,5.173169819207382,4.674781371189545
2026-03-18,14.0,IEX,1.93331,8992.61,11794.68,42623.13,2,3,0,1,False,False,True,0.27672017510757185,4.122401666666667,4.439638333333334,5.78293380952381,1.2770460151409224,5.011513180354964,4.630590994827715
2026-03-18,15.0,IEX,2.0756300000000003,8716.75,12782.2,38147.78,2,3,0,1,False,False,True,0.3350706121470055,4.122401666666667,4.439638333333334,5.78293380952381,1.2770460151409224,5.011513180354964,4.630590994827715
2026-03-18,16.0,IEX,2.92565,9424.63,15138.83,30711.3,2,3,0,1,False,False,True,0.49294005773349225,4.122401666666667,4.439638333333334,5.78293380952381,1.2770460151409224,5.011513180354964,4.630590994827715
2026-03-18,17.0,IEX,3.37243,10361.6,17433.18,21694.45,2,3,0,1,False,False,True,0.8035778732332104,4.122401666666667,4.439638333333334,5.78293380952381,1.2770460151409224,5.011513180354964,4.630590994827715
2026-03-18,18.0,IEX,4.113449999999999,9072.35,16939.4,13529.4,2,3,0,1,True,False,False,1.252043696503878,4.122401666666667,4.439638333333334,5.78293380952381,1.2770460151409224,5.011513180354964,4.630590994827715
2026-03-18,20.0,IEX,10.0,6595.38,18493.88,6611.98,2,3,0,1,True,False,False,2.7970260000831435,4.122401666666667,4.439638333333334,5.78293380952381,1.2770460151409224,5.011513180354964,4.630590994827715
2026-03-18,21.0,IEX,7.61332,7470.86,16726.75,7910.25,2,3,0,1,True,False,False,2.1145665407356704,4.122401666666667,4.439638333333334,5.78293380952381,1.2770460151409224,5.011513180354964,4.630590994827715
2026-03-18,22.0,IEX,5.42579,6694.75,15657.68,7345.73,2,3,0,1,True,False,False,2.1315349160239556,4.122401666666667,4.439638333333334,5.78293380952381,1.2770460151409224,5.011513180354964,4.630590994827715
2026-03-18,23.0,IEX,4.48435,5839.09,13285.35,6959.65,2,3,0,0,False,False,True,1.9089106464995933,4.122401666666667,4.439638333333334,5.78293380952381,1.2770460151409224,5.011513180354964,4.630590994827715
2026-03-18,13.0,IEX,1.95267,9234.83,12380.33,40984.2,2,3,0,1,False,False,True,0.30207567787047795,4.122401666666667,4.439638333333334,5.78293380952381,1.2770460151409224,5.011513180354964,4.630590994827715
2026-03-18,19.0,IEX,7.504029999999999,6819.39,17331.6,7841.85,2,3,0,1,True,False,False,2.210141736694604,4.122401666666667,4.439638333333334,5.78293380952381,1.2770460151409224,5.011513180354964,4.630590994827715
2026-03-18,24.0,IEX,3.8894,5859.41,12494.58,7668.48,2,3,0,0,False,False,True,1.6293424490520385,4.122401666666667,4.439638333333334,5.78293380952381,1.2770460151409224,5.011513180354964,4.630590994827715
2026-03-18,12.0,IEX,2.0900100000000004,8925.21,13010.03,35914.05,2,3,0,1,False,False,True,0.3622546049910119,4.122401666666667,4.439638333333334,5.78293380952381,1.2770460151409224,5.011513180354964,4.630590994827715
2026-03-18,10.0,IEX,3.07449,9518.85,14856.9,21613.6,2,3,0,1,False,True,False,0.687386645127426,4.122401666666667,4.439638333333334,5.78293380952381,1.2770460151409224,5.011513180354964,4.630590994827715
2026-03-18,9.0,IEX,3.60023,10775.63,17296.63,16788.78,2,3,0,1,False,True,False,1.030249368310116,4.122401666666667,4.439638333333334,5.78293380952381,1.2770460151409224,5.011513180354964,4.630590994827715
2026-03-18,8.0,IEX,4.51558,9062.2,17503.75,11801.43,2,3,0,0,False,True,False,1.483188900427161,4.122401666666667,4.439638333333334,5.78293380952381,1.2770460151409224,5.011513180354964,4.630590994827715
2026-03-18,7.0,IEX,4.78443,7811.9,15429.63,9492.5,2,3,0,0,False,True,False,1.6254548310503505,4.122401666666667,4.439638333333334,5.78293380952381,1.2770460151409224,5.011513180354964,4.630590994827715
2026-03-18,6.0,IEX,4.051,6227.33,13907.3,9150.75,2,3,0,0,False,True,False,1.5197989219246522,4.122401666666667,4.439638333333334,5.78293380952381,1.2770460151409224,5.011513180354964,4.630590994827715
2026-03-18,5.0,IEX,3.84953,7459.85,14900.48,12505.48,2,3,0,0,False,False,True,1.1915160384155459,4.122401666666667,4.439638333333334,5.78293380952381,1.2770460151409224,5.011513180354964,4.630590994827715
2026-03-18,4.0,IEX,3.83116,7297.33,14917.15,13876.48,2,3,0,0,False,False,True,1.0749952429758878,4.122401666666667,4.439638333333334,5.78293380952381,1.2770460151409224,5.011513180354964,4.630590994827715
2026-03-18,3.0,IEX,3.71674,6782.4,14248.03,13267.3,2,3,0,0,False,False,True,1.0739208421653836,4.122401666666667,4.439638333333334,5.78293380952381,1.2770460151409224,5.011513180354964,4.630590994827715
2026-03-18,2.0,IEX,3.64232,6363.4,13814.4,11653.3,2,3,0,0,False,False,True,1.185449614113213,4.122401666666667,4.439638333333334,5.78293380952381,1.2770460151409224,5.011513180354964,4.630590994827715
2026-03-18,1.0,IEX,3.77934,6132.28,13688.95,9759.28,2,3,0,0,False,False,True,1.4026598259270562,4.122401666666667,4.439638333333334,5.78293380952381,1.2770460151409224,5.011513180354964,4.630590994827715
2026-03-18,11.0,IEX,2.7127800000000004,8086.41,12910.9,29520.93,2,3,0,1,False,False,True,0.43734733274414206,4.122401666666667,4.439638333333334,5.78293380952381,1.2770460151409224,5.011513180354964,4.630590994827715
2026-03-19,15.0,IEX,2.00914,8543.78,11809.23,35541.98,3,3,0,1,False,False,True,0.3322614552334277,4.136098333333334,4.122401666666667,5.573134583333334,1.4234504095861567,4.876833973120867,4.591031581908165
2026-03-19,16.0,IEX,2.83394,9368.95,14531.65,28215.55,3,3,0,1,False,False,True,0.5150227443679025,4.136098333333334,4.122401666666667,5.573134583333334,1.4234504095861567,4.876833973120867,4.591031581908165
2026-03-19,17.0,IEX,3.34866,10158.65,17142.85,20617.58,3,3,0,1,False,False,True,0.8314676112174815,4.136098333333334,4.122401666666667,5.573134583333334,1.4234504095861567,4.876833973120867,4.591031581908165
2026-03-19,18.0,IEX,3.86597,8842.2,16107.53,13796.18,3,3,0,1,True,False,False,1.1675355053590664,4.136098333333334,4.122401666666667,5.573134583333334,1.4234504095861567,4.876833973120867,4.591031581908165
2026-03-19,14.0,IEX,1.79543,8762.73,10581.13,40324.0,3,3,0,1,False,False,True,0.2624027873568091,4.136098333333334,4.122401666666667,5.573134583333334,1.4234504095861567,4.876833973120867,4.591031581908165
2026-03-19,20.0,IEX,8.95497,6877.68,16944.68,7179.9,3,3,0,1,True,False,False,2.3600161529268986,4.136098333333334,4.122401666666667,5.573134583333334,1.4234504095861567,4.876833973120867,4.591031581908165
2026-03-19,21.0,IEX,5.510350000000001,6779.13,14485.9,8244.13,3,3,0,1,True,False,False,1.757116879819803,4.136098333333334,4.122401666666667,5.573134583333334,1.4234504095861567,4.876833973120867,4.591031581908165
2026-03-19,22.0,IEX,5.97138,6590.31,14609.08,7113.7,3,3,0,1,True,False,False,2.053654213624901,4.136098333333334,4.122401666666667,5.573134583333334,1.4234504095861567,4.876833973120867,4.591031581908165
2026-03-19,23.0,IEX,8.87525,6004.32,14346.08,6125.0,3,3,0,0,False,False,True,2.342217139033115,4.136098333333334,4.122401666666667,5.573134583333334,1.4234504095861567,4.876833973120867,4.591031581908165
2026-03-19,19.0,IEX,6.55306,8238.68,16805.23,9715.55,3,3,0,1,True,False,False,1.7297250266534319,4.136098333333334,4.122401666666667,5.573134583333334,1.4234504095861567,4.876833973120867,4.591031581908165
2026-03-19,13.0,IEX,1.96257,9045.25,11416.28,39127.78,3,3,0,1,False,False,True,0.291769172620637,4.136098333333334,4.122401666666667,5.573134583333334,1.4234504095861567,4.876833973120867,4.591031581908165
2026-03-19,24.0,IEX,4.6558,6450.08,13415.9,8008.43,3,3,0,0,False,False,True,1.675222232478498,4.136098333333334,4.122401666666667,5.573134583333334,1.4234504095861567,4.876833973120867,4.591031581908165
2026-03-19,11.0,IEX,2.53359,8107.96,11483.08,28903.08,3,3,0,1,False,False,True,0.39729606657930705,4.136098333333334,4.122401666666667,5.573134583333334,1.4234504095861567,4.876833973120867,4.591031581908165
2026-03-19,1.0,IEX,3.99041,6332.63,13918.28,9385.63,3,3,0,0,False,False,True,1.4829350810942528,4.136098333333334,4.122401666666667,5.573134583333334,1.4234504095861567,4.876833973120867,4.591031581908165
2026-03-19,2.0,IEX,3.73507,6120.6,13662.35,10329.53,3,3,0,0,False,False,True,1.3226497223758973,4.136098333333334,4.122401666666667,5.573134583333334,1.4234504095861567,4.876833973120867,4.591031581908165
2026-03-19,3.0,IEX,3.84866,6196.23,13755.75,11568.68,3,3,0,0,False,False,True,1.1890509537915726,4.136098333333334,4.122401666666667,5.573134583333334,1.4234504095861567,4.876833973120867,4.591031581908165
2026-03-19,4.0,IEX,3.8685,6684.08,14207.05,12596.15,3,3,0,0,False,False,True,1.1278882824292435,4.136098333333334,4.122401666666667,5.573134583333334,1.4234504095861567,4.876833973120867,4.591031581908165
2026-03-19,5.0,IEX,3.86341,6598.88,13941.23,11699.0,3,3,0,0,False,False,True,1.191659969919087,4.136098333333334,4.122401666666667,5.573134583333334,1.4234504095861567,4.876833973120867,4.591031581908165
2026-03-19,12.0,IEX,2.12605,8948.48,12105.33,35075.33,3,3,0,1,False,False,True,0.3451237663779289,4.136098333333334,4.122401666666667,5.573134583333334,1.4234504095861567,4.876833973120867,4.591031581908165
2026-03-19,7.0,IEX,4.50264,7500.24,15359.0,10168.35,3,3,0,0,False,True,False,1.5104712155753184,4.136098333333334,4.122401666666667,5.573134583333334,1.4234504095861567,4.876833973120867,4.591031581908165
2026-03-19,8.0,IEX,4.35362,8772.14,17361.38,12025.63,3,3,0,0,False,True,False,1.4436981667956708,4.136098333333334,4.122401666666667,5.573134583333334,1.4234504095861567,4.876833973120867,4.591031581908165
2026-03-19,9.0,IEX,3.38558,10119.4,16637.5,15939.85,3,3,0,1,False,True,False,1.0437676634072668,4.136098333333334,4.122401666666667,5.573134583333334,1.4234504095861567,4.876833973120867,4.591031581908165
2026-03-19,10.0,IEX,3.03819,9259.08,13517.13,20900.13,3,3,0,1,False,True,False,0.6467486084312639,4.136098333333334,4.122401666666667,5.573134583333334,1.4234504095861567,4.876833973120867,4.591031581908165
2026-03-19,6.0,IEX,3.68412,6041.03,12882.35,10158.0,3,3,0,0,False,True,False,1.2681974785703904,4.136098333333334,4.122401666666667,5.573134583333334,1.4234504095861567,4.876833973120867,4.591031581908165
2026-03-20,24.0,IEX,3.87766,5031.62,12418.8,12613.0,4,3,0,0,False,False,True,0.9846031864071964,3.4916191666666667,4.136098333333334,5.037063630952381,1.3955996346474782,4.663724002897144,4.503078588688846
2026-03-20,23.0,IEX,4.12292,4633.59,12770.8,10910.55,4,3,0,0,False,False,True,1.1705001112038347,3.4916191666666667,4.136098333333334,5.037063630952381,1.3955996346474782,4.663724002897144,4.503078588688846
2026-03-20,22.0,IEX,4.55603,5726.17,13713.98,10840.9,4,3,0,1,True,False,False,1.2650222755813427,3.4916191666666667,4.136098333333334,5.037063630952381,1.3955996346474782,4.663724002897144,4.503078588688846
2026-03-20,21.0,IEX,4.66758,6412.13,14187.75,11040.1,4,3,0,1,True,False,False,1.28511064094971,3.4916191666666667,4.136098333333334,5.037063630952381,1.3955996346474782,4.663724002897144,4.503078588688846
2026-03-20,20.0,IEX,6.82741,6397.73,16839.7,9731.25,4,3,0,1,True,False,False,1.7304765557040704,3.4916191666666667,4.136098333333334,5.037063630952381,1.3955996346474782,4.663724002897144,4.503078588688846
2026-03-20,19.0,IEX,5.32734,7869.01,17313.68,12426.95,4,3,0,1,True,False,False,1.3932364728326447,3.4916191666666667,4.136098333333334,5.037063630952381,1.3955996346474782,4.663724002897144,4.503078588688846
2026-03-20,18.0,IEX,3.37496,9487.61,17607.4,18887.2,4,3,0,1,True,False,False,0.9322398233024272,3.4916191666666667,4.136098333333334,5.037063630952381,1.3955996346474782,4.663724002897144,4.503078588688846
2026-03-20,17.0,IEX,3.0194,12030.88,18268.38,26346.13,4,3,0,1,False,False,True,0.6933989923023234,3.4916191666666667,4.136098333333334,5.037063630952381,1.3955996346474782,4.663724002897144,4.503078588688846
2026-03-20,15.0,IEX,1.71015,11442.8,13466.05,40795.93,4,3,0,1,False,False,True,0.33008317243164126,3.4916191666666667,4.136098333333334,5.037063630952381,1.3955996346474782,4.663724002897144,4.503078588688846
2026-03-20,14.0,IEX,1.5468499999999998,11642.65,12270.85,44505.5,4,3,0,1,False,False,True,0.2757153609608441,3.4916191666666667,4.136098333333334,5.037063630952381,1.3955996346474782,4.663724002897144,4.503078588688846
2026-03-20,13.0,IEX,1.65082,11709.38,12838.93,43052.45,4,3,0,1,False,False,True,0.29821601318897856,3.4916191666666667,4.136098333333334,5.037063630952381,1.3955996346474782,4.663724002897144,4.503078588688846
2026-03-20,16.0,IEX,2.31984,11246.01,15728.3,33441.05,4,3,0,1,False,False,True,0.4703291312711983,3.4916191666666667,4.136098333333334,5.037063630952381,1.3955996346474782,4.663724002897144,4.503078588688846
2026-03-20,11.0,IEX,2.01997,10301.31,13183.1,35348.45,4,3,0,1,False,False,True,0.3729470456631204,3.4916191666666667,4.136098333333334,5.037063630952381,1.3955996346474782,4.663724002897144,4.503078588688846
2026-03-20,12.0,IEX,1.85694,11326.25,13731.15,40817.75,4,3,0,1,False,False,True,0.3364014429172599,3.4916191666666667,4.136098333333334,5.037063630952381,1.3955996346474782,4.663724002897144,4.503078588688846
2026-03-20,2.0,IEX,3.92075,6525.2,14823.95,14395.45,4,3,0,0,False,False,True,1.0297663490687916,3.4916191666666667,4.136098333333334,5.037063630952381,1.3955996346474782,4.663724002897144,4.503078588688846
2026-03-20,3.0,IEX,3.94733,7163.3,15430.83,15588.2,4,3,0,0,False,False,True,0.9899045425450632,3.4916191666666667,4.136098333333334,5.037063630952381,1.3955996346474782,4.663724002897144,4.503078588688846
2026-03-20,4.0,IEX,3.90378,7945.35,16185.28,16584.0,4,3,0,0,False,False,True,0.975957548856755,3.4916191666666667,4.136098333333334,5.037063630952381,1.3955996346474782,4.663724002897144,4.503078588688846
2026-03-20,5.0,IEX,3.92804,7450.1,15466.08,15554.85,4,3,0,0,False,False,True,0.9942930976548837,3.4916191666666667,4.136098333333334,5.037063630952381,1.3955996346474782,4.663724002897144,4.503078588688846
2026-03-20,1.0,IEX,3.72626,5790.41,14012.7,12860.58,4,3,0,0,False,False,True,1.0895853833267355,3.4916191666666667,4.136098333333334,5.037063630952381,1.3955996346474782,4.663724002897144,4.503078588688846
2026-03-20,7.0,IEX,4.265359999999999,7457.33,15845.18,13016.0,4,3,0,0,False,True,False,1.217361707730976,3.4916191666666667,4.136098333333334,5.037063630952381,1.3955996346474782,4.663724002897144,4.503078588688846
2026-03-20,8.0,IEX,3.84763,8206.42,16894.08,15584.1,4,3,0,0,False,True,False,1.0840587514941136,3.4916191666666667,4.136098333333334,5.037063630952381,1.3955996346474782,4.663724002897144,4.503078588688846
2026-03-20,9.0,IEX,2.94904,11194.6,17607.85,21432.4,4,3,0,1,False,True,False,0.8215528821683278,3.4916191666666667,4.136098333333334,5.037063630952381,1.3955996346474782,4.663724002897144,4.503078588688846
2026-03-20,10.0,IEX,2.446,10104.06,15244.63,26541.33,4,3,0,1,False,True,False,0.5743732508603098,3.4916191666666667,4.136098333333334,5.037063630952381,1.3955996346474782,4.663724002897144,4.503078588688846
2026-03-20,6.0,IEX,3.9868,5890.0,14096.78,12807.85,4,3,0,0,False,True,False,1.1006359372567325,3.4916191666666667,4.136098333333334,5.037063630952381,1.3955996346474782,4.663724002897144,4.503078588688846
2026-03-21,15.0,IEX,1.5958800000000002,7977.59,9950.88,43822.38,5,3,1,1,False,False,True,0.227073016064606,3.122807083333333,3.4916191666666667,4.449704821428571,1.162447526802382,4.426659861425788,4.392656868260405
2026-03-21,16.0,IEX,2.0444400000000003,8140.15,11180.25,35277.38,5,3,1,1,False,False,True,0.31692404585688505,3.122807083333333,3.4916191666666667,4.449704821428571,1.162447526802382,4.426659861425788,4.392656868260405
2026-03-21,17.0,IEX,2.90447,8611.7,14593.05,26736.45,5,3,1,1,False,False,True,0.5458110554894867,3.122807083333333,3.4916191666666667,4.449704821428571,1.162447526802382,4.426659861425788,4.392656868260405
2026-03-21,18.0,IEX,3.38635,7898.75,14567.13,19065.63,5,3,1,1,True,False,False,0.764051856264885,3.122807083333333,3.4916191666666667,4.449704821428571,1.162447526802382,4.426659861425788,4.392656868260405
2026-03-21,19.0,IEX,4.593229999999999,7955.77,15841.0,14020.58,5,3,1,1,True,False,False,1.1298391356635467,3.122807083333333,3.4916191666666667,4.449704821428571,1.162447526802382,4.426659861425788,4.392656868260405
2026-03-21,21.0,IEX,4.24236,7926.7,13881.03,14975.58,5,3,1,1,True,False,False,0.9269110105071651,3.122807083333333,3.4916191666666667,4.449704821428571,1.162447526802382,4.426659861425788,4.392656868260405
2026-03-21,22.0,IEX,4.18196,7334.63,13683.25,14685.63,5,3,1,1,True,False,False,0.9317441601540117,3.122807083333333,3.4916191666666667,4.449704821428571,1.162447526802382,4.426659861425788,4.392656868260405
2026-03-21,23.0,IEX,3.84425,6025.64,12945.1,13843.73,5,3,1,0,False,False,True,0.9350875804894436,3.122807083333333,3.4916191666666667,4.449704821428571,1.162447526802382,4.426659861425788,4.392656868260405
2026-03-21,24.0,IEX,3.44448,5931.37,12398.6,14612.38,5,3,1,0,False,False,True,0.8484996962517403,3.122807083333333,3.4916191666666667,4.449704821428571,1.162447526802382,4.426659861425788,4.392656868260405
2026-03-21,14.0,IEX,1.237,8001.41,8641.8,50123.93,5,3,1,1,False,False,True,0.17240866784140652,3.122807083333333,3.4916191666666667,4.449704821428571,1.162447526802382,4.426659861425788,4.392656868260405
2026-03-21,20.0,IEX,4.98927,8026.62,15824.03,13307.98,5,3,1,1,True,False,False,1.1890632528835607,3.122807083333333,3.4916191666666667,4.449704821428571,1.162447526802382,4.426659861425788,4.392656868260405
2026-03-21,13.0,IEX,1.11456,7964.88,8405.6,48307.2,5,3,1,1,False,False,True,0.17400304712879178,3.122807083333333,3.4916191666666667,4.449704821428571,1.162447526802382,4.426659861425788,4.392656868260405
2026-03-21,3.0,IEX,3.48466,6919.68,14087.23,19354.9,5,3,1,0,False,False,True,0.727837911470564,3.122807083333333,3.4916191666666667,4.449704821428571,1.162447526802382,4.426659861425788,4.392656868260405
2026-03-21,11.0,IEX,1.56857,8246.41,10311.1,39982.88,5,3,1,1,False,False,True,0.2578878759464331,3.122807083333333,3.4916191666666667,4.449704821428571,1.162447526802382,4.426659861425788,4.392656868260405
2026-03-21,12.0,IEX,1.3373199999999998,7864.67,9497.18,44693.53,5,3,1,1,False,False,True,0.21249563410800273,3.122807083333333,3.4916191666666667,4.449704821428571,1.162447526802382,4.426659861425788,4.392656868260405
2026-03-21,2.0,IEX,3.42328,6462.18,13609.43,17573.28,5,3,1,0,False,False,True,0.7744388066573579,3.122807083333333,3.4916191666666667,4.449704821428571,1.162447526802382,4.426659861425788,4.392656868260405
2026-03-21,4.0,IEX,3.46522,7400.89,14524.95,20362.98,5,3,1,0,False,False,True,0.7133017855376268,3.122807083333333,3.4916191666666667,4.449704821428571,1.162447526802382,4.426659861425788,4.392656868260405
2026-03-21,5.0,IEX,3.49864,7110.11,13892.93,19030.8,5,3,1,0,False,False,True,0.7300234353101166,3.122807083333333,3.4916191666666667,4.449704821428571,1.162447526802382,4.426659861425788,4.392656868260405
2026-03-21,1.0,IEX,3.47224,6063.41,13190.13,16129.88,5,3,1,0,False,False,True,0.8177450788116557,3.122807083333333,3.4916191666666667,4.449704821428571,1.162447526802382,4.426659861425788,4.392656868260405
2026-03-21,7.0,IEX,4.172479999999999,6690.38,14353.23,12389.85,5,3,1,0,False,True,False,1.1584668085905263,3.122807083333333,3.4916191666666667,4.449704821428571,1.162447526802382,4.426659861425788,4.392656868260405
2026-03-21,8.0,IEX,4.17901,7624.2,16031.6,13834.53,5,3,1,0,False,True,False,1.158810598438248,3.122807083333333,3.4916191666666667,4.449704821428571,1.162447526802382,4.426659861425788,4.392656868260405
2026-03-21,9.0,IEX,3.23061,8665.53,14879.28,20363.5,5,3,1,1,False,True,False,0.7306838211846275,3.122807083333333,3.4916191666666667,4.449704821428571,1.162447526802382,4.426659861425788,4.392656868260405
2026-03-21,10.0,IEX,2.0275,8040.85,11816.6,29924.25,5,3,1,1,False,True,False,0.39488374799873555,3.122807083333333,3.4916191666666667,4.449704821428571,1.162447526802382,4.426659861425788,4.392656868260405
2026-03-21,6.0,IEX,3.50959,6093.89,12847.38,14661.48,5,3,1,0,False,True,False,0.8762676067653009,3.122807083333333,3.4916191666666667,4.449704821428571,1.162447526802382,4.426659861425788,4.392656868260405
2026-03-22,14.0,IEX,0.99206,8529.62,8981.25,57497.38,6,3,1,1,False,False,True,0.15620276955989945,2.740861666666667,3.122807083333333,3.8993194642857145,0.8476704056700809,4.1673062930013085,4.260513252132906
2026-03-22,23.0,IEX,3.10258,7488.98,12603.03,16459.43,6,3,1,0,False,False,True,0.7657027000535847,2.740861666666667,3.122807083333333,3.8993194642857145,0.8476704056700809,4.1673062930013085,4.260513252132906
2026-03-22,22.0,IEX,3.49237,7848.85,13343.23,16936.6,6,3,1,1,True,False,False,0.7878340394247759,2.740861666666667,3.122807083333333,3.8993194642857145,0.8476704056700809,4.1673062930013085,4.260513252132906
2026-03-22,21.0,IEX,3.3493000000000004,8671.5,13487.3,17667.98,6,3,1,1,True,False,False,0.7633753260059297,2.740861666666667,3.122807083333333,3.8993194642857145,0.8476704056700809,4.1673062930013085,4.260513252132906
2026-03-22,20.0,IEX,3.93256,9047.93,15074.68,15990.23,6,3,1,1,True,False,False,0.9427431619540538,2.740861666666667,3.122807083333333,3.8993194642857145,0.8476704056700809,4.1673062930013085,4.260513252132906
2026-03-22,19.0,IEX,3.70181,8137.4,14154.95,16596.1,6,3,1,1,True,False,False,0.8529082128615109,2.740861666666667,3.122807083333333,3.8993194642857145,0.8476704056700809,4.1673062930013085,4.260513252132906
2026-03-22,18.0,IEX,2.4852800000000004,7301.48,12317.8,23514.33,6,3,1,1,True,False,False,0.5238422695761085,2.740861666666667,3.122807083333333,3.8993194642857145,0.8476704056700809,4.1673062930013085,4.260513252132906
2026-03-22,17.0,IEX,2.22683,7849.9,12071.23,33711.05,6,3,1,1,False,False,True,0.3580793240323041,2.740861666666667,3.122807083333333,3.8993194642857145,0.8476704056700809,4.1673062930013085,4.260513252132906
2026-03-22,24.0,IEX,2.95983,7226.3,12173.43,17515.38,6,3,1,0,False,False,True,0.6950137532300106,2.740861666666667,3.122807083333333,3.8993194642857145,0.8476704056700809,4.1673062930013085,4.260513252132906
2026-03-22,15.0,IEX,1.43715,8581.18,10255.95,53652.68,6,3,1,1,False,False,True,0.1911544772430465,2.740861666666667,3.122807083333333,3.8993194642857145,0.8476704056700809,4.1673062930013085,4.260513252132906
2026-03-22,13.0,IEX,1.04098,8527.57,9133.4,56431.85,6,3,1,1,False,False,True,0.16184831789816417,2.740861666666667,3.122807083333333,3.8993194642857145,0.8476704056700809,4.1673062930013085,4.260513252132906
2026-03-22,16.0,IEX,1.71755,8587.06,11150.0,44418.93,6,3,1,1,False,False,True,0.25101910373549763,2.740861666666667,3.122807083333333,3.8993194642857145,0.8476704056700809,4.1673062930013085,4.260513252132906
2026-03-22,11.0,IEX,1.5093299999999998,7878.04,9469.85,49598.55,6,3,1,1,False,False,True,0.1909299767451004,2.740861666666667,3.122807083333333,3.8993194642857145,0.8476704056700809,4.1673062930013085,4.260513252132906
2026-03-22,1.0,IEX,3.51344,8910.95,15920.93,20529.43,6,3,1,0,False,False,True,0.7755173909964781,2.740861666666667,3.122807083333333,3.8993194642857145,0.8476704056700809,4.1673062930013085,4.260513252132906
2026-03-22,2.0,IEX,3.38253,9547.5,16465.0,23273.98,6,3,1,0,False,False,True,0.7074423881487213,2.740861666666667,3.122807083333333,3.8993194642857145,0.8476704056700809,4.1673062930013085,4.260513252132906
2026-03-22,3.0,IEX,3.4645,10052.45,16973.75,24458.38,6,3,1,0,False,False,True,0.6939850469679574,2.740861666666667,3.122807083333333,3.8993194642857145,0.8476704056700809,4.1673062930013085,4.260513252132906
2026-03-22,4.0,IEX,3.4495500000000003,10442.18,17224.4,25069.53,6,3,1,0,False,False,True,0.6870651341740093,2.740861666666667,3.122807083333333,3.8993194642857145,0.8476704056700809,4.1673062930013085,4.260513252132906
2026-03-22,5.0,IEX,3.4821,10087.1,16613.78,23749.58,6,3,1,0,False,False,True,0.6995399494645631,2.740861666666667,3.122807083333333,3.8993194642857145,0.8476704056700809,4.1673062930013085,4.260513252132906
2026-03-22,12.0,IEX,1.42849,8412.8,10107.05,55227.35,6,3,1,1,False,False,True,0.18300805666340894,2.740861666666667,3.122807083333333,3.8993194642857145,0.8476704056700809,4.1673062930013085,4.260513252132906
2026-03-22,7.0,IEX,3.78858,9485.61,15400.43,18801.15,6,3,1,0,False,True,False,0.8191217022261288,2.740861666666667,3.122807083333333,3.8993194642857145,0.8476704056700809,4.1673062930013085,4.260513252132906
2026-03-22,8.0,IEX,3.56549,10420.15,16603.2,20696.45,6,3,1,0,False,True,False,0.802224535704324,2.740861666666667,3.122807083333333,3.8993194642857145,0.8476704056700809,4.1673062930013085,4.260513252132906
2026-03-22,9.0,IEX,2.4704200000000003,9877.4,14764.75,28899.0,6,3,1,1,False,True,False,0.5109086817845224,2.740861666666667,3.122807083333333,3.8993194642857145,0.8476704056700809,4.1673062930013085,4.260513252132906
2026-03-22,10.0,IEX,1.76539,8085.6,11170.78,39465.78,6,3,1,1,False,True,False,0.28304977114780205,2.740861666666667,3.122807083333333,3.8993194642857145,0.8476704056700809,4.1673062930013085,4.260513252132906
2026-03-22,6.0,IEX,3.52256,8874.72,15031.95,20295.63,6,3,1,0,False,True,False,0.7406495877483726,2.740861666666667,3.122807083333333,3.8993194642857145,0.8476704056700809,4.1673062930013085,4.260513252132906
2026-03-23,23.0,IEX,3.30454,6024.26,12462.75,14081.43,0,3,0,0,False,False,True,0.8850486059405553,2.8000395833333336,2.740861666666667,3.550495119047619,0.6910929931712041,3.9569575684370046,4.143675358628941
2026-03-23,22.0,IEX,3.79361,7172.88,13944.2,14086.33,0,3,0,1,True,False,False,0.9899100752361261,2.8000395833333336,2.740861666666667,3.550495119047619,0.6910929931712041,3.9569575684370046,4.143675358628941
2026-03-23,21.0,IEX,3.88736,7957.0,14193.25,14000.88,0,3,0,1,True,False,False,1.0137398499139056,2.8000395833333336,2.740861666666667,3.550495119047619,0.6910929931712041,3.9569575684370046,4.143675358628941
2026-03-23,20.0,IEX,5.01019,8190.47,16666.8,12402.85,0,3,0,1,True,False,False,1.3437879186285506,2.8000395833333336,2.740861666666667,3.550495119047619,0.6910929931712041,3.9569575684370046,4.143675358628941
2026-03-23,19.0,IEX,4.584689999999999,7866.1,16093.53,13027.1,0,3,0,1,True,False,False,1.2353885352569731,2.8000395833333336,2.740861666666667,3.550495119047619,0.6910929931712041,3.9569575684370046,4.143675358628941
2026-03-23,18.0,IEX,3.06373,7861.05,14617.13,18995.4,0,3,0,1,True,False,False,0.7695089333367504,2.8000395833333336,2.740861666666667,3.550495119047619,0.6910929931712041,3.9569575684370046,4.143675358628941
2026-03-23,17.0,IEX,2.65723,8974.3,13984.33,29809.3,0,3,0,1,False,False,True,0.46912641341154393,2.8000395833333336,2.740861666666667,3.550495119047619,0.6910929931712041,3.9569575684370046,4.143675358628941
2026-03-23,16.0,IEX,1.96805,9023.34,12718.0,40248.43,0,3,0,1,False,False,True,0.3159874806753984,2.8000395833333336,2.740861666666667,3.550495119047619,0.6910929931712041,3.9569575684370046,4.143675358628941
2026-03-23,15.0,IEX,1.52348,9442.45,10975.45,48858.38,0,3,0,1,False,False,True,0.2246380252016874,2.8000395833333336,2.740861666666667,3.550495119047619,0.6910929931712041,3.9569575684370046,4.143675358628941
2026-03-23,14.0,IEX,0.99707,8848.5,9337.65,53391.93,0,3,0,1,False,False,True,0.17488878934046984,2.8000395833333336,2.740861666666667,3.550495119047619,0.6910929931712041,3.9569575684370046,4.143675358628941
2026-03-23,13.0,IEX,0.98676,8636.03,9058.48,50979.0,0,3,0,1,False,False,True,0.1776904215112712,2.8000395833333336,2.740861666666667,3.550495119047619,0.6910929931712041,3.9569575684370046,4.143675358628941
2026-03-23,24.0,IEX,3.00801,5755.05,11346.65,14883.0,0,3,0,0,False,False,True,0.7623899746271652,2.8000395833333336,2.740861666666667,3.550495119047619,0.6910929931712041,3.9569575684370046,4.143675358628941
2026-03-23,11.0,IEX,1.61386,9029.81,10457.6,41512.18,0,3,0,1,False,False,True,0.25191642543178494,2.8000395833333336,2.740861666666667,3.550495119047619,0.6910929931712041,3.9569575684370046,4.143675358628941
2026-03-23,1.0,IEX,2.7948000000000004,7187.02,13535.88,21099.83,0,3,0,0,False,False,True,0.641516068782774,2.8000395833333336,2.740861666666667,3.550495119047619,0.6910929931712041,3.9569575684370046,4.143675358628941
2026-03-23,2.0,IEX,2.76365,7265.15,13657.93,23271.9,0,3,0,0,False,False,True,0.5868850413645276,2.8000395833333336,2.740861666666667,3.550495119047619,0.6910929931712041,3.9569575684370046,4.143675358628941
2026-03-23,3.0,IEX,2.79854,7817.35,14203.25,24786.35,0,3,0,0,False,False,True,0.5730270892757396,2.8000395833333336,2.740861666666667,3.550495119047619,0.6910929931712041,3.9569575684370046,4.143675358628941
2026-03-23,4.0,IEX,2.7948000000000004,7940.5,14325.55,25196.93,0,3,0,0,False,False,True,0.5685434691573364,2.8000395833333336,2.740861666666667,3.550495119047619,0.6910929931712041,3.9569575684370046,4.143675358628941
2026-03-23,5.0,IEX,2.93373,7932.9,14125.68,23603.85,0,3,0,0,False,False,True,0.5984481342668895,2.8000395833333336,2.740861666666667,3.550495119047619,0.6910929931712041,3.9569575684370046,4.143675358628941
2026-03-23,12.0,IEX,1.3213499999999998,8729.47,9905.28,46685.33,0,3,0,1,False,False,True,0.21217114665095627,2.8000395833333336,2.740861666666667,3.550495119047619,0.6910929931712041,3.9569575684370046,4.143675358628941
2026-03-23,7.0,IEX,3.72161,8444.35,15753.83,16861.13,0,3,0,0,False,True,False,0.9343282443499763,2.8000395833333336,2.740861666666667,3.550495119047619,0.6910929931712041,3.9569575684370046,4.143675358628941
2026-03-23,8.0,IEX,3.72848,9489.35,17399.85,18277.9,0,3,0,0,False,True,False,0.9519611109854188,2.8000395833333336,2.740861666666667,3.550495119047619,0.6910929931712041,3.9569575684370046,4.143675358628941
2026-03-23,9.0,IEX,2.77415,9633.88,14637.73,26604.88,0,3,0,1,False,True,False,0.5501896642457362,2.8000395833333336,2.740861666666667,3.550495119047619,0.6910929931712041,3.9569575684370046,4.143675358628941
2026-03-23,10.0,IEX,2.01743,8793.78,12690.83,34365.63,0,3,0,1,False,True,False,0.369288443025986,2.8000395833333336,2.740861666666667,3.550495119047619,0.6910929931712041,3.9569575684370046,4.143675358628941
2026-03-23,6.0,IEX,3.15383,7663.7,13683.78,19683.58,0,3,0,0,False,True,False,0.6951875620719464,2.8000395833333336,2.740861666666667,3.550495119047619,0.6910929931712041,3.9569575684370046,4.143675358628941
2026-03-24,14.0,IEX,0.98804,10127.14,10510.23,56096.88,1,3,0,1,False,False,True,0.18735854824950005,2.99959875,2.8000395833333336,3.3447751785714286,0.5891128142971738,3.809671596369773,4.0521492299386255
2026-03-24,15.0,IEX,1.56029,10260.35,11702.15,51369.6,1,3,0,1,False,False,True,0.22780301964044822,2.99959875,2.8000395833333336,3.3447751785714286,0.5891128142971738,3.809671596369773,4.0521492299386255
2026-03-24,16.0,IEX,2.01514,10875.25,14433.18,42441.93,1,3,0,1,False,False,True,0.34006888934125545,2.99959875,2.8000395833333336,3.3447751785714286,0.5891128142971738,3.809671596369773,4.0521492299386255
2026-03-24,17.0,IEX,2.71531,10531.1,16106.58,30834.93,1,3,0,1,False,False,True,0.5223485182154302,2.99959875,2.8000395833333336,3.3447751785714286,0.5891128142971738,3.809671596369773,4.0521492299386255
2026-03-24,18.0,IEX,3.3072,9317.51,16054.33,19266.23,1,3,0,1,True,False,False,0.8332886087037845,2.99959875,2.8000395833333336,3.3447751785714286,0.5891128142971738,3.809671596369773,4.0521492299386255
2026-03-24,20.0,IEX,5.31561,9159.0,17957.53,12465.63,1,3,0,1,True,False,False,1.4405633718949116,2.99959875,2.8000395833333336,3.3447751785714286,0.5891128142971738,3.809671596369773,4.0521492299386255
2026-03-24,21.0,IEX,4.05755,9300.75,15723.05,14508.88,1,3,0,1,True,False,False,1.0836846117111145,2.99959875,2.8000395833333336,3.3447751785714286,0.5891128142971738,3.809671596369773,4.0521492299386255
2026-03-24,22.0,IEX,3.88489,8556.38,15523.93,14249.33,1,3,0,1,True,False,False,1.0894498189813488,2.99959875,2.8000395833333336,3.3447751785714286,0.5891128142971738,3.809671596369773,4.0521492299386255
2026-03-24,23.0,IEX,3.30444,6880.48,13575.75,14187.8,1,3,0,0,False,False,True,0.9568608234138762,2.99959875,2.8000395833333336,3.3447751785714286,0.5891128142971738,3.809671596369773,4.0521492299386255
2026-03-24,13.0,IEX,1.02799,10236.47,10730.9,53317.48,1,3,0,1,False,False,True,0.20126420074593465,2.99959875,2.8000395833333336,3.3447751785714286,0.5891128142971738,3.809671596369773,4.0521492299386255
2026-03-24,19.0,IEX,4.90964,9281.08,17437.28,13344.65,1,3,0,1,True,False,False,1.3066869484724688,2.99959875,2.8000395833333336,3.3447751785714286,0.5891128142971738,3.809671596369773,4.0521492299386255
2026-03-24,24.0,IEX,3.16285,6701.55,12858.35,14538.4,1,3,0,0,False,False,True,0.8844405155419851,2.99959875,2.8000395833333336,3.3447751785714286,0.5891128142971738,3.809671596369773,4.0521492299386255
2026-03-24,12.0,IEX,1.25311,10001.37,11342.0,49986.15,1,3,0,1,False,False,True,0.22690285204463578,2.99959875,2.8000395833333336,3.3447751785714286,0.5891128142971738,3.809671596369773,4.0521492299386255
2026-03-24,10.0,IEX,2.17472,10069.52,13713.63,34652.6,1,3,0,1,False,True,False,0.3957460622303244,2.99959875,2.8000395833333336,3.3447751785714286,0.5891128142971738,3.809671596369773,4.0521492299386255
2026-03-24,11.0,IEX,1.56635,9839.75,11650.75,44605.3,1,3,0,1,False,False,True,0.26119653936612985,2.99959875,2.8000395833333336,3.3447751785714286,0.5891128142971738,3.809671596369773,4.0521492299386255
2026-03-24,1.0,IEX,2.97203,6874.89,13549.28,16868.33,1,3,0,0,False,False,True,0.8032377829914178,2.99959875,2.8000395833333336,3.3447751785714286,0.5891128142971738,3.809671596369773,4.0521492299386255
2026-03-24,2.0,IEX,2.96777,7557.3,14203.0,18709.93,1,3,0,0,False,False,True,0.7591156136024477,2.99959875,2.8000395833333336,3.3447751785714286,0.5891128142971738,3.809671596369773,4.0521492299386255
2026-03-24,3.0,IEX,3.0695300000000003,8012.57,14789.9,20313.43,1,3,0,0,False,False,True,0.728084818404334,2.99959875,2.8000395833333336,3.3447751785714286,0.5891128142971738,3.809671596369773,4.0521492299386255
2026-03-24,4.0,IEX,3.25097,8516.01,15608.05,21339.98,1,3,0,0,False,False,True,0.7313994667607938,2.99959875,2.8000395833333336,3.3447751785714286,0.5891128142971738,3.809671596369773,4.0521492299386255
2026-03-24,6.0,IEX,3.71293,8296.15,15650.48,15952.58,1,3,0,0,False,True,False,0.9810626237379392,2.99959875,2.8000395833333336,3.3447751785714286,0.5891128142971738,3.809671596369773,4.0521492299386255
2026-03-24,7.0,IEX,4.08796,8395.25,16943.2,13781.38,1,3,0,0,False,True,False,1.2294269505452815,2.99959875,2.8000395833333336,3.3447751785714286,0.5891128142971738,3.809671596369773,4.0521492299386255
2026-03-24,8.0,IEX,4.07506,9236.38,18408.45,15407.2,1,3,0,0,False,True,False,1.1947952897380476,2.99959875,2.8000395833333336,3.3447751785714286,0.5891128142971738,3.809671596369773,4.0521492299386255
2026-03-24,9.0,IEX,3.0888400000000003,10031.73,16426.28,24352.88,1,3,0,1,False,True,False,0.6745107762718369,2.99959875,2.8000395833333336,3.3447751785714286,0.5891128142971738,3.809671596369773,4.0521492299386255
2026-03-24,5.0,IEX,3.52215,8680.24,15856.9,20042.4,1,3,0,0,False,False,True,0.7911677240294736,2.99959875,2.8000395833333336,3.3447751785714286,0.5891128142971738,3.809671596369773,4.0521492299386255
2026-03-25,24.0,IEX,3.60054,6575.17,15220.35,11794.33,2,3,0,0,False,False,True,1.2904802550967456,3.4826112499999997,2.99959875,3.2533765476190477,0.48958201683248026,3.759354620005192,4.006586191543535
2026-03-25,14.0,IEX,1.54612,11269.13,12396.53,53781.43,2,3,0,1,False,False,True,0.2304983336756761,3.4826112499999997,2.99959875,3.2533765476190477,0.48958201683248026,3.759354620005192,4.006586191543535
2026-03-25,15.0,IEX,1.75919,11215.52,13726.73,49364.55,2,3,0,1,False,False,True,0.2780685734442897,3.4826112499999997,2.99959875,3.2533765476190477,0.48958201683248026,3.759354620005192,4.006586191543535
2026-03-25,16.0,IEX,2.13197,10724.73,15338.23,40639.0,2,3,0,1,False,False,True,0.37742636374481986,3.4826112499999997,2.99959875,3.2533765476190477,0.48958201683248026,3.759354620005192,4.006586191543535
2026-03-25,17.0,IEX,2.89777,11088.5,17216.65,28974.0,2,3,0,1,False,False,True,0.5942103262945364,3.4826112499999997,2.99959875,3.2533765476190477,0.48958201683248026,3.759354620005192,4.006586191543535
2026-03-25,20.0,IEX,7.47499,8535.22,19150.95,11155.3,2,3,0,1,True,False,False,1.716757952079498,3.4826112499999997,2.99959875,3.2533765476190477,0.48958201683248026,3.759354620005192,4.006586191543535
2026-03-25,19.0,IEX,6.29116,9084.9,18747.43,12362.95,2,3,0,1,True,False,False,1.5164204324077826,3.4826112499999997,2.99959875,3.2533765476190477,0.48958201683248026,3.759354620005192,4.006586191543535
2026-03-25,21.0,IEX,4.91815,9819.3,17655.95,13341.28,2,3,0,1,True,False,False,1.3234074981385537,3.4826112499999997,2.99959875,3.2533765476190477,0.48958201683248026,3.759354620005192,4.006586191543535
2026-03-25,22.0,IEX,4.562600000000001,8720.78,17739.45,12543.65,2,3,0,1,True,False,False,1.4142175511799058,3.4826112499999997,2.99959875,3.2533765476190477,0.48958201683248026,3.759354620005192,4.006586191543535
2026-03-25,13.0,IEX,1.54772,12149.78,13097.58,51902.3,2,3,0,1,False,False,True,0.2523506664921688,3.4826112499999997,2.99959875,3.2533765476190477,0.48958201683248026,3.759354620005192,4.006586191543535
2026-03-25,18.0,IEX,3.28414,9183.52,16425.05,18049.28,2,3,0,1,True,False,False,0.9100113683703664,3.4826112499999997,2.99959875,3.2533765476190477,0.48958201683248026,3.759354620005192,4.006586191543535
2026-03-25,23.0,IEX,3.84977,7235.32,15949.9,12078.45,2,3,0,0,False,False,True,1.3205253974470852,3.4826112499999997,2.99959875,3.2533765476190477,0.48958201683248026,3.759354620005192,4.006586191543535
2026-03-25,12.0,IEX,1.54967,12366.25,14010.18,49072.0,2,3,0,1,False,False,True,0.28550252684106975,3.4826112499999997,2.99959875,3.2533765476190477,0.48958201683248026,3.759354620005192,4.006586191543535
2026-03-25,10.0,IEX,2.21261,9855.52,14136.43,32654.38,2,3,0,1,False,True,False,0.4329106844371534,3.4826112499999997,2.99959875,3.2533765476190477,0.48958201683248026,3.759354620005192,4.006586191543535
2026-03-25,1.0,IEX,3.75739,7610.27,16249.53,13802.63,2,3,0,0,False,False,True,1.1772778077965738,3.4826112499999997,2.99959875,3.2533765476190477,0.48958201683248026,3.759354620005192,4.006586191543535
2026-03-25,2.0,IEX,3.77053,8431.4,16915.0,15698.68,2,3,0,0,False,False,True,1.0774791249471427,3.4826112499999997,2.99959875,3.2533765476190477,0.48958201683248026,3.759354620005192,4.006586191543535
2026-03-25,3.0,IEX,3.82518,9212.84,17611.05,17073.45,2,3,0,0,False,False,True,1.0314874843505633,3.4826112499999997,2.99959875,3.2533765476190477,0.48958201683248026,3.759354620005192,4.006586191543535
2026-03-25,4.0,IEX,3.67341,8847.35,17604.23,18084.5,2,3,0,0,False,False,True,0.9734430031389073,3.4826112499999997,2.99959875,3.2533765476190477,0.48958201683248026,3.759354620005192,4.006586191543535
2026-03-25,11.0,IEX,1.73254,11346.51,13579.58,43220.63,2,3,0,1,False,False,True,0.31419208828881207,3.4826112499999997,2.99959875,3.2533765476190477,0.48958201683248026,3.759354620005192,4.006586191543535
2026-03-25,6.0,IEX,3.69994,8146.85,16580.9,14331.55,2,3,0,0,False,True,False,1.1569509221563958,3.4826112499999997,2.99959875,3.2533765476190477,0.48958201683248026,3.759354620005192,4.006586191543535
2026-03-25,7.0,IEX,4.53751,8840.7,18176.25,12451.08,2,3,0,0,False,True,False,1.4598131234721703,3.4826112499999997,2.99959875,3.2533765476190477,0.48958201683248026,3.759354620005192,4.006586191543535
2026-03-25,8.0,IEX,4.27615,9794.97,19292.4,13996.23,2,3,0,0,False,True,False,1.3783997538062753,3.4826112499999997,2.99959875,3.2533765476190477,0.48958201683248026,3.759354620005192,4.006586191543535
2026-03-25,9.0,IEX,3.01823,9877.68,16451.45,22408.63,2,3,0,1,False,True,False,0.7341568847653084,3.4826112499999997,2.99959875,3.2533765476190477,0.48958201683248026,3.759354620005192,4.006586191543535
2026-03-25,5.0,IEX,3.66539,8679.1,17288.58,17285.13,2,3,0,0,False,False,True,1.000199592944803,3.4826112499999997,2.99959875,3.2533765476190477,0.48958201683248026,3.759354620005192,4.006586191543535
2026-03-26,24.0,IEX,4.32496,5977.57,15927.3,10101.4,3,3,0,0,False,False,True,1.576741836204148,4.02335375,3.4826112499999997,3.2372701785714284,0.45643446820236344,3.7999698707736242,4.0079275962200525
2026-03-26,23.0,IEX,5.1273,6857.16,16739.4,9409.43,3,3,0,0,False,False,True,1.779002551930348,4.02335375,3.4826112499999997,3.2372701785714284,0.45643446820236344,3.7999698707736242,4.0079275962200525
2026-03-26,22.0,IEX,5.64756,8044.05,17246.48,10274.63,3,3,0,1,True,False,False,1.6785499802148107,4.02335375,3.4826112499999997,3.2372701785714284,0.45643446820236344,3.7999698707736242,4.0079275962200525
2026-03-26,21.0,IEX,6.93655,8982.0,18325.25,10977.23,3,3,0,1,True,False,False,1.6693874486829672,4.02335375,3.4826112499999997,3.2372701785714284,0.45643446820236344,3.7999698707736242,4.0079275962200525
2026-03-26,20.0,IEX,10.0,7508.52,20651.4,9300.13,3,3,0,1,True,False,False,2.2205496028329184,4.02335375,3.4826112499999997,3.2372701785714284,0.45643446820236344,3.7999698707736242,4.0079275962200525
2026-03-26,19.0,IEX,7.57024,8282.24,18362.5,10623.08,3,3,0,1,True,False,False,1.7285476512192814,4.02335375,3.4826112499999997,3.2372701785714284,0.45643446820236344,3.7999698707736242,4.0079275962200525
2026-03-26,18.0,IEX,3.6432,8498.46,16192.1,15542.4,3,3,0,1,True,False,False,1.0418017802644368,4.02335375,3.4826112499999997,3.2372701785714284,0.45643446820236344,3.7999698707736242,4.0079275962200525
2026-03-26,17.0,IEX,2.94115,10346.23,17076.95,27760.28,3,3,0,1,False,False,True,0.615157699916875,4.02335375,3.4826112499999997,3.2372701785714284,0.45643446820236344,3.7999698707736242,4.0079275962200525
2026-03-26,15.0,IEX,1.55276,12578.67,14007.8,45672.93,3,3,0,1,False,False,True,0.3066980812689928,4.02335375,3.4826112499999997,3.2372701785714284,0.45643446820236344,3.7999698707736242,4.0079275962200525
2026-03-26,14.0,IEX,1.54319,11885.23,12675.28,51611.4,3,3,0,1,False,False,True,0.2455907027816353,4.02335375,3.4826112499999997,3.2372701785714284,0.45643446820236344,3.7999698707736242,4.0079275962200525
2026-03-26,13.0,IEX,1.54353,12586.15,13511.95,49455.3,3,3,0,1,False,False,True,0.2732154086067185,4.02335375,3.4826112499999997,3.2372701785714284,0.45643446820236344,3.7999698707736242,4.0079275962200525
2026-03-26,16.0,IEX,2.04717,12020.09,16182.58,37705.95,3,3,0,1,False,False,True,0.42917841867684586,4.02335375,3.4826112499999997,3.2372701785714284,0.45643446820236344,3.7999698707736242,4.0079275962200525
2026-03-26,11.0,IEX,1.73275,11465.54,13738.6,42852.58,3,3,0,1,False,False,True,0.32060146662800665,4.02335375,3.4826112499999997,3.2372701785714284,0.45643446820236344,3.7999698707736242,4.0079275962200525
2026-03-26,12.0,IEX,1.5438,12562.7,14249.73,46816.68,3,3,0,1,False,False,True,0.30437292855786163,4.02335375,3.4826112499999997,3.2372701785714284,0.45643446820236344,3.7999698707736242,4.0079275962200525
2026-03-26,2.0,IEX,4.16183,7069.31,17736.5,14212.4,3,3,0,0,False,False,True,1.2479595274211537,4.02335375,3.4826112499999997,3.2372701785714284,0.45643446820236344,3.7999698707736242,4.0079275962200525
2026-03-26,3.0,IEX,3.9955,8015.15,17892.1,15795.35,3,3,0,0,False,False,True,1.1327447627733827,4.02335375,3.4826112499999997,3.2372701785714284,0.45643446820236344,3.7999698707736242,4.0079275962200525
2026-03-26,4.0,IEX,3.86288,8183.25,18017.78,16844.45,3,3,0,0,False,False,True,1.069656770586361,4.02335375,3.4826112499999997,3.2372701785714284,0.45643446820236344,3.7999698707736242,4.0079275962200525
2026-03-26,5.0,IEX,3.88823,8035.55,17641.9,16331.3,3,3,0,0,False,False,True,1.080250806071623,4.02335375,3.4826112499999997,3.2372701785714284,0.45643446820236344,3.7999698707736242,4.0079275962200525
2026-03-26,1.0,IEX,4.34913,6377.97,18058.05,12127.38,3,3,0,0,False,False,True,1.4890314301283283,4.02335375,3.4826112499999997,3.2372701785714284,0.45643446820236344,3.7999698707736242,4.0079275962200525
2026-03-26,7.0,IEX,5.07357,7542.58,18280.68,10099.53,3,3,0,0,False,True,False,1.8100525452074971,4.02335375,3.4826112499999997,3.2372701785714284,0.45643446820236344,3.7999698707736242,4.0079275962200525
2026-03-26,8.0,IEX,4.74805,8717.82,19002.3,11882.38,3,3,0,0,False,True,False,1.599199822258504,4.02335375,3.4826112499999997,3.2372701785714284,0.45643446820236344,3.7999698707736242,4.0079275962200525
2026-03-26,9.0,IEX,3.26072,9520.26,16718.68,19409.53,3,3,0,1,False,True,False,0.8613644942142523,4.02335375,3.4826112499999997,3.2372701785714284,0.45643446820236344,3.7999698707736242,4.0079275962200525
2026-03-26,10.0,IEX,2.49163,9063.74,14701.08,31035.85,3,3,0,1,False,True,False,0.4736805982521244,4.02335375,3.4826112499999997,3.2372701785714284,0.45643446820236344,3.7999698707736242,4.0079275962200525
2026-03-26,6.0,IEX,4.57479,7349.5,17407.25,11421.13,3,3,0,0,False,True,False,1.5241267707099677,4.02335375,3.4826112499999997,3.2372701785714284,0.45643446820236344,3.7999698707736242,4.0079275962200525
2026-03-27,15.0,IEX,1.73822,13729.7,16291.3,47400.95,4,3,0,1,False,False,True,0.34369142383355367,3.9288829166666672,4.02335375,3.2997364285714283,0.5222252208268852,3.8198026470648614,4.001604021855782
2026-03-27,16.0,IEX,2.09125,12074.36,16569.45,38898.45,4,3,0,1,False,False,True,0.42596684432773885,3.9288829166666672,4.02335375,3.2997364285714283,0.5222252208268852,3.8198026470648614,4.001604021855782
2026-03-27,17.0,IEX,2.92442,12083.45,18083.43,30487.25,4,3,0,1,False,False,True,0.593147299086291,3.9288829166666672,4.02335375,3.2997364285714283,0.5222252208268852,3.8198026470648614,4.001604021855782
2026-03-27,18.0,IEX,3.45357,9468.62,17101.6,18872.63,4,3,0,1,True,False,False,0.906158812573468,3.9288829166666672,4.02335375,3.2997364285714283,0.5222252208268852,3.8198026470648614,4.001604021855782
2026-03-27,19.0,IEX,6.7487200000000005,8483.23,18705.28,11564.58,4,3,0,1,True,False,False,1.6174629760722283,3.9288829166666672,4.02335375,3.2997364285714283,0.5222252208268852,3.8198026470648614,4.001604021855782
2026-03-27,24.0,IEX,4.712560000000001,6651.84,15591.05,9785.98,4,3,0,0,False,False,True,1.5932027230862902,3.9288829166666672,4.02335375,3.2997364285714283,0.5222252208268852,3.8198026470648614,4.001604021855782
2026-03-27,21.0,IEX,5.09713,7465.6,15941.33,10422.88,4,3,0,1,True,False,False,1.5294553889813034,3.9288829166666672,4.02335375,3.2997364285714283,0.5222252208268852,3.8198026470648614,4.001604021855782
2026-03-27,22.0,IEX,5.0968100000000005,6643.18,15786.23,9240.93,4,3,0,1,True,False,False,1.708294509634534,3.9288829166666672,4.02335375,3.2997364285714283,0.5222252208268852,3.8198026470648614,4.001604021855782
2026-03-27,23.0,IEX,5.17149,6456.99,15665.93,8760.3,4,3,0,0,False,False,True,1.7882869287715184,3.9288829166666672,4.02335375,3.2997364285714283,0.5222252208268852,3.8198026470648614,4.001604021855782
2026-03-27,14.0,IEX,1.54373,14571.63,15998.8,55602.98,4,3,0,1,False,False,True,0.2877327797381124,3.9288829166666672,4.02335375,3.2997364285714283,0.5222252208268852,3.8198026470648614,4.001604021855782
2026-03-27,20.0,IEX,9.87486,6915.77,18654.15,8820.33,4,3,0,1,True,False,False,2.1149038617433775,3.9288829166666672,4.02335375,3.2997364285714283,0.5222252208268852,3.8198026470648614,4.001604021855782
2026-03-27,13.0,IEX,1.88493,14087.01,16279.68,53055.83,4,3,0,1,False,False,True,0.3068405488507407,3.9288829166666672,4.02335375,3.2997364285714283,0.5222252208268852,3.8198026470648614,4.001604021855782
2026-03-27,4.0,IEX,3.98009,10226.93,18571.28,17045.93,4,3,0,0,False,False,True,1.0894847033341772,3.9288829166666672,4.02335375,3.2997364285714283,0.5222252208268852,3.8198026470648614,4.001604021855782
2026-03-27,11.0,IEX,2.04909,12013.23,16103.55,43607.23,4,3,0,1,False,False,True,0.3692862398347048,3.9288829166666672,4.02335375,3.2997364285714283,0.5222252208268852,3.8198026470648614,4.001604021855782
2026-03-27,12.0,IEX,1.95262,13334.38,16717.33,49001.18,4,3,0,1,False,False,True,0.34116178419761284,3.9288829166666672,4.02335375,3.2997364285714283,0.5222252208268852,3.8198026470648614,4.001604021855782
2026-03-27,2.0,IEX,4.19122,9263.3,17906.9,15108.45,4,3,0,0,False,False,True,1.1852241618529868,3.9288829166666672,4.02335375,3.2997364285714283,0.5222252208268852,3.8198026470648614,4.001604021855782
2026-03-27,3.0,IEX,4.03642,9835.45,18315.13,16335.38,4,3,0,0,False,False,True,1.1211939966372415,3.9288829166666672,4.02335375,3.2997364285714283,0.5222252208268852,3.8198026470648614,4.001604021855782
2026-03-27,5.0,IEX,3.90377,9599.48,17920.98,16383.35,4,3,0,0,False,False,True,1.093853210061524,3.9288829166666672,4.02335375,3.2997364285714283,0.5222252208268852,3.8198026470648614,4.001604021855782
2026-03-27,1.0,IEX,4.54132,8625.05,17733.9,12831.93,4,3,0,0,False,False,True,1.382013460654778,3.9288829166666672,4.02335375,3.2997364285714283,0.5222252208268852,3.8198026470648614,4.001604021855782
2026-03-27,7.0,IEX,5.17813,9818.15,18948.6,12297.13,4,3,0,0,False,True,False,1.5408961265426193,3.9288829166666672,4.02335375,3.2997364285714283,0.5222252208268852,3.8198026470648614,4.001604021855782
2026-03-27,8.0,IEX,4.338310000000001,9846.45,18964.95,14192.38,4,3,0,0,False,True,False,1.3362769307640603,3.9288829166666672,4.02335375,3.2997364285714283,0.5222252208268852,3.8198026470648614,4.001604021855782
2026-03-27,9.0,IEX,2.88527,10699.18,17643.28,22380.5,4,3,0,1,False,True,False,0.7883326999895744,3.9288829166666672,4.02335375,3.2997364285714283,0.5222252208268852,3.8198026470648614,4.001604021855782
2026-03-27,10.0,IEX,2.4171,10615.54,15886.43,32833.6,4,3,0,1,False,True,False,0.4838467300314779,3.9288829166666672,4.02335375,3.2997364285714283,0.5222252208268852,3.8198026470648614,4.001604021855782
2026-03-27,6.0,IEX,4.48216,8370.05,16632.1,12578.75,4,3,0,0,False,True,False,1.3222379001711315,3.9288829166666672,4.02335375,3.2997364285714283,0.5222252208268852,3.8198026470648614,4.001604021855782
2026-03-28,14.0,IEX,1.54331,13573.95,14684.48,53964.53,5,3,1,1,False,False,True,0.272113553055662,3.7005725,3.9288829166666672,3.3822743452380952,0.535100161456453,3.801459547516421,3.977521500107319
2026-03-28,15.0,IEX,1.65496,14426.65,16500.63,47888.75,5,3,1,1,False,False,True,0.3445617184945187,3.7005725,3.9288829166666672,3.3822743452380952,0.535100161456453,3.801459547516421,3.977521500107319
2026-03-28,16.0,IEX,2.05531,12450.59,16532.2,39396.2,5,3,1,1,False,False,True,0.4196394575061454,3.7005725,3.9288829166666672,3.3822743452380952,0.535100161456453,3.801459547516421,3.977521500107319
2026-03-28,17.0,IEX,2.60397,10599.94,16417.23,31395.8,5,3,1,1,False,False,True,0.5229116631769499,3.7005725,3.9288829166666672,3.3822743452380952,0.535100161456453,3.801459547516421,3.977521500107319
2026-03-28,18.0,IEX,3.23637,7863.77,15084.0,19852.95,5,3,1,1,True,False,False,0.7597863286011467,3.7005725,3.9288829166666672,3.3822743452380952,0.535100161456453,3.801459547516421,3.977521500107319
2026-03-28,20.0,IEX,8.236870000000001,6483.65,16699.03,9204.13,5,3,1,1,True,False,False,1.8142974927404356,3.7005725,3.9288829166666672,3.3822743452380952,0.535100161456453,3.801459547516421,3.977521500107319
2026-03-28,21.0,IEX,4.772609999999999,6658.18,15011.53,10007.25,5,3,1,1,True,False,False,1.500065451047925,3.7005725,3.9288829166666672,3.3822743452380952,0.535100161456453,3.801459547516421,3.977521500107319
2026-03-28,22.0,IEX,5.01252,6154.7,15140.85,9227.78,5,3,1,1,True,False,False,1.6407900907468642,3.7005725,3.9288829166666672,3.3822743452380952,0.535100161456453,3.801459547516421,3.977521500107319
2026-03-28,24.0,IEX,4.74889,5997.7,15082.85,9647.85,5,3,1,0,False,False,True,1.5633379441395359,3.7005725,3.9288829166666672,3.3822743452380952,0.535100161456453,3.801459547516421,3.977521500107319
2026-03-28,13.0,IEX,1.58181,13249.9,14473.8,50795.63,5,3,1,1,False,False,True,0.2849418345072318,3.7005725,3.9288829166666672,3.3822743452380952,0.535100161456453,3.801459547516421,3.977521500107319
2026-03-28,19.0,IEX,5.8019,7360.4,16396.0,11867.85,5,3,1,1,True,False,False,1.3815476254068364,3.7005725,3.9288829166666672,3.3822743452380952,0.535100161456453,3.801459547516421,3.977521500107319
2026-03-28,23.0,IEX,5.4404200000000005,5757.25,15565.48,8530.95,5,3,1,0,False,False,True,1.824589287447952,3.7005725,3.9288829166666672,3.3822743452380952,0.535100161456453,3.801459547516421,3.977521500107319
2026-03-28,12.0,IEX,1.56979,12375.39,14220.58,47917.8,5,3,1,1,False,False,True,0.2967703024143908,3.7005725,3.9288829166666672,3.3822743452380952,0.535100161456453,3.801459547516421,3.977521500107319
2026-03-28,10.0,IEX,2.15864,9819.46,14081.8,35870.98,5,3,1,1,False,True,False,0.392568031207241,3.7005725,3.9288829166666672,3.3822743452380952,0.535100161456453,3.801459547516421,3.977521500107319
2026-03-28,1.0,IEX,4.67008,8687.3,17826.1,12186.53,5,3,1,0,False,False,True,1.4627707793253937,3.7005725,3.9288829166666672,3.3822743452380952,0.535100161456453,3.801459547516421,3.977521500107319
2026-03-28,2.0,IEX,4.25662,9026.93,17845.2,13742.13,5,3,1,0,False,False,True,1.2985759840006057,3.7005725,3.9288829166666672,3.3822743452380952,0.535100161456453,3.801459547516421,3.977521500107319
2026-03-28,3.0,IEX,4.03981,9548.85,17962.63,15956.43,5,3,1,0,False,False,True,1.1257298774690017,3.7005725,3.9288829166666672,3.3822743452380952,0.535100161456453,3.801459547516421,3.977521500107319
2026-03-28,4.0,IEX,3.9036,9895.6,18086.78,17192.23,5,3,1,0,False,False,True,1.052032225573976,3.7005725,3.9288829166666672,3.3822743452380952,0.535100161456453,3.801459547516421,3.977521500107319
2026-03-28,11.0,IEX,1.65624,11148.12,13273.78,43774.15,5,3,1,1,False,False,True,0.3032333008628989,3.7005725,3.9288829166666672,3.3822743452380952,0.535100161456453,3.801459547516421,3.977521500107319
2026-03-28,6.0,IEX,4.6782,8863.53,17246.45,12388.6,5,3,1,0,False,True,False,1.3921225954570149,3.7005725,3.9288829166666672,3.3822743452380952,0.535100161456453,3.801459547516421,3.977521500107319
2026-03-28,7.0,IEX,4.94066,8767.53,17598.38,11650.23,5,3,1,0,False,True,False,1.5105607344142042,3.7005725,3.9288829166666672,3.3822743452380952,0.535100161456453,3.801459547516421,3.977521500107319
2026-03-28,8.0,IEX,3.77917,8512.13,16708.08,15766.28,5,3,1,0,False,True,False,1.0597350795116318,3.7005725,3.9288829166666672,3.3822743452380952,0.535100161456453,3.801459547516421,3.977521500107319
2026-03-28,9.0,IEX,2.50734,9460.18,15740.08,26299.28,5,3,1,1,False,True,False,0.5984985138001883,3.7005725,3.9288829166666672,3.3822743452380952,0.535100161456453,3.801459547516421,3.977521500107319
2026-03-28,5.0,IEX,3.96465,9612.2,18044.6,16083.35,5,3,1,0,False,False,True,1.1219428781180891,3.7005725,3.9288829166666672,3.3822743452380952,0.535100161456453,3.801459547516421,3.977521500107319
2026-03-29,14.0,IEX,0.98327,10136.43,10759.93,59428.28,6,3,1,1,False,False,True,0.18105740227025627,2.9423058333333336,3.7005725,3.4110520833333338,0.49905879020924704,3.6692820530267154,3.8947042467654
2026-03-29,23.0,IEX,4.10519,6900.65,15240.65,11981.33,6,3,1,0,False,False,True,1.2720332373183667,2.9423058333333336,3.7005725,3.4110520833333338,0.49905879020924704,3.6692820530267154,3.8947042467654
2026-03-29,22.0,IEX,3.88732,7680.32,14740.95,12877.13,6,3,1,1,True,False,False,1.1447387724246485,2.9423058333333336,3.7005725,3.4110520833333338,0.49905879020924704,3.6692820530267154,3.8947042467654
2026-03-29,21.0,IEX,3.84975,8283.95,15352.55,13814.5,6,3,1,1,True,False,False,1.1113359143571349,2.9423058333333336,3.7005725,3.4110520833333338,0.49905879020924704,3.6692820530267154,3.8947042467654
2026-03-29,20.0,IEX,4.671729999999999,8377.75,16142.33,13587.2,6,3,1,1,True,False,False,1.1880541971943783,2.9423058333333336,3.7005725,3.4110520833333338,0.49905879020924704,3.6692820530267154,3.8947042467654
2026-03-29,19.0,IEX,3.98092,8414.03,15445.73,15498.75,6,3,1,1,True,False,False,0.9965790783149744,2.9423058333333336,3.7005725,3.4110520833333338,0.49905879020924704,3.6692820530267154,3.8947042467654
2026-03-29,18.0,IEX,2.49735,8308.86,13782.48,24468.3,6,3,1,1,True,False,False,0.5632790179279807,2.9423058333333336,3.7005725,3.4110520833333338,0.49905879020924704,3.6692820530267154,3.8947042467654
2026-03-29,17.0,IEX,2.16715,10741.2,14789.68,37788.68,6,3,1,1,False,False,True,0.39137858205383763,2.9423058333333336,3.7005725,3.4110520833333338,0.49905879020924704,3.6692820530267154,3.8947042467654
2026-03-29,16.0,IEX,1.65378,11784.29,13652.05,45640.38,6,3,1,1,False,False,True,0.29912218077519903,2.9423058333333336,3.7005725,3.4110520833333338,0.49905879020924704,3.6692820530267154,3.8947042467654
2026-03-29,15.0,IEX,0.98362,10680.43,11815.18,53295.68,6,3,1,1,False,False,True,0.22169113890249806,2.9423058333333336,3.7005725,3.4110520833333338,0.49905879020924704,3.6692820530267154,3.8947042467654
2026-03-29,13.0,IEX,0.98337,10026.28,10398.78,57610.48,6,3,1,1,False,False,True,0.18050153371738933,2.9423058333333336,3.7005725,3.4110520833333338,0.49905879020924704,3.6692820530267154,3.8947042467654
2026-03-29,24.0,IEX,3.71761,7143.1,15200.55,12482.73,6,3,1,0,False,False,True,1.217726409833645,2.9423058333333336,3.7005725,3.4110520833333338,0.49905879020924704,3.6692820530267154,3.8947042467654
2026-03-29,11.0,IEX,0.98328,8960.85,10032.85,47683.55,6,3,1,1,False,False,True,0.21040484607156873,2.9423058333333336,3.7005725,3.4110520833333338,0.49905879020924704,3.6692820530267154,3.8947042467654
2026-03-29,1.0,IEX,4.20406,9438.69,17121.9,15409.1,6,3,1,0,False,False,True,1.1111550959425567,2.9423058333333336,3.7005725,3.4110520833333338,0.49905879020924704,3.6692820530267154,3.8947042467654
2026-03-29,2.0,IEX,3.98812,9886.74,17448.88,17023.18,6,3,1,0,False,False,True,1.0250070779813132,2.9423058333333336,3.7005725,3.4110520833333338,0.49905879020924704,3.6692820530267154,3.8947042467654
2026-03-29,3.0,IEX,3.9034,10452.57,17746.03,18579.05,6,3,1,0,False,False,True,0.9551634766281573,2.9423058333333336,3.7005725,3.4110520833333338,0.49905879020924704,3.6692820530267154,3.8947042467654
2026-03-29,4.0,IEX,3.82769,10639.05,17888.63,19634.5,6,3,1,0,False,False,True,0.9110815142167707,2.9423058333333336,3.7005725,3.4110520833333338,0.49905879020924704,3.6692820530267154,3.8947042467654
2026-03-29,5.0,IEX,3.87632,11223.83,18589.58,19375.93,6,3,1,0,False,False,True,0.9594161410784329,2.9423058333333336,3.7005725,3.4110520833333338,0.49905879020924704,3.6692820530267154,3.8947042467654
2026-03-29,12.0,IEX,0.98329,9590.4,10662.9,54027.08,6,3,1,1,False,False,True,0.19736213761740182,2.9423058333333336,3.7005725,3.4110520833333338,0.49905879020924704,3.6692820530267154,3.8947042467654
2026-03-29,7.0,IEX,4.06811,9669.18,16817.25,16296.2,6,3,1,0,False,True,False,1.0319737110295812,2.9423058333333336,3.7005725,3.4110520833333338,0.49905879020924704,3.6692820530267154,3.8947042467654
2026-03-29,8.0,IEX,3.40097,9599.23,16360.1,19429.88,6,3,1,0,False,True,False,0.842007258489498,2.9423058333333336,3.7005725,3.4110520833333338,0.49905879020924704,3.6692820530267154,3.8947042467654
2026-03-29,9.0,IEX,2.28672,9930.1,14581.78,30757.1,6,3,1,1,False,True,False,0.47409476170572173,2.9423058333333336,3.7005725,3.4110520833333338,0.49905879020924704,3.6692820530267154,3.8947042467654
2026-03-29,10.0,IEX,1.50412,9183.22,10825.6,39025.2,6,3,1,1,False,True,False,0.2774002438738558,2.9423058333333336,3.7005725,3.4110520833333338,0.49905879020924704,3.6692820530267154,3.8947042467654
2026-03-29,6.0,IEX,4.1082,10137.25,17191.95,16082.15,6,3,1,0,False,True,False,1.069008185429804,2.9423058333333336,3.7005725,3.4110520833333338,0.49905879020924704,3.6692820530267154,3.8947042467654
2026-03-30,14.0,IEX,1.54313,12909.09,13580.5,50576.13,0,3,0,1,False,False,True,0.2685159975133495,4.846465416666667,2.9423058333333336,3.7033986309523814,0.6561462859673074,3.8503871858944003,3.970845140357502
2026-03-30,15.0,IEX,1.65449,13079.12,13908.08,46527.6,0,3,0,1,False,False,True,0.2989210704401428,4.846465416666667,2.9423058333333336,3.7033986309523814,0.6561462859673074,3.8503871858944003,3.970845140357502
2026-03-30,16.0,IEX,2.14681,11726.37,14270.75,39406.6,0,3,0,1,False,False,True,0.36214111332565074,4.846465416666667,2.9423058333333336,3.7033986309523814,0.6561462859673074,3.8503871858944003,3.970845140357502
2026-03-30,17.0,IEX,2.82425,11075.44,16223.58,32420.35,0,3,0,1,False,False,True,0.5004134747155988,4.846465416666667,2.9423058333333336,3.7033986309523814,0.6561462859673074,3.8503871858944003,3.970845140357502
2026-03-30,18.0,IEX,3.33823,8308.7,15165.2,19150.65,0,3,0,1,True,False,False,0.7918895699143947,4.846465416666667,2.9423058333333336,3.7033986309523814,0.6561462859673074,3.8503871858944003,3.970845140357502
2026-03-30,20.0,IEX,10.0,6576.5,16909.23,8948.4,0,3,0,1,True,False,False,1.8896372514755295,4.846465416666667,2.9423058333333336,3.7033986309523814,0.6561462859673074,3.8503871858944003,3.970845140357502
2026-03-30,21.0,IEX,8.022689999999999,6624.68,15807.08,9194.38,0,3,0,1,True,False,False,1.7192110814223354,4.846465416666667,2.9423058333333336,3.7033986309523814,0.6561462859673074,3.8503871858944003,3.970845140357502
2026-03-30,22.0,IEX,9.07845,6356.33,16010.55,8758.83,0,3,0,1,True,False,False,1.8279324957466552,4.846465416666667,2.9423058333333336,3.7033986309523814,0.6561462859673074,3.8503871858944003,3.970845140357502
2026-03-30,23.0,IEX,10.0,5185.22,16455.05,7540.53,0,3,0,0,False,False,True,2.182213979412304,4.846465416666667,2.9423058333333336,3.7033986309523814,0.6561462859673074,3.8503871858944003,3.970845140357502
2026-03-30,13.0,IEX,1.7088599999999998,12752.59,13955.15,48259.98,0,3,0,1,False,False,True,0.2891660957403699,4.846465416666667,2.9423058333333336,3.7033986309523814,0.6561462859673074,3.8503871858944003,3.970845140357502
2026-03-30,19.0,IEX,8.6381,6985.8,16488.4,9730.5,0,3,0,1,True,False,False,1.6945069609017966,4.846465416666667,2.9423058333333336,3.7033986309523814,0.6561462859673074,3.8503871858944003,3.970845140357502
2026-03-30,24.0,IEX,10.0,4618.23,16176.73,6973.53,0,3,0,0,False,False,True,2.319733331154045,4.846465416666667,2.9423058333333336,3.7033986309523814,0.6561462859673074,3.8503871858944003,3.970845140357502
2026-03-30,12.0,IEX,1.82057,12015.02,13708.18,46241.9,0,3,0,1,False,False,True,0.29644499895193643,4.846465416666667,2.9423058333333336,3.7033986309523814,0.6561462859673074,3.8503871858944003,3.970845140357502
2026-03-30,10.0,IEX,2.13912,9589.73,13246.38,34045.8,0,3,0,1,False,True,False,0.3890753043285587,4.846465416666667,2.9423058333333336,3.7033986309523814,0.6561462859673074,3.8503871858944003,3.970845140357502
2026-03-30,9.0,IEX,2.84658,10140.28,15008.75,26177.13,0,3,0,1,False,True,False,0.5733535339537399,4.846465416666667,2.9423058333333336,3.7033986309523814,0.6561462859673074,3.8503871858944003,3.970845140357502
2026-03-30,8.0,IEX,4.30291,9695.08,16236.03,14875.33,0,3,0,0,False,True,False,1.0914736001880472,4.846465416666667,2.9423058333333336,3.7033986309523814,0.6561462859673074,3.8503871858944003,3.970845140357502
2026-03-30,7.0,IEX,5.65642,8718.2,16834.18,11631.05,0,3,0,0,False,True,False,1.447348260520462,4.846465416666667,2.9423058333333336,3.7033986309523814,0.6561462859673074,3.8503871858944003,3.970845140357502
2026-03-30,6.0,IEX,4.87849,8437.82,15870.4,11939.83,0,3,0,0,False,True,False,1.3291981532993367,4.846465416666667,2.9423058333333336,3.7033986309523814,0.6561462859673074,3.8503871858944003,3.970845140357502
2026-03-30,5.0,IEX,4.22024,10130.35,17426.8,15227.5,0,3,0,0,False,False,True,1.1444294853755184,4.846465416666667,2.9423058333333336,3.7033986309523814,0.6561462859673074,3.8503871858944003,3.970845140357502
2026-03-30,4.0,IEX,4.07224,9738.23,16958.83,15765.2,0,3,0,0,False,False,True,1.0757129620457002,4.846465416666667,2.9423058333333336,3.7033986309523814,0.6561462859673074,3.8503871858944003,3.970845140357502
2026-03-30,3.0,IEX,4.36029,9323.45,16563.78,14530.28,0,3,0,0,False,False,True,1.1399491261421326,4.846465416666667,2.9423058333333336,3.7033986309523814,0.6561462859673074,3.8503871858944003,3.970845140357502
2026-03-30,2.0,IEX,4.65266,8487.35,16238.8,12471.65,0,3,0,0,False,False,True,1.302057064380369,4.846465416666667,2.9423058333333336,3.7033986309523814,0.6561462859673074,3.8503871858944003,3.970845140357502
2026-03-30,1.0,IEX,6.6102,7936.85,16312.48,10799.35,0,3,0,0,False,False,True,1.5105057234828894,4.846465416666667,2.9423058333333336,3.7033986309523814,0.6561462859673074,3.8503871858944003,3.970845140357502
2026-03-30,11.0,IEX,1.80044,10468.07,12065.63,41457.98,0,3,0,1,False,False,True,0.29103275164611664,4.846465416666667,2.9423058333333336,3.7033986309523814,0.6561462859673074,3.8503871858944003,3.970845140357502
2026-03-31,15.0,IEX,1.92879,13783.84,14736.08,45537.78,1,3,0,1,False,False,True,0.323601194365733,6.483502916666667,4.846465416666667,4.201099226190476,1.160665906642106,4.255481913705518,4.171857762462235
2026-03-31,16.0,IEX,2.51387,13114.45,15582.75,37991.83,1,3,0,1,False,False,True,0.41016055283197445,6.483502916666667,4.846465416666667,4.201099226190476,1.160665906642106,4.255481913705518,4.171857762462235
2026-03-31,17.0,IEX,3.03093,13506.18,18058.93,31178.7,1,3,0,1,False,False,True,0.5792072791427457,6.483502916666667,4.846465416666667,4.201099226190476,1.160665906642106,4.255481913705518,4.171857762462235
2026-03-31,18.0,IEX,3.65799,11242.18,19093.9,19728.55,1,3,0,1,True,False,False,0.9678308841917775,6.483502916666667,4.846465416666667,4.201099226190476,1.160665906642106,4.255481913705518,4.171857762462235
2026-03-31,14.0,IEX,1.54584,13629.53,13958.5,50287.95,1,3,0,1,False,False,True,0.27757146587252585,6.483502916666667,4.846465416666667,4.201099226190476,1.160665906642106,4.255481913705518,4.171857762462235
2026-03-31,20.0,IEX,10.0,6824.52,20762.53,8948.63,1,3,0,1,True,False,False,2.320190909312162,6.483502916666667,4.846465416666667,4.201099226190476,1.160665906642106,4.255481913705518,4.171857762462235
2026-03-31,21.0,IEX,10.0,7242.08,18541.43,9349.58,1,3,0,1,True,False,False,1.98312972135312,6.483502916666667,4.846465416666667,4.201099226190476,1.160665906642106,4.255481913705518,4.171857762462235
2026-03-31,22.0,IEX,10.0,6731.48,18714.43,8838.98,1,3,0,1,True,False,False,2.1172612653074663,6.483502916666667,4.846465416666667,4.201099226190476,1.160665906642106,4.255481913705518,4.171857762462235
2026-03-31,23.0,IEX,10.0,5983.94,19041.58,8091.45,1,3,0,0,False,False,True,2.3532963778392055,6.483502916666667,4.846465416666667,4.201099226190476,1.160665906642106,4.255481913705518,4.171857762462235
2026-03-31,19.0,IEX,8.725200000000001,8289.5,20296.73,10607.9,1,3,0,1,True,False,False,1.9133598526443878,6.483502916666667,4.846465416666667,4.201099226190476,1.160665906642106,4.255481913705518,4.171857762462235
2026-03-31,13.0,IEX,1.87175,13585.55,14532.9,48123.78,1,3,0,1,False,False,True,0.30198999324201253,6.483502916666667,4.846465416666667,4.201099226190476,1.160665906642106,4.255481913705518,4.171857762462235
2026-03-31,24.0,IEX,10.0,5868.49,19062.8,7976.0,1,3,0,0,False,False,True,2.390020057184027,6.483502916666667,4.846465416666667,4.201099226190476,1.160665906642106,4.255481913705518,4.171857762462235
2026-03-31,11.0,IEX,2.01975,12390.76,14057.45,41452.68,1,3,0,1,False,False,True,0.3391204138455896,6.483502916666667,4.846465416666667,4.201099226190476,1.160665906642106,4.255481913705518,4.171857762462235
2026-03-31,1.0,IEX,10.0,8319.83,21394.65,10427.33,1,3,0,0,False,False,True,2.0517860257114853,6.483502916666667,4.846465416666667,4.201099226190476,1.160665906642106,4.255481913705518,4.171857762462235
2026-03-31,2.0,IEX,10.0,9918.65,21541.83,12026.15,1,3,0,0,False,False,True,1.791249068246073,6.483502916666667,4.846465416666667,4.201099226190476,1.160665906642106,4.255481913705518,4.171857762462235
2026-03-31,3.0,IEX,9.50075,11686.77,21642.8,13802.25,1,3,0,0,False,False,True,1.5680631769689266,6.483502916666667,4.846465416666667,4.201099226190476,1.160665906642106,4.255481913705518,4.171857762462235
2026-03-31,4.0,IEX,8.15546,12823.03,22049.4,15009.43,1,3,0,0,False,False,True,1.469036464763128,6.483502916666667,4.846465416666667,4.201099226190476,1.160665906642106,4.255481913705518,4.171857762462235
2026-03-31,5.0,IEX,8.87534,12425.88,22703.45,14574.9,1,3,0,0,False,False,True,1.5577087996777277,6.483502916666667,4.846465416666667,4.201099226190476,1.160665906642106,4.255481913705518,4.171857762462235
2026-03-31,12.0,IEX,1.88333,13424.27,14496.38,45896.65,1,3,0,1,False,False,True,0.3158483243731626,6.483502916666667,4.846465416666667,4.201099226190476,1.160665906642106,4.255481913705518,4.171857762462235
2026-03-31,7.0,IEX,10.0,9396.22,21220.88,11520.33,1,3,0,0,False,True,False,1.8420375094792967,6.483502916666667,4.846465416666667,4.201099226190476,1.160665906642106,4.255481913705518,4.171857762462235
2026-03-31,8.0,IEX,6.07983,11885.15,21022.23,15014.1,1,3,0,0,False,True,False,1.4001658431739725,6.483502916666667,4.846465416666667,4.201099226190476,1.160665906642106,4.255481913705518,4.171857762462235
2026-03-31,9.0,IEX,3.07029,12853.4,17848.63,26409.03,1,3,0,1,False,True,False,0.675853296892823,6.483502916666667,4.846465416666667,4.201099226190476,1.160665906642106,4.255481913705518,4.171857762462235
2026-03-31,10.0,IEX,2.74495,11848.55,16277.55,34481.38,1,3,0,1,False,True,False,0.4720678231346692,6.483502916666667,4.846465416666667,4.201099226190476,1.160665906642106,4.255481913705518,4.171857762462235
2026-03-31,6.0,IEX,10.0,9818.12,21043.85,11925.63,1,3,0,0,False,True,False,1.7645902130414997,6.483502916666667,4.846465416666667,4.201099226190476,1.160665906642106,4.255481913705518,4.171857762462235
2026-04-01,15.0,IEX,1.70299,8860.65,10038.15,41962.48,2,4,0,1,False,False,True,0.2392172721347219,5.115179583333333,6.483502916666667,4.4343232738095235,1.1562465000824513,4.387743093648258,4.247323508131923
2026-04-01,16.0,IEX,2.41171,9248.25,11681.6,34786.2,2,4,0,1,False,False,True,0.33581132738390185,5.115179583333333,6.483502916666667,4.4343232738095235,1.1562465000824513,4.387743093648258,4.247323508131923
2026-04-01,17.0,IEX,3.06103,9468.83,13642.05,27170.63,2,4,0,1,False,False,True,0.5020881000911321,5.115179583333333,6.483502916666667,4.4343232738095235,1.1562465000824513,4.387743093648258,4.247323508131923
2026-04-01,18.0,IEX,3.61844,7317.62,13223.63,16840.38,2,4,0,1,True,False,False,0.7852334681371599,5.115179583333333,6.483502916666667,4.4343232738095235,1.1562465000824513,4.387743093648258,4.247323508131923
2026-04-01,19.0,IEX,6.5376,7352.3,14312.7,11425.13,2,4,0,1,True,False,False,1.2527384797785774,5.115179583333333,6.483502916666667,4.4343232738095235,1.1562465000824513,4.387743093648258,4.247323508131923
2026-04-01,21.0,IEX,9.7497,6712.67,13337.0,8979.78,2,4,0,1,True,False,False,1.4852256942984954,5.115179583333333,6.483502916666667,4.4343232738095235,1.1562465000824513,4.387743093648258,4.247323508131923
2026-04-01,22.0,IEX,9.87488,6069.44,13210.13,8197.48,2,4,0,1,True,False,False,1.611486698825143,5.115179583333333,6.483502916666667,4.4343232738095235,1.1562465000824513,4.387743093648258,4.247323508131923
2026-04-01,23.0,IEX,10.0,4409.65,13469.2,6456.25,2,4,0,0,False,False,True,2.086226521454054,5.115179583333333,6.483502916666667,4.4343232738095235,1.1562465000824513,4.387743093648258,4.247323508131923
2026-04-01,24.0,IEX,10.0,4780.27,12822.88,5995.88,2,4,0,0,False,False,True,2.1386151788584575,5.115179583333333,6.483502916666667,4.4343232738095235,1.1562465000824513,4.387743093648258,4.247323508131923
2026-04-01,14.0,IEX,0.98377,8080.83,8597.88,46884.53,2,4,0,1,False,False,True,0.18338415673925187,5.115179583333333,6.483502916666667,4.4343232738095235,1.1562465000824513,4.387743093648258,4.247323508131923
2026-04-01,20.0,IEX,10.0,5710.09,15196.4,7909.4,2,4,0,1,True,False,False,1.9213088199846906,5.115179583333333,6.483502916666667,4.4343232738095235,1.1562465000824513,4.387743093648258,4.247323508131923
2026-04-01,13.0,IEX,0.99624,8342.24,8868.1,44776.88,2,4,0,1,False,False,True,0.19805086906500613,5.115179583333333,6.483502916666667,4.4343232738095235,1.1562465000824513,4.387743093648258,4.247323508131923
2026-04-01,12.0,IEX,1.3635,8099.73,8692.98,43495.15,2,4,0,1,False,False,True,0.19986090398587864,5.115179583333333,6.483502916666667,4.4343232738095235,1.1562465000824513,4.387743093648258,4.247323508131923
2026-04-01,11.0,IEX,1.7327,8206.21,9104.03,39330.58,2,4,0,1,False,False,True,0.2314745929931685,5.115179583333333,6.483502916666667,4.4343232738095235,1.1562465000824513,4.387743093648258,4.247323508131923
2026-04-01,2.0,IEX,5.33368,8473.55,14520.25,11459.88,2,4,0,0,False,False,True,1.2670507882569009,5.115179583333333,6.483502916666667,4.4343232738095235,1.1562465000824513,4.387743093648258,4.247323508131923
2026-04-01,3.0,IEX,4.76674,9253.4,15078.5,13553.25,2,4,0,0,False,False,True,1.112537582415629,5.115179583333333,6.483502916666667,4.4343232738095235,1.1562465000824513,4.387743093648258,4.247323508131923
2026-04-01,4.0,IEX,4.5428500000000005,9779.78,15689.3,14974.33,2,4,0,0,False,False,True,1.0477463759328487,5.115179583333333,6.483502916666667,4.4343232738095235,1.1562465000824513,4.387743093648258,4.247323508131923
2026-04-01,5.0,IEX,5.01765,10334.8,16340.6,14486.4,2,4,0,0,False,False,True,1.1279959126297798,5.115179583333333,6.483502916666667,4.4343232738095235,1.1562465000824513,4.387743093648258,4.247323508131923
2026-04-01,1.0,IEX,5.99942,7711.18,14004.25,8857.48,2,4,0,0,False,False,True,1.581064815747747,5.115179583333333,6.483502916666667,4.4343232738095235,1.1562465000824513,4.387743093648258,4.247323508131923
2026-04-01,7.0,IEX,7.6245,11372.51,17627.5,14141.25,2,4,0,0,False,True,False,1.2465305392051407,5.115179583333333,6.483502916666667,4.4343232738095235,1.1562465000824513,4.387743093648258,4.247323508131923
2026-04-01,8.0,IEX,4.33086,11204.25,17176.15,17750.23,2,4,0,0,False,True,False,0.9676578833245216,5.115179583333333,6.483502916666667,4.4343232738095235,1.1562465000824513,4.387743093648258,4.247323508131923
2026-04-01,9.0,IEX,2.88835,8802.95,13312.18,25972.78,2,4,0,1,False,True,False,0.5125435165151581,5.115179583333333,6.483502916666667,4.4343232738095235,1.1562465000824513,4.387743093648258,4.247323508131923
2026-04-01,10.0,IEX,2.10331,8126.06,11515.45,33440.95,2,4,0,1,False,True,False,0.3443517602387636,5.115179583333333,6.483502916666667,4.4343232738095235,1.1562465000824513,4.387743093648258,4.247323508131923
2026-04-01,6.0,IEX,8.12439,10423.2,16264.65,12730.43,2,4,0,0,False,True,False,1.277619843730636,5.115179583333333,6.483502916666667,4.4343232738095235,1.1562465000824513,4.387743093648258,4.247323508131923
2026-04-02,14.0,IEX,2.10679,10978.34,13519.4,49223.08,3,4,0,1,False,False,True,0.27465571023295254,5.60420625,5.115179583333333,4.660159345238095,1.2154664758910156,4.574891271548526,4.3558741274813695
2026-04-02,23.0,IEX,10.0,5531.82,14792.3,7520.53,3,4,0,0,False,False,True,1.966922541407424,5.60420625,5.115179583333333,4.660159345238095,1.2154664758910156,4.574891271548526,4.3558741274813695
2026-04-02,22.0,IEX,8.68534,6638.75,14148.05,9029.35,3,4,0,1,True,False,False,1.5668957327306,5.60420625,5.115179583333333,4.660159345238095,1.2154664758910156,4.574891271548526,4.3558741274813695
2026-04-02,21.0,IEX,8.12459,6765.73,13961.38,9774.85,3,4,0,1,True,False,False,1.4282960849237623,5.60420625,5.115179583333333,4.660159345238095,1.2154664758910156,4.574891271548526,4.3558741274813695
2026-04-02,20.0,IEX,10.0,5989.22,14952.85,8030.63,3,4,0,1,True,False,False,1.8619772024586152,5.60420625,5.115179583333333,4.660159345238095,1.2154664758910156,4.574891271548526,4.3558741274813695
2026-04-02,19.0,IEX,6.76263,7176.55,15098.38,10085.65,3,4,0,1,True,False,False,1.4970160559834853,5.60420625,5.115179583333333,4.660159345238095,1.2154664758910156,4.574891271548526,4.3558741274813695
2026-04-02,18.0,IEX,4.05372,7999.5,15908.3,14073.08,3,4,0,1,True,False,False,1.1304064205345195,5.60420625,5.115179583333333,4.660159345238095,1.2154664758910156,4.574891271548526,4.3558741274813695
2026-04-02,17.0,IEX,3.42855,10183.12,15970.25,23164.65,3,4,0,1,False,False,True,0.6894233236032388,5.60420625,5.115179583333333,4.660159345238095,1.2154664758910156,4.574891271548526,4.3558741274813695
2026-04-02,16.0,IEX,3.07622,11870.86,14782.1,33344.03,3,4,0,1,False,False,True,0.4433207382421019,5.60420625,5.115179583333333,4.660159345238095,1.2154664758910156,4.574891271548526,4.3558741274813695
2026-04-02,15.0,IEX,2.67637,11515.13,14674.58,42677.13,3,4,0,1,False,False,True,0.3438511445488834,5.60420625,5.115179583333333,4.660159345238095,1.2154664758910156,4.574891271548526,4.3558741274813695
2026-04-02,13.0,IEX,2.34419,10861.13,14091.4,47666.88,3,4,0,1,False,False,True,0.2956224530962332,5.60420625,5.115179583333333,4.660159345238095,1.2154664758910156,4.574891271548526,4.3558741274813695
2026-04-02,24.0,IEX,10.0,6173.3,14608.9,7371.73,3,4,0,0,False,False,True,1.9817464801590041,5.60420625,5.115179583333333,4.660159345238095,1.2154664758910156,4.574891271548526,4.3558741274813695
2026-04-02,11.0,IEX,2.37819,9568.54,12644.38,38330.23,3,4,0,1,False,False,True,0.3298800971635494,5.60420625,5.115179583333333,4.660159345238095,1.2154664758910156,4.574891271548526,4.3558741274813695
2026-04-02,1.0,IEX,9.00032,8908.2,16766.7,9441.13,3,4,0,0,False,False,True,1.775920888944522,5.60420625,5.115179583333333,4.660159345238095,1.2154664758910156,4.574891271548526,4.3558741274813695
2026-04-02,2.0,IEX,5.559279999999999,9439.88,16603.5,11297.53,3,4,0,0,False,False,True,1.4696575256098832,5.60420625,5.115179583333333,4.660159345238095,1.2154664758910156,4.574891271548526,4.3558741274813695
2026-04-02,3.0,IEX,4.847390000000001,10126.13,17000.45,13123.25,3,4,0,0,False,False,True,1.2954451059795058,5.60420625,5.115179583333333,4.660159345238095,1.2154664758910156,4.574891271548526,4.3558741274813695
2026-04-02,4.0,IEX,4.55905,10576.43,17605.95,14312.43,3,4,0,0,False,False,True,1.2301160590968019,5.60420625,5.115179583333333,4.660159345238095,1.2154664758910156,4.574891271548526,4.3558741274813695
2026-04-02,5.0,IEX,5.47432,10425.51,17628.13,13374.25,3,4,0,0,False,False,True,1.3180649372353106,5.60420625,5.115179583333333,4.660159345238095,1.2154664758910156,4.574891271548526,4.3558741274813695
2026-04-02,12.0,IEX,2.49868,10194.12,13722.55,43423.85,3,4,0,1,False,False,True,0.31601412580505545,5.60420625,5.115179583333333,4.660159345238095,1.2154664758910156,4.574891271548526,4.3558741274813695
2026-04-02,7.0,IEX,7.837350000000001,11656.22,19531.08,13838.18,3,4,0,0,False,True,False,1.411390803262141,5.60420625,5.115179583333333,4.660159345238095,1.2154664758910156,4.574891271548526,4.3558741274813695
2026-04-02,8.0,IEX,4.87096,12224.6,19425.4,16735.48,3,4,0,0,False,True,False,1.1607315707940666,5.60420625,5.115179583333333,4.660159345238095,1.2154664758910156,4.574891271548526,4.3558741274813695
2026-04-02,9.0,IEX,3.3601300000000003,9742.98,15452.2,21776.25,3,4,0,1,False,True,False,0.7095895754734679,5.60420625,5.115179583333333,4.660159345238095,1.2154664758910156,4.574891271548526,4.3558741274813695
2026-04-02,10.0,IEX,2.8568800000000003,9706.85,14200.05,32022.2,3,4,0,1,False,True,False,0.44344392313974557,5.60420625,5.115179583333333,4.660159345238095,1.2154664758910156,4.574891271548526,4.3558741274813695
2026-04-02,6.0,IEX,10.0,10034.19,17746.93,11684.9,3,4,0,0,False,True,False,1.5187917726991316,5.60420625,5.115179583333333,4.660159345238095,1.2154664758910156,4.574891271548526,4.3558741274813695
2026-04-03,14.0,IEX,1.54543,11413.95,12020.95,51921.0,4,4,0,1,False,False,True,0.23152385350214288,4.454741666666666,5.60420625,4.735282023809524,1.178422661436664,4.556406716951317,4.363783530616193
2026-04-03,23.0,IEX,7.52746,6180.85,14804.1,8702.43,4,4,0,0,False,False,True,1.701145540152411,4.454741666666666,5.60420625,4.735282023809524,1.178422661436664,4.556406716951317,4.363783530616193
2026-04-03,22.0,IEX,5.46571,6757.08,14512.53,10241.48,4,4,0,1,True,False,False,1.4170344506682293,4.454741666666666,5.60420625,4.735282023809524,1.178422661436664,4.556406716951317,4.363783530616193
2026-04-03,21.0,IEX,5.5288900000000005,7527.11,15294.6,11417.55,4,4,0,1,True,False,False,1.339569346015941,4.454741666666666,5.60420625,4.735282023809524,1.178422661436664,4.556406716951317,4.363783530616193
2026-04-03,20.0,IEX,9.01224,6588.2,15458.68,9177.43,4,4,0,1,True,False,False,1.6844236331037952,4.454741666666666,5.60420625,4.735282023809524,1.178422661436664,4.556406716951317,4.363783530616193
2026-04-03,19.0,IEX,4.5521,7142.93,14338.7,11844.05,4,4,0,1,True,False,False,1.21062474304767,4.454741666666666,5.60420625,4.735282023809524,1.178422661436664,4.556406716951317,4.363783530616193
2026-04-03,18.0,IEX,3.49618,7477.8,14182.35,15896.83,4,4,0,1,True,False,False,0.8921495663650241,4.454741666666666,5.60420625,4.735282023809524,1.178422661436664,4.556406716951317,4.363783530616193
2026-04-03,17.0,IEX,2.99281,9715.33,15127.33,26624.0,4,4,0,1,False,False,True,0.5681839691375511,4.454741666666666,5.60420625,4.735282023809524,1.178422661436664,4.556406716951317,4.363783530616193
2026-04-03,16.0,IEX,2.51929,10565.79,14127.73,37697.25,4,4,0,1,False,False,True,0.3747681859088479,4.454741666666666,5.60420625,4.735282023809524,1.178422661436664,4.556406716951317,4.363783530616193
2026-04-03,15.0,IEX,1.93039,11895.03,13217.45,46600.03,4,4,0,1,False,False,True,0.2836360834352175,4.454741666666666,5.60420625,4.735282023809524,1.178422661436664,4.556406716951317,4.363783530616193
2026-04-03,13.0,IEX,1.70718,11743.5,12436.7,51362.6,4,4,0,1,False,False,True,0.24213532799310486,4.454741666666666,5.60420625,4.735282023809524,1.178422661436664,4.556406716951317,4.363783530616193
2026-04-03,24.0,IEX,6.05463,6214.54,14585.7,8266.43,4,4,0,0,False,False,True,1.7644497059015203,4.454741666666666,5.60420625,4.735282023809524,1.178422661436664,4.556406716951317,4.363783530616193
2026-04-03,11.0,IEX,1.96167,10504.03,11327.15,43555.88,4,4,0,1,False,False,True,0.2600601801042568,4.454741666666666,5.60420625,4.735282023809524,1.178422661436664,4.556406716951317,4.363783530616193
2026-04-03,1.0,IEX,5.29444,7236.53,14900.55,9730.4,4,4,0,0,False,False,True,1.5313399227869975,4.454741666666666,5.60420625,4.735282023809524,1.178422661436664,4.556406716951317,4.363783530616193
2026-04-03,2.0,IEX,4.69951,7463.65,14943.28,11202.33,4,4,0,0,False,False,True,1.333943919404317,4.454741666666666,5.60420625,4.735282023809524,1.178422661436664,4.556406716951317,4.363783530616193
2026-04-03,3.0,IEX,4.65088,8594.73,15963.78,12801.23,4,4,0,0,False,False,True,1.2470504777688938,4.454741666666666,5.60420625,4.735282023809524,1.178422661436664,4.556406716951317,4.363783530616193
2026-04-03,4.0,IEX,4.56313,8648.68,16134.6,13709.5,4,4,0,0,False,False,True,1.1768919353901368,4.454741666666666,5.60420625,4.735282023809524,1.178422661436664,4.556406716951317,4.363783530616193
2026-04-03,5.0,IEX,4.50476,8163.78,15678.0,13090.93,4,4,0,0,False,False,True,1.197623086214942,4.454741666666666,5.60420625,4.735282023809524,1.178422661436664,4.556406716951317,4.363783530616193
2026-04-03,12.0,IEX,1.90785,11333.95,12099.25,48888.4,4,4,0,1,False,False,True,0.2474871339116258,4.454741666666666,5.60420625,4.735282023809524,1.178422661436664,4.556406716951317,4.363783530616193
2026-04-03,7.0,IEX,9.9595,9318.76,18203.5,11204.68,4,4,0,0,False,True,False,1.624633633781033,4.454741666666666,5.60420625,4.735282023809524,1.178422661436664,4.556406716951317,4.363783530616193
2026-04-03,8.0,IEX,5.56789,10284.05,17526.33,15206.85,4,4,0,0,False,True,False,1.1525286294317834,4.454741666666666,5.60420625,4.735282023809524,1.178422661436664,4.556406716951317,4.363783530616193
2026-04-03,9.0,IEX,2.90199,8500.3,13798.23,23265.63,4,4,0,1,False,True,False,0.5930735593263223,4.454741666666666,5.60420625,4.735282023809524,1.178422661436664,4.556406716951317,4.363783530616193
2026-04-03,10.0,IEX,2.27537,9256.9,12944.53,33870.1,4,4,0,1,False,True,False,0.38218162911175885,4.454741666666666,5.60420625,4.735282023809524,1.178422661436664,4.556406716951317,4.363783530616193
2026-04-03,6.0,IEX,6.2945,8075.2,15488.78,10984.55,4,4,0,0,False,True,False,1.4100513890782498,4.454741666666666,5.60420625,4.735282023809524,1.178422661436664,4.556406716951317,4.363783530616193
2026-04-04,14.0,IEX,1.54535,12048.43,12609.8,49738.18,5,4,1,1,False,False,True,0.25352355067002375,4.4668875,4.454741666666666,4.844755595238095,1.0992118688545558,4.542634529728038,4.372031848166898
2026-04-04,15.0,IEX,1.67783,12393.85,13069.2,45112.73,5,4,1,1,False,False,True,0.28970093357469145,4.4668875,4.454741666666666,4.844755595238095,1.0992118688545558,4.542634529728038,4.372031848166898
2026-04-04,16.0,IEX,2.13444,12202.63,14118.78,39812.7,5,4,1,1,False,False,True,0.35463005514455687,4.4668875,4.454741666666666,4.844755595238095,1.0992118688545558,4.542634529728038,4.372031848166898
2026-04-04,17.0,IEX,2.86077,10161.5,15384.8,29518.53,5,4,1,1,False,False,True,0.5211912651066326,4.4668875,4.454741666666666,4.844755595238095,1.0992118688545558,4.542634529728038,4.372031848166898
2026-04-04,18.0,IEX,3.59389,8284.43,15260.83,18605.28,5,4,1,1,True,False,False,0.8202418878833095,4.4668875,4.454741666666666,4.844755595238095,1.0992118688545558,4.542634529728038,4.372031848166898
2026-04-04,20.0,IEX,10.0,6976.42,16512.08,9485.93,5,4,1,1,True,False,False,1.7406917384582308,4.4668875,4.454741666666666,4.844755595238095,1.0992118688545558,4.542634529728038,4.372031848166898
2026-04-04,21.0,IEX,5.72132,8074.42,15640.48,11864.28,5,4,1,1,True,False,False,1.3182831142570108,4.4668875,4.454741666666666,4.844755595238095,1.0992118688545558,4.542634529728038,4.372031848166898
2026-04-04,22.0,IEX,5.014600000000001,7709.68,14596.03,12051.33,5,4,1,1,True,False,False,1.2111551163140044,4.4668875,4.454741666666666,4.844755595238095,1.0992118688545558,4.542634529728038,4.372031848166898
2026-04-04,23.0,IEX,5.43684,7235.31,15193.0,10994.18,5,4,1,0,False,False,True,1.3819129745175056,4.4668875,4.454741666666666,4.844755595238095,1.0992118688545558,4.542634529728038,4.372031848166898
2026-04-04,13.0,IEX,1.54566,12052.98,12614.23,49239.93,5,4,1,1,False,False,True,0.2561788775377668,4.4668875,4.454741666666666,4.844755595238095,1.0992118688545558,4.542634529728038,4.372031848166898
2026-04-04,19.0,IEX,7.333069999999999,8977.45,17060.05,12650.98,5,4,1,1,True,False,False,1.3485160822730602,4.4668875,4.454741666666666,4.844755595238095,1.0992118688545558,4.542634529728038,4.372031848166898
2026-04-04,24.0,IEX,6.81504,7502.6,15746.95,9712.95,5,4,1,0,False,False,True,1.621232476620149,4.4668875,4.454741666666666,4.844755595238095,1.0992118688545558,4.542634529728038,4.372031848166898
2026-04-04,12.0,IEX,1.65026,11987.25,12463.75,48133.13,5,4,1,1,False,False,True,0.25894326833535586,4.4668875,4.454741666666666,4.844755595238095,1.0992118688545558,4.542634529728038,4.372031848166898
2026-04-04,10.0,IEX,2.1977800000000003,11428.29,14788.98,40859.65,5,4,1,1,False,True,False,0.3619458315570628,4.4668875,4.454741666666666,4.844755595238095,1.0992118688545558,4.542634529728038,4.372031848166898
2026-04-04,9.0,IEX,2.7270700000000003,9888.95,14606.1,29996.08,5,4,1,1,False,True,False,0.4869336258314641,4.4668875,4.454741666666666,4.844755595238095,1.0992118688545558,4.542634529728038,4.372031848166898
2026-04-04,8.0,IEX,4.44024,11729.6,18774.28,18798.35,5,4,1,0,False,True,False,0.9987195679414845,4.4668875,4.454741666666666,4.844755595238095,1.0992118688545558,4.542634529728038,4.372031848166898
2026-04-04,7.0,IEX,5.80672,11775.01,19658.53,15311.78,5,4,1,0,False,True,False,1.2838827351987274,4.4668875,4.454741666666666,4.844755595238095,1.0992118688545558,4.542634529728038,4.372031848166898
2026-04-04,6.0,IEX,5.831600000000001,10611.76,17753.38,14301.8,5,4,1,0,False,True,False,1.2413388515841792,4.4668875,4.454741666666666,4.844755595238095,1.0992118688545558,4.542634529728038,4.372031848166898
2026-04-04,5.0,IEX,4.39136,9178.25,16179.03,15232.25,5,4,1,0,False,False,True,1.0621562795633237,4.4668875,4.454741666666666,4.844755595238095,1.0992118688545558,4.542634529728038,4.372031848166898
2026-04-04,4.0,IEX,4.494,9582.42,16682.65,15493.48,5,4,1,0,False,False,True,1.0767529302153211,4.4668875,4.454741666666666,4.844755595238095,1.0992118688545558,4.542634529728038,4.372031848166898
2026-04-04,3.0,IEX,4.884600000000001,9520.87,16573.63,13633.05,5,4,1,0,False,False,True,1.215694946313778,4.4668875,4.454741666666666,4.844755595238095,1.0992118688545558,4.542634529728038,4.372031848166898
2026-04-04,2.0,IEX,5.90695,9658.12,17037.03,11560.28,5,4,1,0,False,False,True,1.473755824708609,4.4668875,4.454741666666666,4.844755595238095,1.0992118688545558,4.542634529728038,4.372031848166898
2026-04-04,1.0,IEX,9.25599,9594.15,17393.03,10169.35,5,4,1,0,False,False,True,1.710338417194473,4.4668875,4.454741666666666,4.844755595238095,1.0992118688545558,4.542634529728038,4.372031848166898
2026-04-04,11.0,IEX,1.93992,11540.57,12591.45,45811.85,5,4,1,1,False,False,True,0.2748513757303293,4.4668875,4.454741666666666,4.844755595238095,1.0992118688545558,4.542634529728038,4.372031848166898
2026-04-05,15.0,IEX,1.24311,10360.48,10792.68,50806.45,6,4,1,1,False,False,True,0.21242735908286697,3.2380645833333332,4.4668875,4.887006845238095,1.0164681606804415,4.34193146105193,4.281314466980214
2026-04-05,16.0,IEX,1.64383,10378.78,11103.33,42849.53,6,4,1,1,False,False,True,0.2591237289512572,3.2380645833333332,4.4668875,4.887006845238095,1.0164681606804415,4.34193146105193,4.281314466980214
2026-04-05,17.0,IEX,2.2496,8297.87,11139.8,31307.28,6,4,1,1,False,False,True,0.35582139350469877,3.2380645833333332,4.4668875,4.887006845238095,1.0164681606804415,4.34193146105193,4.281314466980214
2026-04-05,18.0,IEX,3.0626100000000003,6655.45,11235.4,20283.23,6,4,1,1,True,False,False,0.5539255825852561,3.2380645833333332,4.4668875,4.887006845238095,1.0164681606804415,4.34193146105193,4.281314466980214
2026-04-05,14.0,IEX,0.98335,9567.7,9796.1,56001.2,6,4,1,1,False,False,True,0.1749266086842913,3.2380645833333332,4.4668875,4.887006845238095,1.0164681606804415,4.34193146105193,4.281314466980214
2026-04-05,20.0,IEX,5.03869,7794.63,13409.1,13033.85,6,4,1,1,True,False,False,1.028790418004818,3.2380645833333332,4.4668875,4.887006845238095,1.0164681606804415,4.34193146105193,4.281314466980214
2026-04-05,21.0,IEX,4.48556,7436.77,13037.63,13898.53,6,4,1,1,True,False,False,0.9380581968466749,3.2380645833333332,4.4668875,4.887006845238095,1.0164681606804415,4.34193146105193,4.281314466980214
2026-04-05,22.0,IEX,4.39231,7090.94,12545.3,13389.43,6,4,1,1,True,False,False,0.9369554932981049,3.2380645833333332,4.4668875,4.887006845238095,1.0164681606804415,4.34193146105193,4.281314466980214
2026-04-05,23.0,IEX,4.16123,6264.61,12490.23,12805.9,6,4,1,0,False,False,True,0.9753496427620475,3.2380645833333332,4.4668875,4.887006845238095,1.0164681606804415,4.34193146105193,4.281314466980214
2026-04-05,19.0,IEX,4.570939999999999,7900.57,13343.13,15088.15,6,4,1,1,True,False,False,0.8843449986351243,3.2380645833333332,4.4668875,4.887006845238095,1.0164681606804415,4.34193146105193,4.281314466980214
2026-04-05,13.0,IEX,0.98338,9387.73,9741.63,54775.65,6,4,1,1,False,False,True,0.1778459954052857,3.2380645833333332,4.4668875,4.887006845238095,1.0164681606804415,4.34193146105193,4.281314466980214
2026-04-05,24.0,IEX,4.47582,5364.03,11892.7,10884.3,6,4,1,0,False,False,True,1.0926472064417123,3.2380645833333332,4.4668875,4.887006845238095,1.0164681606804415,4.34193146105193,4.281314466980214
2026-04-05,11.0,IEX,0.5277000000000001,8213.85,8275.93,50465.78,6,4,1,1,False,False,True,0.16399092609606133,3.2380645833333332,4.4668875,4.887006845238095,1.0164681606804415,4.34193146105193,4.281314466980214
2026-04-05,1.0,IEX,4.89477,7632.32,13919.3,11166.48,6,4,1,0,False,False,True,1.2465253139337327,3.2380645833333332,4.4668875,4.887006845238095,1.0164681606804415,4.34193146105193,4.281314466980214
2026-04-05,2.0,IEX,4.62647,8010.45,14135.15,12426.3,6,4,1,0,False,False,True,1.137518809993708,3.2380645833333332,4.4668875,4.887006845238095,1.0164681606804415,4.34193146105193,4.281314466980214
2026-04-05,3.0,IEX,4.5004,8469.18,14253.55,14186.83,6,4,1,0,False,False,True,1.0047029526647582,3.2380645833333332,4.4668875,4.887006845238095,1.0164681606804415,4.34193146105193,4.281314466980214
2026-04-05,4.0,IEX,4.31472,8646.93,14453.8,15730.58,6,4,1,0,False,False,True,0.9188345242713017,3.2380645833333332,4.4668875,4.887006845238095,1.0164681606804415,4.34193146105193,4.281314466980214
2026-04-05,5.0,IEX,4.24869,8303.55,14100.65,15262.7,6,4,1,0,False,False,True,0.9238634049520311,3.2380645833333332,4.4668875,4.887006845238095,1.0164681606804415,4.34193146105193,4.281314466980214
2026-04-05,12.0,IEX,0.75427,8864.4,9104.4,53707.93,6,4,1,1,False,False,True,0.16951686647213607,3.2380645833333332,4.4668875,4.887006845238095,1.0164681606804415,4.34193146105193,4.281314466980214
2026-04-05,7.0,IEX,4.89484,10274.27,16088.88,14695.2,6,4,1,0,False,True,False,1.0948391303998317,3.2380645833333332,4.4668875,4.887006845238095,1.0164681606804415,4.34193146105193,4.281314466980214
2026-04-05,8.0,IEX,3.67352,9049.83,14003.2,18779.15,6,4,1,0,False,True,False,0.7456780521239363,3.2380645833333332,4.4668875,4.887006845238095,1.0164681606804415,4.34193146105193,4.281314466980214
2026-04-05,9.0,IEX,1.95279,7280.73,9460.83,29812.03,6,4,1,1,False,True,False,0.3173494054858561,3.2380645833333332,4.4668875,4.887006845238095,1.0164681606804415,4.34193146105193,4.281314466980214
2026-04-05,10.0,IEX,1.25937,8163.58,9633.98,42680.65,6,4,1,1,False,True,False,0.22572242919783964,3.2380645833333332,4.4668875,4.887006845238095,1.0164681606804415,4.34193146105193,4.281314466980214
2026-04-05,6.0,IEX,4.77558,9079.3,15146.15,13877.9,6,4,1,0,False,True,False,1.0913863040579725,3.2380645833333332,4.4668875,4.887006845238095,1.0164681606804415,4.34193146105193,4.281314466980214
2026-04-06,23.0,IEX,3.85894,4867.5,12982.6,10758.35,0,4,0,0,False,False,True,1.2067463865678785,3.1084979166666664,3.2380645833333332,4.638725773809524,1.2199174219752271,4.152172454223428,4.18748914295513
2026-04-06,22.0,IEX,3.90189,5806.73,12866.65,11584.35,0,4,0,1,True,False,False,1.1106924418627782,3.1084979166666664,3.2380645833333332,4.638725773809524,1.2199174219752271,4.152172454223428,4.18748914295513
2026-04-06,21.0,IEX,4.22582,6249.69,13713.78,11669.75,0,4,0,1,True,False,False,1.175156279118956,3.1084979166666664,3.2380645833333332,4.638725773809524,1.2199174219752271,4.152172454223428,4.18748914295513
2026-04-06,20.0,IEX,5.2493,6182.93,14771.6,10291.45,0,4,0,1,True,False,False,1.4353273820158214,3.1084979166666664,3.2380645833333332,4.638725773809524,1.2199174219752271,4.152172454223428,4.18748914295513
2026-04-06,19.0,IEX,4.3199,6998.15,14937.7,13540.63,0,4,0,1,True,False,False,1.1031761438698378,3.1084979166666664,3.2380645833333332,4.638725773809524,1.2199174219752271,4.152172454223428,4.18748914295513
2026-04-06,18.0,IEX,2.92482,6828.24,13794.65,20785.83,0,4,0,1,True,False,False,0.6636564425555022,3.1084979166666664,3.2380645833333332,4.638725773809524,1.2199174219752271,4.152172454223428,4.18748914295513
2026-04-06,17.0,IEX,2.29966,9188.65,13065.38,31614.95,0,4,0,1,False,False,True,0.41326587566538425,3.1084979166666664,3.2380645833333332,4.638725773809524,1.2199174219752271,4.152172454223428,4.18748914295513
2026-04-06,16.0,IEX,1.63323,10654.45,11499.7,41368.5,0,4,0,1,False,False,True,0.27798203940728283,3.1084979166666664,3.2380645833333332,4.638725773809524,1.2199174219752271,4.152172454223428,4.18748914295513
2026-04-06,15.0,IEX,1.26447,9652.33,10273.55,46352.9,0,4,0,1,False,False,True,0.22163769683846363,3.1084979166666664,3.2380645833333332,4.638725773809524,1.2199174219752271,4.152172454223428,4.18748914295513
2026-04-06,14.0,IEX,0.98357,9672.23,10083.13,51490.68,0,4,0,1,False,False,True,0.19582437050825033,3.1084979166666664,3.2380645833333332,4.638725773809524,1.2199174219752271,4.152172454223428,4.18748914295513
2026-04-06,13.0,IEX,0.98377,9865.3,10375.95,50691.85,0,4,0,1,False,False,True,0.20468674940751092,3.1084979166666664,3.2380645833333332,4.638725773809524,1.2199174219752271,4.152172454223428,4.18748914295513
2026-04-06,24.0,IEX,4.1832,4547.95,12854.23,9462.78,0,4,0,0,False,False,True,1.3583989045942113,3.1084979166666664,3.2380645833333332,4.638725773809524,1.2199174219752271,4.152172454223428,4.18748914295513
2026-04-06,11.0,IEX,0.98342,8127.48,8863.38,47639.05,0,4,0,1,False,False,True,0.1860528284703299,3.1084979166666664,3.2380645833333332,4.638725773809524,1.2199174219752271,4.152172454223428,4.18748914295513
2026-04-06,1.0,IEX,4.387989999999999,5892.3,13659.48,10110.1,0,4,0,0,False,False,True,1.3510726883501916,3.1084979166666664,3.2380645833333332,4.638725773809524,1.2199174219752271,4.152172454223428,4.18748914295513
2026-04-06,2.0,IEX,4.17012,6498.13,14259.03,12422.85,0,4,0,0,False,False,True,1.1478066617983742,3.1084979166666664,3.2380645833333332,4.638725773809524,1.2199174219752271,4.152172454223428,4.18748914295513
2026-04-06,3.0,IEX,3.92236,7080.98,14682.35,14683.73,0,4,0,0,False,False,True,0.9999060177489603,3.1084979166666664,3.2380645833333332,4.638725773809524,1.2199174219752271,4.152172454223428,4.18748914295513
2026-04-06,4.0,IEX,3.84932,7422.88,15001.0,15946.7,0,4,0,0,False,False,True,0.9406961936070183,3.1084979166666664,3.2380645833333332,4.638725773809524,1.2199174219752271,4.152172454223428,4.18748914295513
2026-04-06,5.0,IEX,3.90116,7886.55,15453.43,16097.55,0,4,0,0,False,False,True,0.9599864569701686,3.1084979166666664,3.2380645833333332,4.638725773809524,1.2199174219752271,4.152172454223428,4.18748914295513
2026-04-06,12.0,IEX,0.9835,8757.13,9380.53,49402.33,0,4,0,1,False,False,True,0.18988031532320837,3.1084979166666664,3.2380645833333332,4.638725773809524,1.2199174219752271,4.152172454223428,4.18748914295513
2026-04-06,7.0,IEX,5.12863,10194.5,19376.03,14849.98,0,4,0,0,False,True,False,1.3047849213906113,3.1084979166666664,3.2380645833333332,4.638725773809524,1.2199174219752271,4.152172454223428,4.18748914295513
2026-04-06,8.0,IEX,3.81109,9154.27,17201.15,18320.85,0,4,0,0,False,True,False,0.9388838394840395,3.1084979166666664,3.2380645833333332,4.638725773809524,1.2199174219752271,4.152172454223428,4.18748914295513
2026-04-06,9.0,IEX,2.16545,7745.08,11473.0,30128.35,0,4,0,1,False,True,False,0.38080412621972193,3.1084979166666664,3.2380645833333332,4.638725773809524,1.2199174219752271,4.152172454223428,4.18748914295513
2026-04-06,10.0,IEX,1.31354,9060.59,10841.65,42603.4,0,4,0,1,False,True,False,0.2544785157394765,3.1084979166666664,3.2380645833333332,4.638725773809524,1.2199174219752271,4.152172454223428,4.18748914295513
2026-04-06,6.0,IEX,4.1588,8020.07,16012.08,14910.48,0,4,0,0,False,True,False,1.0738809206183295,3.1084979166666664,3.2380645833333332,4.638725773809524,1.2199174219752271,4.152172454223428,4.18748914295513
2026-04-07,14.0,IEX,0.89116,8705.58,9233.38,55339.53,1,4,0,1,False,False,True,0.1668496280747506,2.712215,3.1084979166666664,4.0999703571428565,1.0958733473440532,3.9306405381890546,4.069467211518719
2026-04-07,15.0,IEX,0.9878,9913.47,10339.18,51543.13,1,4,0,1,False,False,True,0.20059278507133874,2.712215,3.1084979166666664,4.0999703571428565,1.0958733473440532,3.9306405381890546,4.069467211518719
2026-04-07,16.0,IEX,1.6986,11636.28,12371.95,45443.65,1,4,0,1,False,False,True,0.2722481578235357,2.712215,3.1084979166666664,4.0999703571428565,1.0958733473440532,3.9306405381890546,4.069467211518719
2026-04-07,17.0,IEX,2.08479,9419.34,12384.5,36173.6,1,4,0,1,False,False,True,0.34236293862309447,2.712215,3.1084979166666664,4.0999703571428565,1.0958733473440532,3.9306405381890546,4.069467211518719
2026-04-07,18.0,IEX,2.3266,6290.45,10891.58,25032.05,1,4,0,1,True,False,False,0.4351053947099397,2.712215,3.1084979166666664,4.0999703571428565,1.0958733473440532,3.9306405381890546,4.069467211518719
2026-04-07,20.0,IEX,4.38636,6023.85,12984.13,12646.83,1,4,0,1,True,False,False,1.0266707143002074,2.712215,3.1084979166666664,4.0999703571428565,1.0958733473440532,3.9306405381890546,4.069467211518719
2026-04-07,21.0,IEX,3.69967,5444.7,11386.83,13468.43,1,4,0,1,True,False,False,0.8454459793417303,2.712215,3.1084979166666664,4.0999703571428565,1.0958733473440532,3.9306405381890546,4.069467211518719
2026-04-07,22.0,IEX,3.55127,5385.1,11068.68,14361.75,1,4,0,1,True,False,False,0.7707055193338518,2.712215,3.1084979166666664,4.0999703571428565,1.0958733473440532,3.9306405381890546,4.069467211518719
2026-04-07,23.0,IEX,3.31974,4727.55,11010.45,13304.8,1,4,0,0,False,False,True,0.8275547164725854,2.712215,3.1084979166666664,4.0999703571428565,1.0958733473440532,3.9306405381890546,4.069467211518719
2026-04-07,13.0,IEX,0.98306,8711.6,9320.9,54348.8,1,4,0,1,False,False,True,0.17150148666180273,2.712215,3.1084979166666664,4.0999703571428565,1.0958733473440532,3.9306405381890546,4.069467211518719
2026-04-07,19.0,IEX,3.63305,6208.83,12364.83,16443.33,1,4,0,1,True,False,False,0.7519662983398336,2.712215,3.1084979166666664,4.0999703571428565,1.0958733473440532,3.9306405381890546,4.069467211518719
2026-04-07,24.0,IEX,3.38857,4646.92,11009.2,11926.38,1,4,0,0,False,False,True,0.9230965297742514,2.712215,3.1084979166666664,4.0999703571428565,1.0958733473440532,3.9306405381890546,4.069467211518719
2026-04-07,12.0,IEX,0.8624400000000001,8727.5,9406.9,54002.88,1,4,0,1,False,False,True,0.17419256154964466,2.712215,3.1084979166666664,4.0999703571428565,1.0958733473440532,3.9306405381890546,4.069467211518719
2026-04-07,10.0,IEX,1.45309,9563.93,11283.58,45357.58,1,4,0,1,False,True,False,0.24876944487585767,2.712215,3.1084979166666664,4.0999703571428565,1.0958733473440532,3.9306405381890546,4.069467211518719
2026-04-07,11.0,IEX,0.7420399999999999,9028.78,9540.35,52566.3,1,4,0,1,False,False,True,0.1814917541882362,2.712215,3.1084979166666664,4.0999703571428565,1.0958733473440532,3.9306405381890546,4.069467211518719
2026-04-07,1.0,IEX,3.51856,5397.18,12121.98,12127.58,1,4,0,0,False,False,True,0.9995382417600723,2.712215,3.1084979166666664,4.0999703571428565,1.0958733473440532,3.9306405381890546,4.069467211518719
2026-04-07,2.0,IEX,3.48634,6311.58,12909.65,14407.1,1,4,0,0,False,False,True,0.8960616634186882,2.712215,3.1084979166666664,4.0999703571428565,1.0958733473440532,3.9306405381890546,4.069467211518719
2026-04-07,3.0,IEX,3.49647,6992.05,13613.68,16467.25,1,4,0,0,False,False,True,0.8267124135318815,2.712215,3.1084979166666664,4.0999703571428565,1.0958733473440532,3.9306405381890546,4.069467211518719
2026-04-07,4.0,IEX,3.49377,7599.47,14282.2,18135.0,1,4,0,0,False,False,True,0.7875489380824103,2.712215,3.1084979166666664,4.0999703571428565,1.0958733473440532,3.9306405381890546,4.069467211518719
2026-04-07,6.0,IEX,3.70319,7204.48,13957.98,15875.6,1,4,0,0,False,True,False,0.8792096041225468,2.712215,3.1084979166666664,4.0999703571428565,1.0958733473440532,3.9306405381890546,4.069467211518719
2026-04-07,7.0,IEX,4.23475,9259.08,16629.25,15442.0,1,4,0,0,False,True,False,1.0768844702260818,2.712215,3.1084979166666664,4.0999703571428565,1.0958733473440532,3.9306405381890546,4.069467211518719
2026-04-07,8.0,IEX,3.38296,9046.58,15714.73,20503.9,1,4,0,0,False,True,False,0.7664263868013274,2.712215,3.1084979166666664,4.0999703571428565,1.0958733473440532,3.9306405381890546,4.069467211518719
2026-04-07,9.0,IEX,2.15776,8561.08,11781.65,33679.68,1,4,0,1,False,True,False,0.3498147843596451,2.712215,3.1084979166666664,4.0999703571428565,1.0958733473440532,3.9306405381890546,4.069467211518719
2026-04-07,5.0,IEX,3.61112,7643.75,14372.95,18053.7,1,4,0,0,False,False,True,0.7961221241096716,2.712215,3.1084979166666664,4.0999703571428565,1.0958733473440532,3.9306405381890546,4.069467211518719
2026-04-08,24.0,IEX,3.84933,5384.38,12704.0,10896.33,2,4,0,0,False,False,True,1.1658971404446294,2.6456991666666667,2.712215,3.74718744047619,1.1119573417311044,3.7329572502625337,3.955565767930555
2026-04-08,14.0,IEX,0.72974,10556.35,10958.4,59255.1,2,4,0,1,False,False,True,0.18493598016289972,2.6456991666666667,2.712215,3.74718744047619,1.1119573417311044,3.7329572502625337,3.955565767930555
2026-04-08,15.0,IEX,0.985,11350.68,11778.13,54760.4,2,4,0,1,False,False,True,0.21508480576929953,2.6456991666666667,2.712215,3.74718744047619,1.1119573417311044,3.7329572502625337,3.955565767930555
2026-04-08,16.0,IEX,1.57484,12020.2,12606.63,47189.45,2,4,0,1,False,False,True,0.26714933099089955,2.6456991666666667,2.712215,3.74718744047619,1.1119573417311044,3.7329572502625337,3.955565767930555
2026-04-08,17.0,IEX,1.9949,9939.04,12639.93,36330.18,2,4,0,1,False,False,True,0.3479181770230926,2.6456991666666667,2.712215,3.74718744047619,1.1119573417311044,3.7329572502625337,3.955565767930555
2026-04-08,20.0,IEX,4.39743,7111.88,14012.83,12481.08,2,4,0,1,True,False,False,1.122725756807323,2.6456991666666667,2.712215,3.74718744047619,1.1119573417311044,3.7329572502625337,3.955565767930555
2026-04-08,19.0,IEX,3.83484,7069.23,13572.0,14452.88,2,4,0,1,True,False,False,0.9390515932194473,2.6456991666666667,2.712215,3.74718744047619,1.1119573417311044,3.7329572502625337,3.955565767930555
2026-04-08,21.0,IEX,3.84963,6710.38,13166.35,13289.35,2,4,0,1,True,False,False,0.990744467569336,2.6456991666666667,2.712215,3.74718744047619,1.1119573417311044,3.7329572502625337,3.955565767930555
2026-04-08,22.0,IEX,3.59494,5986.54,12014.93,13771.6,2,4,0,1,True,False,False,0.8724425623221393,2.6456991666666667,2.712215,3.74718744047619,1.1119573417311044,3.7329572502625337,3.955565767930555
2026-04-08,13.0,IEX,0.98304,10461.65,10953.35,57807.55,2,4,0,1,False,False,True,0.18947957486704078,2.6456991666666667,2.712215,3.74718744047619,1.1119573417311044,3.7329572502625337,3.955565767930555
2026-04-08,18.0,IEX,2.28011,6879.25,11239.65,23270.35,2,4,0,1,True,False,False,0.48300304873669586,2.6456991666666667,2.712215,3.74718744047619,1.1119573417311044,3.7329572502625337,3.955565767930555
2026-04-08,23.0,IEX,3.59025,5623.93,12615.48,12744.48,2,4,0,0,False,False,True,0.989877969921191,2.6456991666666667,2.712215,3.74718744047619,1.1119573417311044,3.7329572502625337,3.955565767930555
2026-04-08,12.0,IEX,0.98311,10112.8,10567.0,56617.5,2,4,0,1,False,False,True,0.18663840682004001,2.6456991666666667,2.712215,3.74718744047619,1.1119573417311044,3.7329572502625337,3.955565767930555
2026-04-08,10.0,IEX,1.40825,9902.19,11269.7,46993.75,2,4,0,1,False,True,False,0.23981274100496072,2.6456991666666667,2.712215,3.74718744047619,1.1119573417311044,3.7329572502625337,3.955565767930555
2026-04-08,1.0,IEX,3.19824,6289.02,12392.65,14329.1,2,4,0,0,False,False,True,0.8648589228459157,2.6456991666666667,2.712215,3.74718744047619,1.1119573417311044,3.7329572502625337,3.955565767930555
2026-04-08,2.0,IEX,3.14076,6913.69,12928.23,16678.7,2,4,0,0,False,False,True,0.7751341526766868,2.6456991666666667,2.712215,3.74718744047619,1.1119573417311044,3.7329572502625337,3.955565767930555
2026-04-08,3.0,IEX,3.3525500000000004,7688.18,13877.78,18447.15,2,4,0,0,False,False,True,0.7522994062756039,2.6456991666666667,2.712215,3.74718744047619,1.1119573417311044,3.7329572502625337,3.955565767930555
2026-04-08,4.0,IEX,3.39756,8097.85,14364.18,19894.0,2,4,0,0,False,False,True,0.7220357893223908,2.6456991666666667,2.712215,3.74718744047619,1.1119573417311044,3.7329572502625337,3.955565767930555
2026-04-08,11.0,IEX,0.95505,9377.55,9790.25,53325.88,2,4,0,1,False,False,True,0.18359284456560437,2.6456991666666667,2.712215,3.74718744047619,1.1119573417311044,3.7329572502625337,3.955565767930555
2026-04-08,6.0,IEX,3.45136,6359.88,12802.35,16022.75,2,4,0,0,False,True,False,0.7990107810463181,2.6456991666666667,2.712215,3.74718744047619,1.1119573417311044,3.7329572502625337,3.955565767930555
2026-04-08,7.0,IEX,4.0223,6636.78,13469.43,13414.65,2,4,0,0,False,True,False,1.0040835944254352,2.6456991666666667,2.712215,3.74718744047619,1.1119573417311044,3.7329572502625337,3.955565767930555
2026-04-08,8.0,IEX,2.9437800000000003,7358.1,13305.35,18016.33,2,4,0,0,False,True,False,0.7385161124721205,2.6456991666666667,2.712215,3.74718744047619,1.1119573417311044,3.7329572502625337,3.955565767930555
2026-04-08,9.0,IEX,1.49296,9846.43,11716.25,35254.65,2,4,0,1,False,True,False,0.3323320468839338,2.6456991666666667,2.712215,3.74718744047619,1.1119573417311044,3.7329572502625337,3.955565767930555
2026-04-08,5.0,IEX,3.48681,8124.73,14710.95,19101.63,2,4,0,0,False,False,True,0.7701410817976575,2.6456991666666667,2.712215,3.74718744047619,1.1119573417311044,3.7329572502625337,3.955565767930555
2026-04-09,15.0,IEX,1.02542,11113.56,11545.4,55750.38,3,4,0,1,False,False,True,0.2070909650827329,3.053685833333333,2.6456991666666667,3.382827380952381,0.7661388721297357,3.628453955350349,3.8834153731627774
2026-04-09,24.0,IEX,4.67478,7164.87,15017.95,12245.2,3,4,0,0,False,False,True,1.2264356635853757,3.053685833333333,2.6456991666666667,3.382827380952381,0.7661388721297357,3.628453955350349,3.8834153731627774
2026-04-09,23.0,IEX,4.402270000000001,7309.99,15013.38,14056.33,3,4,0,0,False,False,True,1.068086761574261,3.053685833333333,2.6456991666666667,3.382827380952381,0.7661388721297357,3.628453955350349,3.8834153731627774
2026-04-09,22.0,IEX,4.33242,7950.24,14559.05,15331.68,3,4,0,1,True,False,False,0.9496056525119193,3.053685833333333,2.6456991666666667,3.382827380952381,0.7661388721297357,3.628453955350349,3.8834153731627774
2026-04-09,21.0,IEX,4.84111,8476.15,15567.28,15030.68,3,4,0,1,True,False,False,1.035700313601447,3.053685833333333,2.6456991666666667,3.382827380952381,0.7661388721297357,3.628453955350349,3.8834153731627774
2026-04-09,20.0,IEX,5.88272,8660.51,17145.08,13831.93,3,4,0,1,True,False,False,1.2395291175999814,3.053685833333333,2.6456991666666667,3.382827380952381,0.7661388721297357,3.628453955350349,3.8834153731627774
2026-04-09,19.0,IEX,5.36332,9366.33,17680.7,15204.6,3,4,0,1,True,False,False,1.1628520308572063,3.053685833333333,2.6456991666666667,3.382827380952381,0.7661388721297357,3.628453955350349,3.8834153731627774
2026-04-09,18.0,IEX,2.72474,7775.65,13528.73,23705.7,3,4,0,1,True,False,False,0.5706952333950505,3.053685833333333,2.6456991666666667,3.382827380952381,0.7661388721297357,3.628453955350349,3.8834153731627774
2026-04-09,17.0,IEX,2.03057,10205.28,13085.83,37381.75,3,4,0,1,False,False,True,0.35005932029665293,3.053685833333333,2.6456991666666667,3.382827380952381,0.7661388721297357,3.628453955350349,3.8834153731627774
2026-04-09,16.0,IEX,1.6213499999999998,11557.65,12351.33,48047.03,3,4,0,1,False,False,True,0.257067502349871,3.053685833333333,2.6456991666666667,3.382827380952381,0.7661388721297357,3.628453955350349,3.8834153731627774
2026-04-09,14.0,IEX,0.64366,9799.38,10447.1,60235.6,3,4,0,1,False,False,True,0.17343730282865327,3.053685833333333,2.6456991666666667,3.382827380952381,0.7661388721297357,3.628453955350349,3.8834153731627774
2026-04-09,13.0,IEX,0.9831,10275.13,10647.53,59308.75,3,4,0,1,False,False,True,0.17952713551043867,3.053685833333333,2.6456991666666667,3.382827380952381,0.7661388721297357,3.628453955350349,3.8834153731627774
2026-04-09,1.0,IEX,3.5323200000000003,7594.95,14366.68,16221.35,3,4,0,0,False,False,True,0.8856648793807761,3.053685833333333,2.6456991666666667,3.382827380952381,0.7661388721297357,3.628453955350349,3.8834153731627774
2026-04-09,12.0,IEX,0.98336,10576.13,10948.53,58527.93,3,4,0,1,False,False,True,0.18706504737361032,3.053685833333333,2.6456991666666667,3.382827380952381,0.7661388721297357,3.628453955350349,3.8834153731627774
2026-04-09,2.0,IEX,3.397,8227.58,14596.93,19073.15,3,4,0,0,False,False,True,0.7653130181614924,3.053685833333333,2.6456991666666667,3.382827380952381,0.7661388721297357,3.628453955350349,3.8834153731627774
2026-04-09,3.0,IEX,3.44822,8788.21,15179.45,20852.1,3,4,0,0,False,False,True,0.727957855214603,3.053685833333333,2.6456991666666667,3.382827380952381,0.7661388721297357,3.628453955350349,3.8834153731627774
2026-04-09,5.0,IEX,3.5393600000000003,9067.22,15603.53,21321.93,3,4,0,0,False,False,True,0.7318066419260327,3.053685833333333,2.6456991666666667,3.382827380952381,0.7661388721297357,3.628453955350349,3.8834153731627774
2026-04-09,6.0,IEX,3.77038,7849.82,14368.98,17656.35,3,4,0,0,False,True,False,0.8138137266117779,3.053685833333333,2.6456991666666667,3.382827380952381,0.7661388721297357,3.628453955350349,3.8834153731627774
2026-04-09,4.0,IEX,3.40627,9149.94,15519.95,22344.53,3,4,0,0,False,False,True,0.694574913549502,3.053685833333333,2.6456991666666667,3.382827380952381,0.7661388721297357,3.628453955350349,3.8834153731627774
2026-04-09,8.0,IEX,3.51703,8652.8,15883.45,19676.18,3,4,0,0,False,True,False,0.8072425639492816,3.053685833333333,2.6456991666666667,3.382827380952381,0.7661388721297357,3.628453955350349,3.8834153731627774
2026-04-09,9.0,IEX,1.87153,9057.98,11784.75,36599.73,3,4,0,1,False,True,False,0.32199008016671427,3.053685833333333,2.6456991666666667,3.382827380952381,0.7661388721297357,3.628453955350349,3.8834153731627774
2026-04-09,10.0,IEX,1.25032,9829.42,11278.93,49517.05,3,4,0,1,False,True,False,0.22777871455836346,3.053685833333333,2.6456991666666667,3.382827380952381,0.7661388721297357,3.628453955350349,3.8834153731627774
2026-04-09,11.0,IEX,0.96755,10106.28,10647.43,55916.25,3,4,0,1,False,False,True,0.19041745464146514,3.053685833333333,2.6456991666666667,3.382827380952381,0.7661388721297357,3.628453955350349,3.8834153731627774
2026-04-09,7.0,IEX,5.07966,8594.26,16835.1,15059.75,3,4,0,0,False,True,False,1.1178870823766083,3.053685833333333,2.6456991666666667,3.382827380952381,0.7661388721297357,3.628453955350349,3.8834153731627774
2026-04-10,18.0,IEX,2.88648,7337.98,13155.18,21858.45,4,4,0,1,True,False,False,0.6018349880243865,3.4385979166666663,3.053685833333333,3.2376639880952385,0.6094281295723397,3.5992453340143977,3.847829976643089
2026-04-10,15.0,IEX,0.98348,9580.1,9907.95,54839.53,4,4,0,1,False,False,True,0.18067167968422201,3.4385979166666663,3.053685833333333,3.2376639880952385,0.6094281295723397,3.5992453340143977,3.847829976643089
2026-04-10,16.0,IEX,1.66944,10643.56,11491.75,47577.13,4,4,0,1,False,False,True,0.2415393698103397,3.4385979166666663,3.053685833333333,3.2376639880952385,0.6094281295723397,3.5992453340143977,3.847829976643089
2026-04-10,17.0,IEX,2.07391,10059.24,12837.58,36070.65,4,4,0,1,False,False,True,0.3559009886553469,3.4385979166666663,3.053685833333333,3.2376639880952385,0.6094281295723397,3.5992453340143977,3.847829976643089
2026-04-10,19.0,IEX,6.57468,8516.97,16631.18,13857.6,4,4,0,1,True,False,False,1.2001486540236774,3.4385979166666663,3.053685833333333,3.2376639880952385,0.6094281295723397,3.5992453340143977,3.847829976643089
2026-04-10,14.0,IEX,0.3480899999999999,8893.68,9073.88,59105.6,4,4,0,1,False,False,True,0.15351980182021333,3.4385979166666663,3.053685833333333,3.2376639880952385,0.6094281295723397,3.5992453340143977,3.847829976643089
2026-04-10,21.0,IEX,6.00048,9055.15,17832.53,13449.05,4,4,0,1,True,False,False,1.3259323139359789,3.4385979166666663,3.053685833333333,3.2376639880952385,0.6094281295723397,3.5992453340143977,3.847829976643089
2026-04-10,22.0,IEX,5.38274,8507.6,15938.88,13625.95,4,4,0,1,True,False,False,1.1697444940207877,3.4385979166666663,3.053685833333333,3.2376639880952385,0.6094281295723397,3.5992453340143977,3.847829976643089
2026-04-10,23.0,IEX,4.8949,7716.48,15332.63,12751.78,4,4,0,0,False,False,True,1.2023913514800353,3.4385979166666663,3.053685833333333,3.2376639880952385,0.6094281295723397,3.5992453340143977,3.847829976643089
2026-04-10,24.0,IEX,5.01463,7701.63,15426.7,11077.35,4,4,0,0,False,False,True,1.3926345187317954,3.4385979166666663,3.053685833333333,3.2376639880952385,0.6094281295723397,3.5992453340143977,3.847829976643089
2026-04-10,20.0,IEX,9.15012,8376.97,18287.98,12306.78,4,4,0,1,True,False,False,1.4860085241744725,3.4385979166666663,3.053685833333333,3.2376639880952385,0.6094281295723397,3.5992453340143977,3.847829976643089
2026-04-10,13.0,IEX,0.48968,9120.0,9337.7,58396.53,4,4,0,1,False,False,True,0.1599016242643353,3.4385979166666663,3.053685833333333,3.2376639880952385,0.6094281295723397,3.5992453340143977,3.847829976643089
2026-04-10,1.0,IEX,4.1563,7915.5,15234.73,12487.53,4,4,0,0,False,False,True,1.2199954665013852,3.4385979166666663,3.053685833333333,3.2376639880952385,0.6094281295723397,3.5992453340143977,3.847829976643089
2026-04-10,11.0,IEX,0.62199,8666.18,8865.4,55010.28,4,4,0,1,False,False,True,0.16115896880343836,3.4385979166666663,3.053685833333333,3.2376639880952385,0.6094281295723397,3.5992453340143977,3.847829976643089
2026-04-10,10.0,IEX,1.09653,8904.53,10024.13,47789.83,4,4,0,1,False,True,False,0.20975446026701608,3.4385979166666663,3.053685833333333,3.2376639880952385,0.6094281295723397,3.5992453340143977,3.847829976643089
2026-04-10,9.0,IEX,1.89035,8755.5,10861.23,35320.33,4,4,0,1,False,True,False,0.3075064699827248,3.4385979166666663,3.053685833333333,3.2376639880952385,0.6094281295723397,3.5992453340143977,3.847829976643089
2026-04-10,8.0,IEX,3.4618200000000003,8507.65,14696.65,19965.95,4,4,0,0,False,True,False,0.7360856855115405,3.4385979166666663,3.053685833333333,3.2376639880952385,0.6094281295723397,3.5992453340143977,3.847829976643089
2026-04-10,7.0,IEX,5.31993,8767.79,16582.75,14338.95,4,4,0,0,False,True,False,1.1564828657910915,3.4385979166666663,3.053685833333333,3.2376639880952385,0.6094281295723397,3.5992453340143977,3.847829976643089
2026-04-10,6.0,IEX,4.33521,7971.27,14832.75,14991.53,4,4,0,0,False,True,False,0.9894086854447753,3.4385979166666663,3.053685833333333,3.2376639880952385,0.6094281295723397,3.5992453340143977,3.847829976643089
2026-04-10,5.0,IEX,3.89829,9041.87,15723.15,17350.8,4,4,0,0,False,False,True,0.906191644819725,3.4385979166666663,3.053685833333333,3.2376639880952385,0.6094281295723397,3.5992453340143977,3.847829976643089
2026-04-10,4.0,IEX,3.90053,9438.8,16205.38,17464.83,4,4,0,0,False,False,True,0.9278865005110919,3.4385979166666663,3.053685833333333,3.2376639880952385,0.6094281295723397,3.5992453340143977,3.847829976643089
2026-04-10,3.0,IEX,3.87636,9057.96,15770.35,16143.38,4,4,0,0,False,False,True,0.9768926947288037,3.4385979166666663,3.053685833333333,3.2376639880952385,0.6094281295723397,3.5992453340143977,3.847829976643089
2026-04-10,2.0,IEX,3.91936,8600.42,15201.98,14327.2,4,4,0,0,False,False,True,1.0610572888903222,3.4385979166666663,3.053685833333333,3.2376639880952385,0.6094281295723397,3.5992453340143977,3.847829976643089
2026-04-10,12.0,IEX,0.58105,9210.38,9449.4,58206.2,4,4,0,1,False,False,True,0.16234353038639465,3.4385979166666663,3.053685833333333,3.2376639880952385,0.6094281295723397,3.5992453340143977,3.847829976643089
2026-04-11,15.0,IEX,0.98364,11521.9,12391.2,57806.63,5,4,1,1,False,False,True,0.2143560349021633,3.746541666666667,3.4385979166666663,3.13475744047619,0.38778293271126696,3.621906308268593,3.8397269118449753
2026-04-11,16.0,IEX,1.5227,11830.06,12493.9,48526.4,5,4,1,1,False,False,True,0.2574660390514305,3.746541666666667,3.4385979166666663,3.13475744047619,0.38778293271126696,3.621906308268593,3.8397269118449753
2026-04-11,17.0,IEX,1.84088,10005.73,12115.8,35434.6,5,4,1,1,False,False,True,0.3419200441540415,3.746541666666667,3.4385979166666663,3.13475744047619,0.38778293271126696,3.621906308268593,3.8397269118449753
2026-04-11,18.0,IEX,2.8641300000000003,7704.08,13155.13,22033.65,5,4,1,1,True,False,False,0.5970472433768135,3.746541666666667,3.4385979166666663,3.13475744047619,0.38778293271126696,3.621906308268593,3.8397269118449753
2026-04-11,19.0,IEX,7.6386,8901.68,17041.18,13620.28,5,4,1,1,True,False,False,1.251162236568439,3.746541666666667,3.4385979166666663,3.13475744047619,0.38778293271126696,3.621906308268593,3.8397269118449753
2026-04-11,24.0,IEX,6.17529,7352.03,15862.68,10250.68,5,4,1,0,False,False,True,1.5474758732616023,3.746541666666667,3.4385979166666663,3.13475744047619,0.38778293271126696,3.621906308268593,3.8397269118449753
2026-04-11,21.0,IEX,8.03147,8980.08,17461.25,13166.58,5,4,1,1,True,False,False,1.326179614352262,3.746541666666667,3.4385979166666663,3.13475744047619,0.38778293271126696,3.621906308268593,3.8397269118449753
2026-04-11,22.0,IEX,5.732270000000001,8561.47,15841.48,13268.55,5,4,1,1,True,False,False,1.1939119186392546,3.746541666666667,3.4385979166666663,3.13475744047619,0.38778293271126696,3.621906308268593,3.8397269118449753
2026-04-11,23.0,IEX,6.53206,7794.08,15981.8,12070.88,5,4,1,0,False,False,True,1.323996260981804,3.746541666666667,3.4385979166666663,3.13475744047619,0.38778293271126696,3.621906308268593,3.8397269118449753
2026-04-11,14.0,IEX,0.6918500000000001,10508.58,11300.05,62650.8,5,4,1,1,False,False,True,0.1803656138181211,3.746541666666667,3.4385979166666663,3.13475744047619,0.38778293271126696,3.621906308268593,3.8397269118449753
2026-04-11,20.0,IEX,10.0,7918.7,18071.25,11745.5,5,4,1,1,True,False,False,1.5385679608883676,3.746541666666667,3.4385979166666663,3.13475744047619,0.38778293271126696,3.621906308268593,3.8397269118449753
2026-04-11,13.0,IEX,0.87248,10161.09,11038.95,62681.03,5,4,1,1,False,False,True,0.17611309192332783,3.746541666666667,3.4385979166666663,3.13475744047619,0.38778293271126696,3.621906308268593,3.8397269118449753
2026-04-11,12.0,IEX,0.4810299999999999,9783.8,10097.98,62570.2,5,4,1,1,False,False,True,0.1613864107576152,3.746541666666667,3.4385979166666663,3.13475744047619,0.38778293271126696,3.621906308268593,3.8397269118449753
2026-04-11,11.0,IEX,0.46197,8931.25,9163.0,57283.98,5,4,1,1,False,False,True,0.15995746102837868,3.746541666666667,3.4385979166666663,3.13475744047619,0.38778293271126696,3.621906308268593,3.8397269118449753
2026-04-11,10.0,IEX,1.01647,8719.04,9929.05,46849.4,5,4,1,1,False,True,False,0.21193547831734544,3.746541666666667,3.4385979166666663,3.13475744047619,0.38778293271126696,3.621906308268593,3.8397269118449753
2026-04-11,9.0,IEX,1.43904,8434.85,10034.6,34660.98,5,4,1,1,False,True,False,0.289507105601311,3.746541666666667,3.4385979166666663,3.13475744047619,0.38778293271126696,3.621906308268593,3.8397269118449753
2026-04-11,8.0,IEX,3.11291,8144.31,13891.55,20168.43,5,4,1,0,False,True,False,0.6887769644495,3.746541666666667,3.4385979166666663,3.13475744047619,0.38778293271126696,3.621906308268593,3.8397269118449753
2026-04-11,7.0,IEX,5.40416,8205.25,16123.88,13791.3,5,4,1,0,False,True,False,1.169134163444248,3.746541666666667,3.4385979166666663,3.13475744047619,0.38778293271126696,3.621906308268593,3.8397269118449753
2026-04-11,6.0,IEX,3.94013,7623.9,14236.7,14845.48,5,4,1,0,False,True,False,0.9589922313330441,3.746541666666667,3.4385979166666663,3.13475744047619,0.38778293271126696,3.621906308268593,3.8397269118449753
2026-04-11,5.0,IEX,4.21727,8245.05,15183.58,15681.68,5,4,1,0,False,False,True,0.9682368209476045,3.746541666666667,3.4385979166666663,3.13475744047619,0.38778293271126696,3.621906308268593,3.8397269118449753
2026-04-11,4.0,IEX,4.17216,8828.28,15892.55,16028.2,5,4,1,0,False,False,True,0.9915367907865281,3.746541666666667,3.4385979166666663,3.13475744047619,0.38778293271126696,3.621906308268593,3.8397269118449753
2026-04-11,3.0,IEX,4.08044,8854.25,15876.48,15330.0,5,4,1,0,False,False,True,1.0356477488351938,3.746541666666667,3.4385979166666663,3.13475744047619,0.38778293271126696,3.621906308268593,3.8397269118449753
2026-04-11,2.0,IEX,4.16474,8369.65,15334.25,13946.05,5,4,1,0,False,False,True,1.0995407293824841,3.746541666666667,3.4385979166666663,3.13475744047619,0.38778293271126696,3.621906308268593,3.8397269118449753
2026-04-11,1.0,IEX,4.54131,8174.73,15469.45,12185.03,5,4,1,0,False,False,True,1.269545498640918,3.746541666666667,3.4385979166666663,3.13475744047619,0.38778293271126696,3.621906308268593,3.8397269118449753
2026-04-12,15.0,IEX,0.42008,10676.78,10814.18,59319.18,6,4,1,1,False,False,True,0.18230494754271637,3.2623141666666666,3.746541666666667,3.1382216666666665,0.38896614334290947,3.566584440329835,3.793533892230711
2026-04-12,16.0,IEX,0.94078,9960.35,10440.0,50113.7,6,4,1,1,False,False,True,0.20832626602938392,3.2623141666666666,3.746541666666667,3.1382216666666665,0.38896614334290947,3.566584440329835,3.793533892230711
2026-04-12,17.0,IEX,1.27799,9194.13,10716.18,37548.45,6,4,1,1,False,False,True,0.2853960682037751,3.2623141666666666,3.746541666666667,3.1382216666666665,0.38896614334290947,3.566584440329835,3.793533892230711
2026-04-12,18.0,IEX,2.3450300000000004,7143.03,11253.9,23538.3,6,4,1,1,True,False,False,0.4781101436900243,3.2623141666666666,3.746541666666667,3.1382216666666665,0.38896614334290947,3.566584440329835,3.793533892230711
2026-04-12,19.0,IEX,4.48402,8572.97,15666.85,16107.83,6,4,1,1,True,False,False,0.9726232515660873,3.2623141666666666,3.746541666666667,3.1382216666666665,0.38896614334290947,3.566584440329835,3.793533892230711
2026-04-12,24.0,IEX,4.78963,7424.82,15232.53,11596.95,6,4,1,0,False,False,True,1.313494495265139,3.2623141666666666,3.746541666666667,3.1382216666666665,0.38896614334290947,3.566584440329835,3.793533892230711
2026-04-12,21.0,IEX,5.93555,9758.66,18134.95,14355.05,6,4,1,1,True,False,False,1.2633149997643236,3.2623141666666666,3.746541666666667,3.1382216666666665,0.38896614334290947,3.566584440329835,3.793533892230711
2026-04-12,22.0,IEX,5.13303,9848.33,17157.18,14624.63,6,4,1,1,True,False,False,1.173170192221499,3.2623141666666666,3.746541666666667,3.1382216666666665,0.38896614334290947,3.566584440329835,3.793533892230711
2026-04-12,23.0,IEX,4.79987,8087.63,15973.9,13289.18,6,4,1,0,False,False,True,1.2020229982572115,3.2623141666666666,3.746541666666667,3.1382216666666665,0.38896614334290947,3.566584440329835,3.793533892230711
2026-04-12,14.0,IEX,0.1999,10110.73,10172.23,64148.4,6,4,1,1,False,False,True,0.1585734016501466,3.2623141666666666,3.746541666666667,3.1382216666666665,0.38896614334290947,3.566584440329835,3.793533892230711
2026-04-12,20.0,IEX,7.39984,9037.97,17874.38,13092.5,6,4,1,1,True,False,False,1.3652381123809525,3.2623141666666666,3.746541666666667,3.1382216666666665,0.38896614334290947,3.566584440329835,3.793533892230711
2026-04-12,13.0,IEX,0.20022,10200.44,10262.2,65057.4,6,4,1,1,False,False,True,0.15774070280125846,3.2623141666666666,3.746541666666667,3.1382216666666665,0.38896614334290947,3.566584440329835,3.793533892230711
2026-04-12,12.0,IEX,0.20054,10101.8,10163.85,64087.85,6,4,1,1,False,False,True,0.158592463289283,3.2623141666666666,3.746541666666667,3.1382216666666665,0.38896614334290947,3.566584440329835,3.793533892230711
2026-04-12,11.0,IEX,0.21261,9734.45,9796.55,60315.28,6,4,1,1,False,False,True,0.16242235795599017,3.2623141666666666,3.746541666666667,3.1382216666666665,0.38896614334290947,3.566584440329835,3.793533892230711
2026-04-12,2.0,IEX,5.05159,9597.18,17986.8,12083.83,6,4,1,0,False,False,True,1.4885015748413362,3.2623141666666666,3.746541666666667,3.1382216666666665,0.38896614334290947,3.566584440329835,3.793533892230711
2026-04-12,3.0,IEX,5.00035,9840.2,17799.65,13353.18,6,4,1,0,False,False,True,1.3329895939896044,3.2623141666666666,3.746541666666667,3.1382216666666665,0.38896614334290947,3.566584440329835,3.793533892230711
2026-04-12,4.0,IEX,4.99925,9832.79,17672.13,14284.15,6,4,1,0,False,False,True,1.2371845708444784,3.2623141666666666,3.746541666666667,3.1382216666666665,0.38896614334290947,3.566584440329835,3.793533892230711
2026-04-12,5.0,IEX,4.94959,9576.2,17372.45,14290.8,6,4,1,0,False,False,True,1.2156387317605464,3.2623141666666666,3.746541666666667,3.1382216666666665,0.38896614334290947,3.566584440329835,3.793533892230711
2026-04-12,1.0,IEX,6.39013,8799.13,17813.68,10210.48,6,4,1,0,False,False,True,1.7446466750391298,3.2623141666666666,3.746541666666667,3.1382216666666665,0.38896614334290947,3.566584440329835,3.793533892230711
2026-04-12,7.0,IEX,4.974600000000001,7743.02,15527.03,12652.48,6,4,1,0,False,True,False,1.227192612652071,3.2623141666666666,3.746541666666667,3.1382216666666665,0.38896614334290947,3.566584440329835,3.793533892230711
2026-04-12,8.0,IEX,3.1451,7572.18,13310.78,19118.95,6,4,1,0,False,True,False,0.6962087349482012,3.2623141666666666,3.746541666666667,3.1382216666666665,0.38896614334290947,3.566584440329835,3.793533892230711
2026-04-12,9.0,IEX,0.65812,8877.85,10243.93,35053.93,6,4,1,1,False,True,False,0.29223342424309245,3.2623141666666666,3.746541666666667,3.1382216666666665,0.38896614334290947,3.566584440329835,3.793533892230711
2026-04-12,10.0,IEX,0.20056,8844.71,9913.03,48912.33,6,4,1,1,False,True,False,0.20266934733988967,3.2623141666666666,3.746541666666667,3.1382216666666665,0.38896614334290947,3.566584440329835,3.793533892230711
2026-04-12,6.0,IEX,4.58716,8307.73,15324.55,13620.98,6,4,1,0,False,True,False,1.1250695609823451,3.2623141666666666,3.746541666666667,3.1382216666666665,0.38896614334290947,3.566584440329835,3.793533892230711
2026-04-13,14.0,IEX,0.6204299999999999,9377.95,10147.88,56779.63,0,4,0,1,False,False,True,0.17872395431623558,5.507707916666667,3.2623141666666666,3.4809659523809526,0.9745968426225272,3.8652188213047323,3.9306678141855875
2026-04-13,23.0,IEX,10.0,4476.57,18941.78,7274.68,0,4,0,0,False,False,True,2.6037956272938523,5.507707916666667,3.2623141666666666,3.4809659523809526,0.9745968426225272,3.8652188213047323,3.9306678141855875
2026-04-13,22.0,IEX,10.0,5871.75,18086.83,9062.55,0,4,0,1,True,False,False,1.9957771245446627,5.507707916666667,3.2623141666666666,3.4809659523809526,0.9745968426225272,3.8652188213047323,3.9306678141855875
2026-04-13,21.0,IEX,10.0,6300.85,19717.68,9521.65,0,4,0,1,True,False,False,2.0708259576115213,5.507707916666667,3.2623141666666666,3.4809659523809526,0.9745968426225272,3.8652188213047323,3.9306678141855875
2026-04-13,20.0,IEX,10.0,4939.78,20645.13,8160.58,0,4,0,1,True,False,False,2.5298606195517226,5.507707916666667,3.2623141666666666,3.4809659523809526,0.9745968426225272,3.8652188213047323,3.9306678141855875
2026-04-13,19.0,IEX,8.2962,6205.44,17794.38,9856.85,0,4,0,1,True,False,False,1.805280589838254,5.507707916666667,3.2623141666666666,3.4809659523809526,0.9745968426225272,3.8652188213047323,3.9306678141855875
2026-04-13,18.0,IEX,3.54604,7224.11,14382.98,17404.88,0,4,0,1,True,False,False,0.826376280200509,5.507707916666667,3.2623141666666666,3.4809659523809526,0.9745968426225272,3.8652188213047323,3.9306678141855875
2026-04-13,17.0,IEX,2.36268,9695.46,14192.23,30938.93,0,4,0,1,False,False,True,0.45871754438220147,5.507707916666667,3.2623141666666666,3.4809659523809526,0.9745968426225272,3.8652188213047323,3.9306678141855875
2026-04-13,16.0,IEX,1.667,11703.52,12851.18,43711.18,0,4,0,1,False,False,True,0.2940021293650727,5.507707916666667,3.2623141666666666,3.4809659523809526,0.9745968426225272,3.8652188213047323,3.9306678141855875
2026-04-13,15.0,IEX,0.98357,10807.85,11634.48,53416.48,0,4,0,1,False,False,True,0.21780693894135159,5.507707916666667,3.2623141666666666,3.4809659523809526,0.9745968426225272,3.8652188213047323,3.9306678141855875
2026-04-13,13.0,IEX,0.98315,9815.83,10642.23,56332.23,0,4,0,1,False,False,True,0.1889190255402779,5.507707916666667,3.2623141666666666,3.4809659523809526,0.9745968426225272,3.8652188213047323,3.9306678141855875
2026-04-13,24.0,IEX,10.0,3829.67,19292.38,5406.83,0,4,0,0,False,False,True,3.568149907490804,5.507707916666667,3.2623141666666666,3.4809659523809526,0.9745968426225272,3.8652188213047323,3.9306678141855875
2026-04-13,11.0,IEX,1.04962,9505.6,10405.48,51827.23,0,4,0,1,False,False,True,0.20077245104537275,5.507707916666667,3.2623141666666666,3.4809659523809526,0.9745968426225272,3.8652188213047323,3.9306678141855875
2026-04-13,1.0,IEX,10.0,7176.82,18271.63,7641.63,0,4,0,0,False,False,True,2.3910644687179774,5.507707916666667,3.2623141666666666,3.4809659523809526,0.9745968426225272,3.8652188213047323,3.9306678141855875
2026-04-13,2.0,IEX,9.12548,8002.01,17462.08,9081.55,0,4,0,0,False,False,True,1.9228083290596782,5.507707916666667,3.2623141666666666,3.4809659523809526,0.9745968426225272,3.8652188213047323,3.9306678141855875
2026-04-13,3.0,IEX,8.449489999999999,8733.59,17375.95,10569.28,0,4,0,0,False,False,True,1.6440050773146277,5.507707916666667,3.2623141666666666,3.4809659523809526,0.9745968426225272,3.8652188213047323,3.9306678141855875
2026-04-13,4.0,IEX,6.44021,8970.34,17183.5,11661.95,0,4,0,0,False,False,True,1.4734671290191887,5.507707916666667,3.2623141666666666,3.4809659523809526,0.9745968426225272,3.8652188213047323,3.9306678141855875
2026-04-13,5.0,IEX,5.299300000000001,8536.55,16510.53,12011.43,0,4,0,0,False,False,True,1.3745682226224785,5.507707916666667,3.2623141666666666,3.4809659523809526,0.9745968426225272,3.8652188213047323,3.9306678141855875
2026-04-13,12.0,IEX,0.98346,10250.43,11076.83,55859.88,0,4,0,1,False,False,True,0.1982967023562713,5.507707916666667,3.2623141666666666,3.4809659523809526,0.9745968426225272,3.8652188213047323,3.9306678141855875
2026-04-13,7.0,IEX,8.70009,6467.41,18149.3,9745.35,0,4,0,0,False,True,False,1.8623548647689874,5.507707916666667,3.2623141666666666,3.4809659523809526,0.9745968426225272,3.8652188213047323,3.9306678141855875
2026-04-13,8.0,IEX,3.46381,7545.35,14723.75,16389.0,0,4,0,0,False,True,False,0.8983922137419048,5.507707916666667,3.2623141666666666,3.4809659523809526,0.9745968426225272,3.8652188213047323,3.9306678141855875
2026-04-13,9.0,IEX,1.89753,8954.53,11453.63,31242.43,0,4,0,1,False,True,False,0.36660496626971556,5.507707916666667,3.2623141666666666,3.4809659523809526,0.9745968426225272,3.8652188213047323,3.9306678141855875
2026-04-13,10.0,IEX,1.56737,9076.35,11584.85,42618.18,0,4,0,1,False,True,False,0.27182882979239636,5.507707916666667,3.2623141666666666,3.4809659523809526,0.9745968426225272,3.8652188213047323,3.9306678141855875
2026-04-13,6.0,IEX,6.749560000000001,7453.64,16344.98,10847.25,0,4,0,0,False,True,False,1.5068316840610922,5.507707916666667,3.2623141666666666,3.4809659523809526,0.9745968426225272,3.8652188213047323,3.9306678141855875
2026-04-14,14.0,IEX,0.59548,10072.08,10654.13,55699.5,1,4,0,1,False,False,True,0.1912787367586282,5.560502083333334,5.507707916666667,3.8878641071428572,1.1742773500191583,4.126031630847594,4.061054555717408
2026-04-14,23.0,IEX,10.0,4183.04,14825.58,5903.2,1,4,0,0,False,False,True,2.5114480239337174,5.560502083333334,5.507707916666667,3.8878641071428572,1.1742773500191583,4.126031630847594,4.061054555717408
2026-04-14,22.0,IEX,10.0,5520.3,15761.23,7303.5,1,4,0,1,True,False,False,2.1580379240664915,5.560502083333334,5.507707916666667,3.8878641071428572,1.1742773500191583,4.126031630847594,4.061054555717408
2026-04-14,21.0,IEX,10.0,6076.43,16548.85,7859.63,1,4,0,1,True,False,False,2.1055507675227068,5.560502083333334,5.507707916666667,3.8878641071428572,1.1742773500191583,4.126031630847594,4.061054555717408
2026-04-14,20.0,IEX,10.0,4845.98,16390.35,6622.28,1,4,0,1,True,False,False,2.4750312543791093,5.560502083333334,5.507707916666667,3.8878641071428572,1.1742773500191583,4.126031630847594,4.061054555717408
2026-04-14,19.0,IEX,7.53321,6724.43,15221.08,9067.95,1,4,0,1,True,False,False,1.6785579963734272,5.560502083333334,5.507707916666667,3.8878641071428572,1.1742773500191583,4.126031630847594,4.061054555717408
2026-04-14,18.0,IEX,3.33886,7042.93,12898.35,17560.58,1,4,0,1,True,False,False,0.7345059213679127,5.560502083333334,5.507707916666667,3.8878641071428572,1.1742773500191583,4.126031630847594,4.061054555717408
2026-04-14,17.0,IEX,2.12024,10321.5,13303.93,31134.98,1,4,0,1,False,False,True,0.4272984917840646,5.560502083333334,5.507707916666667,3.8878641071428572,1.1742773500191583,4.126031630847594,4.061054555717408
2026-04-14,16.0,IEX,1.53651,11211.73,11811.25,41913.73,1,4,0,1,False,False,True,0.28179906673021005,5.560502083333334,5.507707916666667,3.8878641071428572,1.1742773500191583,4.126031630847594,4.061054555717408
2026-04-14,15.0,IEX,0.98763,11055.88,11420.98,51123.88,1,4,0,1,False,False,True,0.22339814579343387,5.560502083333334,5.507707916666667,3.8878641071428572,1.1742773500191583,4.126031630847594,4.061054555717408
2026-04-14,13.0,IEX,0.96248,10509.7,11087.83,55196.6,1,4,0,1,False,False,True,0.20087885844402031,5.560502083333334,5.507707916666667,3.8878641071428572,1.1742773500191583,4.126031630847594,4.061054555717408
2026-04-14,24.0,IEX,10.0,3580.7,14796.88,4579.6,1,4,0,0,False,False,True,3.2310420053475366,5.560502083333334,5.507707916666667,3.8878641071428572,1.1742773500191583,4.126031630847594,4.061054555717408
2026-04-14,11.0,IEX,0.98339,10025.35,10384.2,52410.78,1,4,0,1,False,False,True,0.19813099515059096,5.560502083333334,5.507707916666667,3.8878641071428572,1.1742773500191583,4.126031630847594,4.061054555717408
2026-04-14,1.0,IEX,10.0,5083.75,14453.25,5343.05,1,4,0,0,False,False,True,2.705056095853387,5.560502083333334,5.507707916666667,3.8878641071428572,1.1742773500191583,4.126031630847594,4.061054555717408
2026-04-14,2.0,IEX,10.0,6620.6,15160.88,7107.8,1,4,0,0,False,False,True,2.1329919213638653,5.560502083333334,5.507707916666667,3.8878641071428572,1.1742773500191583,4.126031630847594,4.061054555717408
2026-04-14,3.0,IEX,8.937040000000001,7499.75,14963.55,9196.63,1,4,0,0,False,False,True,1.6270688267038376,5.560502083333334,5.507707916666667,3.8878641071428572,1.1742773500191583,4.126031630847594,4.061054555717408
2026-04-14,4.0,IEX,5.014390000000001,7560.12,14818.63,10947.63,1,4,0,0,False,False,True,1.3535925114809393,5.560502083333334,5.507707916666667,3.8878641071428572,1.1742773500191583,4.126031630847594,4.061054555717408
2026-04-14,5.0,IEX,4.82305,7351.48,14691.15,11151.95,1,4,0,0,False,False,True,1.3173615364870166,5.560502083333334,5.507707916666667,3.8878641071428572,1.1742773500191583,4.126031630847594,4.061054555717408
2026-04-14,12.0,IEX,0.98341,10336.48,10904.08,54080.3,1,4,0,1,False,False,True,0.20162757969137973,5.560502083333334,5.507707916666667,3.8878641071428572,1.1742773500191583,4.126031630847594,4.061054555717408
2026-04-14,7.0,IEX,9.68735,6868.1,16287.65,8755.88,1,4,0,0,False,True,False,1.8601956606758023,5.560502083333334,5.507707916666667,3.8878641071428572,1.1742773500191583,4.126031630847594,4.061054555717408
2026-04-14,8.0,IEX,3.30036,7210.45,12864.33,15805.3,1,4,0,0,False,True,False,0.8139250752507545,5.560502083333334,5.507707916666667,3.8878641071428572,1.1742773500191583,4.126031630847594,4.061054555717408
2026-04-14,9.0,IEX,1.75472,9679.03,11494.15,32492.7,1,4,0,1,False,True,False,0.3537456104436548,5.560502083333334,5.507707916666667,3.8878641071428572,1.1742773500191583,4.126031630847594,4.061054555717408
2026-04-14,10.0,IEX,0.93932,10077.03,11178.83,44148.85,1,4,0,1,False,True,False,0.25320772789026036,5.560502083333334,5.507707916666667,3.8878641071428572,1.1742773500191583,4.126031630847594,4.061054555717408
2026-04-14,6.0,IEX,9.95461,7331.99,15591.83,8908.98,1,4,0,0,False,True,False,1.7501251526548214,5.560502083333334,5.507707916666667,3.8878641071428572,1.1742773500191583,4.126031630847594,4.061054555717408
2026-04-15,14.0,IEX,0.8348300000000001,9540.74,11409.88,56811.88,2,4,0,1,False,False,True,0.20083616310517513,5.915182083333334,5.560502083333334,4.354933095238096,1.2458955365761875,4.401285546614631,4.209384757926681
2026-04-15,15.0,IEX,1.3869,11302.1,13022.1,50360.35,2,4,0,1,False,False,True,0.25857842523759694,5.915182083333334,5.560502083333334,4.354933095238096,1.2458955365761875,4.401285546614631,4.209384757926681
2026-04-15,16.0,IEX,1.82564,11868.22,14271.9,41096.03,2,4,0,1,False,False,True,0.3472817203152514,5.915182083333334,5.560502083333334,4.354933095238096,1.2458955365761875,4.401285546614631,4.209384757926681
2026-04-15,17.0,IEX,2.47308,9235.78,14210.23,31616.6,2,4,0,1,False,False,True,0.44945471668381337,5.915182083333334,5.560502083333334,4.354933095238096,1.2458955365761875,4.401285546614631,4.209384757926681
2026-04-15,18.0,IEX,3.46417,6907.7,12847.25,17555.3,2,4,0,1,True,False,False,0.7318160323481706,5.915182083333334,5.560502083333334,4.354933095238096,1.2458955365761875,4.401285546614631,4.209384757926681
2026-04-15,20.0,IEX,10.0,3621.12,17784.93,5420.13,2,4,0,1,True,False,False,3.281273690333491,5.915182083333334,5.560502083333334,4.354933095238096,1.2458955365761875,4.401285546614631,4.209384757926681
2026-04-15,21.0,IEX,10.0,4045.78,17191.53,5828.18,2,4,0,1,True,False,False,2.9497252951183297,5.915182083333334,5.560502083333334,4.354933095238096,1.2458955365761875,4.401285546614631,4.209384757926681
2026-04-15,22.0,IEX,10.0,3808.95,16987.18,5599.6,2,4,0,1,True,False,False,3.0336416832744453,5.915182083333334,5.560502083333334,4.354933095238096,1.2458955365761875,4.401285546614631,4.209384757926681
2026-04-15,23.0,IEX,10.0,2758.22,18438.75,4481.8,2,4,0,0,False,False,True,4.114139399093803,5.915182083333334,5.560502083333334,4.354933095238096,1.2458955365761875,4.401285546614631,4.209384757926681
2026-04-15,13.0,IEX,1.00121,9817.88,11798.63,56190.45,2,4,0,1,False,False,True,0.20997571647673657,5.915182083333334,5.560502083333334,4.354933095238096,1.2458955365761875,4.401285546614631,4.209384757926681
2026-04-15,19.0,IEX,7.584989999999999,5649.17,14568.58,8166.95,2,4,0,1,True,False,False,1.7838458643877508,5.915182083333334,5.560502083333334,4.354933095238096,1.2458955365761875,4.401285546614631,4.209384757926681
2026-04-15,24.0,IEX,10.0,2486.97,17289.0,3474.38,2,4,0,0,False,False,True,4.976139613467324,5.915182083333334,5.560502083333334,4.354933095238096,1.2458955365761875,4.401285546614631,4.209384757926681
2026-04-15,12.0,IEX,1.00187,9835.93,11665.43,54281.88,2,4,0,1,False,False,True,0.21490467901721447,5.915182083333334,5.560502083333334,4.354933095238096,1.2458955365761875,4.401285546614631,4.209384757926681
2026-04-15,10.0,IEX,1.76503,9259.65,11686.13,41610.35,2,4,0,1,False,True,False,0.28084671234900765,5.915182083333334,5.560502083333334,4.354933095238096,1.2458955365761875,4.401285546614631,4.209384757926681
2026-04-15,9.0,IEX,1.94703,8625.13,11576.58,31326.0,2,4,0,1,False,True,False,0.369551809880115,5.915182083333334,5.560502083333334,4.354933095238096,1.2458955365761875,4.401285546614631,4.209384757926681
2026-04-15,8.0,IEX,3.85712,6993.02,13173.78,14577.35,2,4,0,0,False,True,False,0.9037156953055833,5.915182083333334,5.560502083333334,4.354933095238096,1.2458955365761875,4.401285546614631,4.209384757926681
2026-04-15,7.0,IEX,9.96719,5638.92,15735.08,7348.13,2,4,0,0,False,True,False,2.141372019627617,5.915182083333334,5.560502083333334,4.354933095238096,1.2458955365761875,4.401285546614631,4.209384757926681
2026-04-15,6.0,IEX,9.74966,6536.7,14985.25,8224.68,2,4,0,0,False,True,False,1.8219857771706793,5.915182083333334,5.560502083333334,4.354933095238096,1.2458955365761875,4.401285546614631,4.209384757926681
2026-04-15,5.0,IEX,6.87363,6540.08,15111.05,9069.45,2,4,0,0,False,False,True,1.6661484415635472,5.915182083333334,5.560502083333334,4.354933095238096,1.2458955365761875,4.401285546614631,4.209384757926681
2026-04-15,4.0,IEX,6.855090000000001,6741.91,15107.15,8793.3,2,4,0,0,False,False,True,1.7180296342464951,5.915182083333334,5.560502083333334,4.354933095238096,1.2458955365761875,4.401285546614631,4.209384757926681
2026-04-15,3.0,IEX,9.88214,5965.9,14569.33,6967.03,2,4,0,0,False,False,True,2.0911823228962954,5.915182083333334,5.560502083333334,4.354933095238096,1.2458955365761875,4.401285546614631,4.209384757926681
2026-04-15,2.0,IEX,10.0,4449.22,14845.48,4998.7,2,4,0,0,False,False,True,2.9698681597818073,5.915182083333334,5.560502083333334,4.354933095238096,1.2458955365761875,4.401285546614631,4.209384757926681
2026-04-15,1.0,IEX,10.0,3501.37,14747.8,3796.18,2,4,0,0,False,False,True,3.8849053419887745,5.915182083333334,5.560502083333334,4.354933095238096,1.2458955365761875,4.401285546614631,4.209384757926681
2026-04-15,11.0,IEX,1.49479,9400.8,10826.38,50412.1,2,4,0,1,False,False,True,0.21475756808092547,5.915182083333334,5.560502083333334,4.354933095238096,1.2458955365761875,4.401285546614631,4.209384757926681
2026-04-16,15.0,IEX,1.06303,9656.28,11985.03,50600.8,3,4,0,1,False,False,True,0.23685455561239058,5.65519375,5.915182083333334,4.726577083333333,1.1792746842062645,4.594194500981611,4.325049477292547
2026-04-16,16.0,IEX,1.8166,11412.33,14833.63,42970.9,3,4,0,1,False,False,True,0.34520175273377984,5.65519375,5.915182083333334,4.726577083333333,1.1792746842062645,4.594194500981611,4.325049477292547
2026-04-16,17.0,IEX,2.53216,8798.75,15339.98,31141.83,3,4,0,1,False,False,True,0.4925844112267697,5.65519375,5.915182083333334,4.726577083333333,1.1792746842062645,4.594194500981611,4.325049477292547
2026-04-16,18.0,IEX,3.38524,6462.13,14290.48,17489.95,3,4,0,1,True,False,False,0.8170680872060422,5.65519375,5.915182083333334,4.726577083333333,1.1792746842062645,4.594194500981611,4.325049477292547
2026-04-16,14.0,IEX,0.32548,8498.35,10423.05,55186.68,3,4,0,1,False,False,True,0.1888689444284619,5.65519375,5.915182083333334,4.726577083333333,1.1792746842062645,4.594194500981611,4.325049477292547
2026-04-16,20.0,IEX,10.0,1820.11,21789.8,3961.63,3,4,0,1,True,False,False,5.5002107579450605,5.65519375,5.915182083333334,4.726577083333333,1.1792746842062645,4.594194500981611,4.325049477292547
2026-04-16,21.0,IEX,10.0,2105.95,17357.5,4230.85,3,4,0,1,True,False,False,4.102603486054567,5.65519375,5.915182083333334,4.726577083333333,1.1792746842062645,4.594194500981611,4.325049477292547
2026-04-16,22.0,IEX,10.0,2221.27,19100.83,4346.18,3,4,0,1,True,False,False,4.394854781912266,5.65519375,5.915182083333334,4.726577083333333,1.1792746842062645,4.594194500981611,4.325049477292547
2026-04-16,23.0,IEX,10.0,2227.89,23399.45,4300.1,3,4,0,0,False,False,True,5.441605996507974,5.65519375,5.915182083333334,4.726577083333333,1.1792746842062645,4.594194500981611,4.325049477292547
2026-04-16,19.0,IEX,7.38739,4219.85,17272.25,7086.48,3,4,0,1,True,False,False,2.4373525326574654,5.65519375,5.915182083333334,4.726577083333333,1.1792746842062645,4.594194500981611,4.325049477292547
2026-04-16,13.0,IEX,0.6917000000000001,8959.8,11120.9,54265.5,3,4,0,1,False,False,True,0.20493499549346544,5.65519375,5.915182083333334,4.726577083333333,1.1792746842062645,4.594194500981611,4.325049477292547
2026-04-16,24.0,IEX,10.0,1933.54,21434.33,3149.2,3,4,0,0,False,False,True,6.806277763221524,5.65519375,5.915182083333334,4.726577083333333,1.1792746842062645,4.594194500981611,4.325049477292547
2026-04-16,11.0,IEX,1.2446400000000002,9361.08,11182.78,50740.88,3,4,0,1,False,False,True,0.22038994983524332,5.65519375,5.915182083333334,4.726577083333333,1.1792746842062645,4.594194500981611,4.325049477292547
2026-04-16,1.0,IEX,10.0,2350.0,16431.2,2653.3,3,4,0,0,False,False,True,6.192741091498355,5.65519375,5.915182083333334,4.726577083333333,1.1792746842062645,4.594194500981611,4.325049477292547
2026-04-16,2.0,IEX,10.0,3662.02,15521.83,4241.53,3,4,0,0,False,False,True,3.659488430685417,5.65519375,5.915182083333334,4.726577083333333,1.1792746842062645,4.594194500981611,4.325049477292547
2026-04-16,3.0,IEX,10.0,5072.1,15760.53,6010.4,3,4,0,0,False,False,True,2.6222098319209874,5.65519375,5.915182083333334,4.726577083333333,1.1792746842062645,4.594194500981611,4.325049477292547
2026-04-16,4.0,IEX,8.21427,5732.98,16021.53,7211.7,3,4,0,0,False,False,True,2.2216023930257744,5.65519375,5.915182083333334,4.726577083333333,1.1792746842062645,4.594194500981611,4.325049477292547
2026-04-16,5.0,IEX,7.425050000000001,5804.25,16189.38,7554.13,3,4,0,0,False,False,True,2.1431164116276573,5.65519375,5.915182083333334,4.726577083333333,1.1792746842062645,4.594194500981611,4.325049477292547
2026-04-16,12.0,IEX,1.00123,9490.48,11539.78,53146.3,3,4,0,1,False,False,True,0.2171323309022204,5.65519375,5.915182083333334,4.726577083333333,1.1792746842062645,4.594194500981611,4.325049477292547
2026-04-16,7.0,IEX,7.22762,8698.53,19169.2,11268.5,3,4,0,0,False,True,False,1.701131471179721,5.65519375,5.915182083333334,4.726577083333333,1.1792746842062645,4.594194500981611,4.325049477292547
2026-04-16,8.0,IEX,3.55495,7088.55,14906.68,17206.83,3,4,0,0,False,True,False,0.866323430366707,5.65519375,5.915182083333334,4.726577083333333,1.1792746842062645,4.594194500981611,4.325049477292547
2026-04-16,9.0,IEX,2.05038,8288.31,12009.48,31299.73,3,4,0,1,False,True,False,0.38369276655623136,5.65519375,5.915182083333334,4.726577083333333,1.1792746842062645,4.594194500981611,4.325049477292547
2026-04-16,10.0,IEX,1.80495,9368.7,12264.05,41890.65,3,4,0,1,False,True,False,0.29276342088443036,5.65519375,5.915182083333334,4.726577083333333,1.1792746842062645,4.594194500981611,4.325049477292547
2026-04-16,6.0,IEX,5.99996,6012.55,16072.0,8850.88,3,4,0,0,False,True,False,1.8158646351369983,5.65519375,5.915182083333334,4.726577083333333,1.1792746842062645,4.594194500981611,4.325049477292547
2026-04-17,23.0,IEX,10.0,1620.72,33427.13,2429.63,4,4,0,0,False,False,True,13.758115376587726,6.257092083333333,5.65519375,5.129219107142857,1.1469433523467472,4.850024898266492,4.47961288577581
2026-04-17,22.0,IEX,10.0,1781.09,31210.33,2590.0,4,4,0,1,True,False,False,12.05032041679413,6.257092083333333,5.65519375,5.129219107142857,1.1469433523467472,4.850024898266492,4.47961288577581
2026-04-17,21.0,IEX,10.0,1690.34,27709.55,2499.25,4,4,0,1,True,False,False,11.08714609948126,6.257092083333333,5.65519375,5.129219107142857,1.1469433523467472,4.850024898266492,4.47961288577581
2026-04-17,20.0,IEX,10.0,1431.86,27226.4,2240.78,4,4,0,1,True,False,False,12.150411855914404,6.257092083333333,5.65519375,5.129219107142857,1.1469433523467472,4.850024898266492,4.47961288577581
2026-04-17,19.0,IEX,9.75507,2841.65,18721.53,3711.23,4,4,0,1,True,False,False,5.044562031874709,6.257092083333333,5.65519375,5.129219107142857,1.1469433523467472,4.850024898266492,4.47961288577581
2026-04-17,18.0,IEX,4.158930000000001,6955.92,15178.53,11839.15,4,4,0,1,True,False,False,1.2820624780646732,6.257092083333333,5.65519375,5.129219107142857,1.1469433523467472,4.850024898266492,4.47961288577581
2026-04-17,17.0,IEX,2.80117,8191.52,16266.35,26063.0,4,4,0,1,False,False,True,0.6241165634715433,6.257092083333333,5.65519375,5.129219107142857,1.1469433523467472,4.850024898266492,4.47961288577581
2026-04-17,16.0,IEX,2.09177,9963.16,15275.78,38321.95,4,4,0,1,False,False,True,0.3986169805037017,6.257092083333333,5.65519375,5.129219107142857,1.1469433523467472,4.850024898266492,4.47961288577581
2026-04-17,15.0,IEX,1.27719,8849.0,12771.58,47914.3,4,4,0,1,False,False,True,0.26655048695972794,6.257092083333333,5.65519375,5.129219107142857,1.1469433523467472,4.850024898266492,4.47961288577581
2026-04-17,14.0,IEX,0.29961,7242.62,10764.53,52836.5,4,4,0,1,False,False,True,0.20373283616368745,6.257092083333333,5.65519375,5.129219107142857,1.1469433523467472,4.850024898266492,4.47961288577581
2026-04-17,13.0,IEX,0.29988,7463.37,10952.78,52037.4,4,4,0,1,False,False,True,0.2104790016006797,6.257092083333333,5.65519375,5.129219107142857,1.1469433523467472,4.850024898266492,4.47961288577581
2026-04-17,24.0,IEX,10.0,1467.15,32950.73,1955.25,4,4,0,0,False,False,True,16.852438220931145,6.257092083333333,5.65519375,5.129219107142857,1.1469433523467472,4.850024898266492,4.47961288577581
2026-04-17,11.0,IEX,0.97517,7438.52,10617.48,47305.03,4,4,0,1,False,False,True,0.224447167621615,6.257092083333333,5.65519375,5.129219107142857,1.1469433523467472,4.850024898266492,4.47961288577581
2026-04-17,1.0,IEX,10.0,1359.67,25409.6,1494.98,4,4,0,0,False,False,True,16.996615225644387,6.257092083333333,5.65519375,5.129219107142857,1.1469433523467472,4.850024898266492,4.47961288577581
2026-04-17,2.0,IEX,10.0,1487.12,19688.8,1757.83,4,4,0,0,False,False,True,11.200627983362283,6.257092083333333,5.65519375,5.129219107142857,1.1469433523467472,4.850024898266492,4.47961288577581
2026-04-17,3.0,IEX,10.0,1804.6,17544.1,2181.6,4,4,0,0,False,False,True,8.041849981473,6.257092083333333,5.65519375,5.129219107142857,1.1469433523467472,4.850024898266492,4.47961288577581
2026-04-17,4.0,IEX,10.0,2487.93,16919.28,2942.13,4,4,0,0,False,False,True,5.750690806488187,6.257092083333333,5.65519375,5.129219107142857,1.1469433523467472,4.850024898266492,4.47961288577581
2026-04-17,5.0,IEX,10.0,2477.62,17527.23,3042.23,4,4,0,0,False,False,True,5.761309941190146,6.257092083333333,5.65519375,5.129219107142857,1.1469433523467472,4.850024898266492,4.47961288577581
2026-04-17,12.0,IEX,0.96243,7780.53,11043.25,50524.08,4,4,0,1,False,False,True,0.2185739947726759,6.257092083333333,5.65519375,5.129219107142857,1.1469433523467472,4.850024898266492,4.47961288577581
2026-04-17,7.0,IEX,10.0,5059.89,19792.85,5775.0,4,4,0,0,False,True,False,3.427333327398557,6.257092083333333,5.65519375,5.129219107142857,1.1469433523467472,4.850024898266492,4.47961288577581
2026-04-17,8.0,IEX,4.0453600000000005,7243.3,17065.13,13763.73,4,4,0,0,False,True,False,1.2398623038668573,6.257092083333333,5.65519375,5.129219107142857,1.1469433523467472,4.850024898266492,4.47961288577581
2026-04-17,9.0,IEX,2.15895,7635.0,13662.7,28935.65,4,4,0,1,False,True,False,0.4721753268123663,6.257092083333333,5.65519375,5.129219107142857,1.1469433523467472,4.850024898266492,4.47961288577581
2026-04-17,10.0,IEX,1.34468,7488.42,11765.03,38548.73,4,4,0,1,False,True,False,0.3051989001180586,6.257092083333333,5.65519375,5.129219107142857,1.1469433523467472,4.850024898266492,4.47961288577581
2026-04-17,6.0,IEX,10.0,2731.09,16913.45,3361.3,4,4,0,0,False,True,False,5.03181803161926,6.257092083333333,5.65519375,5.129219107142857,1.1469433523467472,4.850024898266492,4.47961288577581
2026-04-18,14.0,IEX,1.16589,8883.9,13195.68,47941.95,5,4,1,1,False,False,True,0.27524287179072965,6.41086375,6.257092083333333,5.509836547619048,1.0495715757039865,5.090153952379339,4.634112954913745
2026-04-18,15.0,IEX,1.7442,9599.76,15199.5,43806.3,5,4,1,1,False,False,True,0.3469706411299355,6.41086375,6.257092083333333,5.509836547619048,1.0495715757039865,5.090153952379339,4.634112954913745
2026-04-18,16.0,IEX,2.2672800000000004,9149.89,16532.53,35936.35,5,4,1,1,False,False,True,0.46005033887413427,6.41086375,6.257092083333333,5.509836547619048,1.0495715757039865,5.090153952379339,4.634112954913745
2026-04-18,17.0,IEX,2.64779,7335.03,17688.1,25928.98,5,4,1,1,False,False,True,0.6821749252449673,6.41086375,6.257092083333333,5.509836547619048,1.0495715757039865,5.090153952379339,4.634112954913745
2026-04-18,18.0,IEX,3.62551,5140.7,16439.08,11472.6,5,4,1,1,True,False,False,1.4328992543687578,6.41086375,6.257092083333333,5.509836547619048,1.0495715757039865,5.090153952379339,4.634112954913745
2026-04-18,20.0,IEX,10.0,1330.73,28707.48,2139.65,5,4,1,1,True,False,False,13.416904571229383,6.41086375,6.257092083333333,5.509836547619048,1.0495715757039865,5.090153952379339,4.634112954913745
2026-04-18,21.0,IEX,10.0,1500.09,29655.13,2309.0,5,4,1,1,True,False,False,12.843278419907845,6.41086375,6.257092083333333,5.509836547619048,1.0495715757039865,5.090153952379339,4.634112954913745
2026-04-18,22.0,IEX,10.0,1512.58,35752.25,2321.5,5,4,1,1,True,False,False,15.400495303034695,6.41086375,6.257092083333333,5.509836547619048,1.0495715757039865,5.090153952379339,4.634112954913745
2026-04-18,23.0,IEX,10.0,1419.1,38692.28,2228.0,5,4,1,0,False,False,True,17.366373351138357,6.41086375,6.257092083333333,5.509836547619048,1.0495715757039865,5.090153952379339,4.634112954913745
2026-04-18,13.0,IEX,1.4735,8819.3,12719.13,47374.2,5,4,1,1,False,False,True,0.2684822117801499,6.41086375,6.257092083333333,5.509836547619048,1.0495715757039865,5.090153952379339,4.634112954913745
2026-04-18,19.0,IEX,9.000129999999999,2770.62,21314.98,3613.48,5,4,1,1,True,False,False,5.8987402562107984,6.41086375,6.257092083333333,5.509836547619048,1.0495715757039865,5.090153952379339,4.634112954913745
2026-04-18,24.0,IEX,10.0,1325.6,41414.55,1813.7,5,4,1,0,False,False,True,22.834288896541388,6.41086375,6.257092083333333,5.509836547619048,1.0495715757039865,5.090153952379339,4.634112954913745
2026-04-18,12.0,IEX,1.57619,9189.6,12718.65,46614.4,5,4,1,1,False,False,True,0.2728480898021109,6.41086375,6.257092083333333,5.509836547619048,1.0495715757039865,5.090153952379339,4.634112954913745
2026-04-18,10.0,IEX,2.06187,8523.5,14043.95,36183.25,5,4,1,1,False,True,False,0.3881340121774208,6.41086375,6.257092083333333,5.509836547619048,1.0495715757039865,5.090153952379339,4.634112954913745
2026-04-18,11.0,IEX,1.81183,9031.72,12649.0,42797.63,5,4,1,1,False,False,True,0.29555374905209614,6.41086375,6.257092083333333,5.509836547619048,1.0495715757039865,5.090153952379339,4.634112954913745
2026-04-18,1.0,IEX,10.0,1347.78,29388.23,1493.1,5,4,1,0,False,False,True,19.682693592641527,6.41086375,6.257092083333333,5.509836547619048,1.0495715757039865,5.090153952379339,4.634112954913745
2026-04-18,2.0,IEX,10.0,1509.06,22499.28,1789.78,5,4,1,0,False,False,True,12.570975133418772,6.41086375,6.257092083333333,5.509836547619048,1.0495715757039865,5.090153952379339,4.634112954913745
2026-04-18,3.0,IEX,10.0,1847.34,19389.13,2234.35,5,4,1,0,False,False,True,8.677749642277398,6.41086375,6.257092083333333,5.509836547619048,1.0495715757039865,5.090153952379339,4.634112954913745
2026-04-18,4.0,IEX,10.0,2626.67,18632.35,3090.88,5,4,1,0,False,False,True,6.028169951508405,6.41086375,6.257092083333333,5.509836547619048,1.0495715757039865,5.090153952379339,4.634112954913745
2026-04-18,6.0,IEX,10.0,2822.62,19189.73,3462.83,5,4,1,0,False,True,False,5.541632117251981,6.41086375,6.257092083333333,5.509836547619048,1.0495715757039865,5.090153952379339,4.634112954913745
2026-04-18,7.0,IEX,10.0,5052.07,21540.6,5777.18,5,4,1,0,False,True,False,3.7285665260065177,6.41086375,6.257092083333333,5.509836547619048,1.0495715757039865,5.090153952379339,4.634112954913745
2026-04-18,8.0,IEX,4.2365900000000005,6885.63,18195.0,12472.9,5,4,1,0,False,True,False,1.4587625961414246,6.41086375,6.257092083333333,5.509836547619048,1.0495715757039865,5.090153952379339,4.634112954913745
2026-04-18,9.0,IEX,2.24995,7767.43,14974.78,26540.68,5,4,1,1,False,True,False,0.5642199067378003,6.41086375,6.257092083333333,5.509836547619048,1.0495715757039865,5.090153952379339,4.634112954913745
2026-04-18,5.0,IEX,10.0,3024.03,19265.25,3584.83,5,4,1,0,False,False,True,5.374104196366064,6.41086375,6.257092083333333,5.509836547619048,1.0495715757039865,5.090153952379339,4.634112954913745
2026-04-19,24.0,IEX,10.0,1543.33,22892.65,2031.43,6,4,1,0,False,False,True,11.269229009765393,5.992465833333333,6.41086375,5.8998582142857146,0.34793649478404226,5.2289711648337995,4.742781185187313
2026-04-19,14.0,IEX,0.29973,7957.8,10464.9,51194.3,6,4,1,1,False,False,True,0.20441533526107095,5.992465833333333,6.41086375,5.8998582142857146,0.34793649478404226,5.2289711648337995,4.742781185187313
2026-04-19,15.0,IEX,1.08331,8116.68,10833.6,44821.65,6,4,1,1,False,False,True,0.24170462260052794,5.992465833333333,6.41086375,5.8998582142857146,0.34793649478404226,5.2289711648337995,4.742781185187313
2026-04-19,16.0,IEX,1.8643,8522.86,11773.68,37011.63,6,4,1,1,False,False,True,0.3181075785319081,5.992465833333333,6.41086375,5.8998582142857146,0.34793649478404226,5.2289711648337995,4.742781185187313
2026-04-19,17.0,IEX,2.24018,7671.44,13674.7,27398.18,6,4,1,1,False,False,True,0.49910979470201683,5.992465833333333,6.41086375,5.8998582142857146,0.34793649478404226,5.2289711648337995,4.742781185187313
2026-04-19,20.0,IEX,10.0,1899.22,17478.65,2719.83,6,4,1,1,True,False,False,6.426375889572599,5.992465833333333,6.41086375,5.8998582142857146,0.34793649478404226,5.2289711648337995,4.742781185187313
2026-04-19,19.0,IEX,6.99259,4319.68,14459.38,6205.35,6,4,1,1,True,False,False,2.330147369076446,5.992465833333333,6.41086375,5.8998582142857146,0.34793649478404226,5.2289711648337995,4.742781185187313
2026-04-19,21.0,IEX,10.0,1912.82,17216.08,2721.73,6,4,1,1,True,False,False,6.3254180013248265,5.992465833333333,6.41086375,5.8998582142857146,0.34793649478404226,5.2289711648337995,4.742781185187313
2026-04-19,22.0,IEX,10.0,1860.14,19149.65,2770.53,6,4,1,1,True,False,False,6.911908526845374,5.992465833333333,6.41086375,5.8998582142857146,0.34793649478404226,5.2289711648337995,4.742781185187313
2026-04-19,13.0,IEX,0.3394,8479.25,10454.35,50881.65,6,4,1,1,False,False,True,0.20546405232427326,5.992465833333333,6.41086375,5.8998582142857146,0.34793649478404226,5.2289711648337995,4.742781185187313
2026-04-19,18.0,IEX,2.66278,6063.02,12371.5,14300.05,6,4,1,1,True,False,False,0.8651368345809023,5.992465833333333,6.41086375,5.8998582142857146,0.34793649478404226,5.2289711648337995,4.742781185187313
2026-04-19,23.0,IEX,10.0,1538.66,23505.0,2347.58,6,4,1,0,False,False,True,10.012438298109378,5.992465833333333,6.41086375,5.8998582142857146,0.34793649478404226,5.2289711648337995,4.742781185187313
2026-04-19,12.0,IEX,1.00112,8400.63,10533.33,47666.5,6,4,1,1,False,False,True,0.2209797236589681,5.992465833333333,6.41086375,5.8998582142857146,0.34793649478404226,5.2289711648337995,4.742781185187313
2026-04-19,10.0,IEX,1.47899,8477.43,11699.73,36805.83,6,4,1,1,False,True,False,0.3178770862339262,5.992465833333333,6.41086375,5.8998582142857146,0.34793649478404226,5.2289711648337995,4.742781185187313
2026-04-19,1.0,IEX,10.0,1489.05,25729.8,1624.35,6,4,1,0,False,False,True,15.84005900304701,5.992465833333333,6.41086375,5.8998582142857146,0.34793649478404226,5.2289711648337995,4.742781185187313
2026-04-19,2.0,IEX,10.0,1655.95,20831.25,1996.65,6,4,1,0,False,False,True,10.433100390989406,5.992465833333333,6.41086375,5.8998582142857146,0.34793649478404226,5.2289711648337995,4.742781185187313
2026-04-19,3.0,IEX,10.0,2052.23,17387.75,2520.53,6,4,1,0,False,False,True,6.898449901812515,5.992465833333333,6.41086375,5.8998582142857146,0.34793649478404226,5.2289711648337995,4.742781185187313
2026-04-19,4.0,IEX,10.0,2993.55,17104.13,3539.05,6,4,1,0,False,False,True,4.832972111631731,5.992465833333333,6.41086375,5.8998582142857146,0.34793649478404226,5.2289711648337995,4.742781185187313
2026-04-19,11.0,IEX,1.05134,8036.98,10106.68,43052.6,6,4,1,1,False,False,True,0.23475190807645718,5.992465833333333,6.41086375,5.8998582142857146,0.34793649478404226,5.2289711648337995,4.742781185187313
2026-04-19,6.0,IEX,10.0,3610.08,17260.9,4274.18,6,4,1,0,False,True,False,4.038412036838851,5.992465833333333,6.41086375,5.8998582142857146,0.34793649478404226,5.2289711648337995,4.742781185187313
2026-04-19,7.0,IEX,9.45002,5751.78,18180.6,6683.93,6,4,1,0,False,True,False,2.7200464356747505,5.992465833333333,6.41086375,5.8998582142857146,0.34793649478404226,5.2289711648337995,4.742781185187313
2026-04-19,8.0,IEX,3.68587,7098.26,15522.73,14654.45,6,4,1,0,False,True,False,1.0592502611430314,5.992465833333333,6.41086375,5.8998582142857146,0.34793649478404226,5.2289711648337995,4.742781185187313
2026-04-19,9.0,IEX,1.66955,8884.77,12580.6,29140.03,6,4,1,1,False,True,False,0.4317291367127182,5.992465833333333,6.41086375,5.8998582142857146,0.34793649478404226,5.2289711648337995,4.742781185187313
2026-04-19,5.0,IEX,10.0,3319.05,17256.68,3961.15,6,4,1,0,False,False,True,4.356482323677512,5.992465833333333,6.41086375,5.8998582142857146,0.34793649478404226,5.2289711648337995,4.742781185187313
2026-04-20,14.0,IEX,1.08862,8197.12,13401.45,46368.55,0,4,0,1,False,False,True,0.28902025181097524,6.468812083333333,5.992465833333333,6.03715880952381,0.35691392553108325,5.419715921526035,4.880863657038995
2026-04-20,23.0,IEX,10.0,1382.93,47760.33,2191.85,0,4,0,0,False,False,True,21.789962717385027,6.468812083333333,5.992465833333333,6.03715880952381,0.35691392553108325,5.419715921526035,4.880863657038995
2026-04-20,22.0,IEX,10.0,1697.15,38968.7,2506.05,0,4,0,1,True,False,False,15.549849302488576,6.468812083333333,5.992465833333333,6.03715880952381,0.35691392553108325,5.419715921526035,4.880863657038995
2026-04-20,21.0,IEX,10.0,1675.12,32512.15,2484.03,0,4,0,1,True,False,False,13.088469088181425,6.468812083333333,5.992465833333333,6.03715880952381,0.35691392553108325,5.419715921526035,4.880863657038995
2026-04-20,20.0,IEX,10.0,1313.59,33620.73,2122.5,0,4,0,1,True,False,False,15.840155402402095,6.468812083333333,5.992465833333333,6.03715880952381,0.35691392553108325,5.419715921526035,4.880863657038995
2026-04-20,19.0,IEX,10.0,2506.53,23212.95,3315.43,0,4,0,1,True,False,False,7.001489981687172,6.468812083333333,5.992465833333333,6.03715880952381,0.35691392553108325,5.419715921526035,4.880863657038995
2026-04-20,18.0,IEX,4.523560000000001,5634.33,17719.48,10134.75,0,4,0,1,True,False,False,1.7483884637032108,6.468812083333333,5.992465833333333,6.03715880952381,0.35691392553108325,5.419715921526035,4.880863657038995
2026-04-20,17.0,IEX,2.93313,7537.93,18478.6,25905.73,0,4,0,1,False,False,True,0.7133016515213809,6.468812083333333,5.992465833333333,6.03715880952381,0.35691392553108325,5.419715921526035,4.880863657038995
2026-04-20,16.0,IEX,2.34306,8559.63,16767.6,35053.3,0,4,0,1,False,False,True,0.47834583320875745,6.468812083333333,5.992465833333333,6.03715880952381,0.35691392553108325,5.419715921526035,4.880863657038995
2026-04-20,15.0,IEX,1.78971,8895.18,15148.6,41088.25,0,4,0,1,False,False,True,0.3686844778327905,6.468812083333333,5.992465833333333,6.03715880952381,0.35691392553108325,5.419715921526035,4.880863657038995
2026-04-20,13.0,IEX,1.33742,7993.67,13150.15,46356.23,0,4,0,1,False,False,True,0.28367600206408583,6.468812083333333,5.992465833333333,6.03715880952381,0.35691392553108325,5.419715921526035,4.880863657038995
2026-04-20,24.0,IEX,10.0,1265.72,51162.23,1753.83,0,4,0,0,False,False,True,29.171715450347442,6.468812083333333,5.992465833333333,6.03715880952381,0.35691392553108325,5.419715921526035,4.880863657038995
2026-04-20,11.0,IEX,1.6486500000000002,7834.51,12679.98,40482.08,0,4,0,1,False,False,True,0.31322451803039153,6.468812083333333,5.992465833333333,6.03715880952381,0.35691392553108325,5.419715921526035,4.880863657038995
2026-04-20,1.0,IEX,10.0,1176.29,30414.43,1311.6,0,4,0,0,False,False,True,23.188799762207996,6.468812083333333,5.992465833333333,6.03715880952381,0.35691392553108325,5.419715921526035,4.880863657038995
2026-04-20,2.0,IEX,10.0,1320.7,25146.25,1591.4,0,4,0,0,False,False,True,15.801338344845178,6.468812083333333,5.992465833333333,6.03715880952381,0.35691392553108325,5.419715921526035,4.880863657038995
2026-04-20,3.0,IEX,10.0,1648.1,19760.33,2025.1,0,4,0,0,False,False,True,9.757705744122733,6.468812083333333,5.992465833333333,6.03715880952381,0.35691392553108325,5.419715921526035,4.880863657038995
2026-04-20,4.0,IEX,10.0,2272.05,19032.23,2726.25,0,4,0,0,False,False,True,6.981102221068858,6.468812083333333,5.992465833333333,6.03715880952381,0.35691392553108325,5.419715921526035,4.880863657038995
2026-04-20,5.0,IEX,10.0,2719.78,19423.08,3270.58,0,4,0,0,False,False,True,5.938726446261133,6.468812083333333,5.992465833333333,6.03715880952381,0.35691392553108325,5.419715921526035,4.880863657038995
2026-04-20,12.0,IEX,1.51559,7942.55,13042.98,44846.78,0,4,0,1,False,False,True,0.2908342582698614,6.468812083333333,5.992465833333333,6.03715880952381,0.35691392553108325,5.419715921526035,4.880863657038995
2026-04-20,7.0,IEX,10.0,5008.75,24045.0,5723.85,0,4,0,0,False,True,False,4.200843830287579,6.468812083333333,5.992465833333333,6.03715880952381,0.35691392553108325,5.419715921526035,4.880863657038995
2026-04-20,8.0,IEX,3.84668,7226.43,18593.5,13619.5,0,4,0,0,False,True,False,1.365211644065339,6.468812083333333,5.992465833333333,6.03715880952381,0.35691392553108325,5.419715921526035,4.880863657038995
2026-04-20,9.0,IEX,2.1865,7516.63,14802.95,26921.25,0,4,0,1,False,True,False,0.5498611689465158,6.468812083333333,5.992465833333333,6.03715880952381,0.35691392553108325,5.419715921526035,4.880863657038995
2026-04-20,10.0,IEX,2.03857,7468.19,13753.33,34967.5,0,4,0,1,False,True,False,0.39331750900312645,6.468812083333333,5.992465833333333,6.03715880952381,0.35691392553108325,5.419715921526035,4.880863657038995
2026-04-20,6.0,IEX,10.0,2654.97,21397.45,3285.18,0,4,0,0,False,True,False,6.51332649500689,6.468812083333333,5.992465833333333,6.03715880952381,0.35691392553108325,5.419715921526035,4.880863657038995
2026-04-21,14.0,IEX,1.48953,8782.3,13016.48,46546.88,1,4,0,1,False,False,True,0.2796423733922354,6.48018,6.468812083333333,6.1685413690476185,0.3195209443805896,5.58286424129126,5.008808964475876
2026-04-21,15.0,IEX,1.91248,9743.38,15047.8,41270.68,1,4,0,1,False,False,True,0.36461235909739975,6.48018,6.468812083333333,6.1685413690476185,0.3195209443805896,5.58286424129126,5.008808964475876
2026-04-21,16.0,IEX,2.46158,9015.75,16113.63,33205.78,1,4,0,1,False,False,True,0.485265818033708,6.48018,6.468812083333333,6.1685413690476185,0.3195209443805896,5.58286424129126,5.008808964475876
2026-04-21,17.0,IEX,3.10965,7884.78,17709.53,22891.63,1,4,0,1,False,False,True,0.7736246825701687,6.48018,6.468812083333333,6.1685413690476185,0.3195209443805896,5.58286424129126,5.008808964475876
2026-04-21,18.0,IEX,4.65395,5699.9,16316.03,10545.78,1,4,0,1,True,False,False,1.547161991292098,6.48018,6.468812083333333,6.1685413690476185,0.3195209443805896,5.58286424129126,5.008808964475876
2026-04-21,20.0,IEX,10.0,1211.26,29270.45,2020.18,1,4,0,1,True,False,False,14.489030608712934,6.48018,6.468812083333333,6.1685413690476185,0.3195209443805896,5.58286424129126,5.008808964475876
2026-04-21,21.0,IEX,10.0,1417.92,31675.25,2226.83,1,4,0,1,True,False,False,14.224368208509997,6.48018,6.468812083333333,6.1685413690476185,0.3195209443805896,5.58286424129126,5.008808964475876
2026-04-21,22.0,IEX,10.0,1427.77,37166.13,2236.68,1,4,0,1,True,False,False,16.616650497090998,6.48018,6.468812083333333,6.1685413690476185,0.3195209443805896,5.58286424129126,5.008808964475876
2026-04-21,23.0,IEX,10.0,1323.82,41119.1,2132.73,1,4,0,0,False,False,True,19.28003066829823,6.48018,6.468812083333333,6.1685413690476185,0.3195209443805896,5.58286424129126,5.008808964475876
2026-04-21,13.0,IEX,1.52315,8349.02,12545.08,46254.65,1,4,0,1,False,False,True,0.27121770453971267,6.48018,6.468812083333333,6.1685413690476185,0.3195209443805896,5.58286424129126,5.008808964475876
2026-04-21,19.0,IEX,9.000219999999999,2537.5,21254.15,3379.38,1,4,0,1,True,False,False,6.2893637108304965,6.48018,6.468812083333333,6.1685413690476185,0.3195209443805896,5.58286424129126,5.008808964475876
2026-04-21,24.0,IEX,10.0,1289.35,44229.15,1777.45,1,4,0,0,False,False,True,24.883484627508597,6.48018,6.468812083333333,6.1685413690476185,0.3195209443805896,5.58286424129126,5.008808964475876
2026-04-21,12.0,IEX,1.53725,7633.48,11879.28,44786.7,1,4,0,1,False,False,True,0.2652412434349391,6.48018,6.468812083333333,6.1685413690476185,0.3195209443805896,5.58286424129126,5.008808964475876
2026-04-21,10.0,IEX,2.05454,7777.35,12998.83,34806.13,1,4,0,1,False,True,False,0.373463812157955,6.48018,6.468812083333333,6.1685413690476185,0.3195209443805896,5.58286424129126,5.008808964475876
2026-04-21,9.0,IEX,2.10517,7649.05,13577.68,28208.28,1,4,0,1,False,True,False,0.48133668536992097,6.48018,6.468812083333333,6.1685413690476185,0.3195209443805896,5.58286424129126,5.008808964475876
2026-04-21,8.0,IEX,3.96252,6756.11,16567.4,13133.58,1,4,0,0,False,True,False,1.2614534641267245,6.48018,6.468812083333333,6.1685413690476185,0.3195209443805896,5.58286424129126,5.008808964475876
2026-04-21,7.0,IEX,10.0,5088.0,20234.0,5803.1,1,4,0,0,False,True,False,3.486757072104983,6.48018,6.468812083333333,6.1685413690476185,0.3195209443805896,5.58286424129126,5.008808964475876
2026-04-21,6.0,IEX,10.0,2669.48,18110.23,3299.68,1,4,0,0,False,True,False,5.488480684525528,6.48018,6.468812083333333,6.1685413690476185,0.3195209443805896,5.58286424129126,5.008808964475876
2026-04-21,5.0,IEX,10.0,2699.75,18012.95,3250.55,1,4,0,0,False,False,True,5.541508343075761,6.48018,6.468812083333333,6.1685413690476185,0.3195209443805896,5.58286424129126,5.008808964475876
2026-04-21,4.0,IEX,10.0,2268.34,17753.98,2722.55,1,4,0,0,False,False,True,6.521084988260692,6.48018,6.468812083333333,6.1685413690476185,0.3195209443805896,5.58286424129126,5.008808964475876
2026-04-21,3.0,IEX,10.0,1711.94,19895.5,2088.95,1,4,0,0,False,False,True,9.524162811344633,6.48018,6.468812083333333,6.1685413690476185,0.3195209443805896,5.58286424129126,5.008808964475876
2026-04-21,2.0,IEX,10.0,1435.65,26094.25,1706.35,1,4,0,0,False,False,True,15.29243698366433,6.48018,6.468812083333333,6.1685413690476185,0.3195209443805896,5.58286424129126,5.008808964475876
2026-04-21,1.0,IEX,10.0,1255.5,34143.0,1390.8,1,4,0,0,False,False,True,24.549180151357636,6.48018,6.468812083333333,6.1685413690476185,0.3195209443805896,5.58286424129126,5.008808964475876
2026-04-21,11.0,IEX,1.71428,7473.55,11299.43,40411.53,1,4,0,1,False,False,True,0.27960906199799684,6.48018,6.468812083333333,6.1685413690476185,0.3195209443805896,5.58286424129126,5.008808964475876
2026-04-22,15.0,IEX,1.65068,9574.82,16278.63,41977.08,2,4,0,1,False,False,True,0.3877980554179094,6.463567916666666,6.48018,6.246882202380952,0.31423200992208056,5.718357114425937,5.12518968065114
2026-04-22,16.0,IEX,2.23719,9893.13,18323.55,34582.35,2,4,0,1,False,False,True,0.5298526558982103,6.463567916666666,6.48018,6.246882202380952,0.31423200992208056,5.718357114425937,5.12518968065114
2026-04-22,17.0,IEX,3.06697,8938.18,19344.03,24119.18,2,4,0,1,False,False,True,0.8020185591707435,6.463567916666666,6.48018,6.246882202380952,0.31423200992208056,5.718357114425937,5.12518968065114
2026-04-22,18.0,IEX,5.14907,7222.7,18657.73,11259.13,2,4,0,1,True,False,False,1.6571200424392294,6.463567916666666,6.48018,6.246882202380952,0.31423200992208056,5.718357114425937,5.12518968065114
2026-04-22,14.0,IEX,1.09651,8496.24,14714.73,46984.33,2,4,0,1,False,False,True,0.31318377843992157,6.463567916666666,6.48018,6.246882202380952,0.31423200992208056,5.718357114425937,5.12518968065114
2026-04-22,20.0,IEX,10.0,1195.99,36055.98,2374.2,2,4,0,1,True,False,False,15.186580679022068,6.463567916666666,6.48018,6.246882202380952,0.31423200992208056,5.718357114425937,5.12518968065114
2026-04-22,21.0,IEX,10.0,1200.33,37863.45,2378.53,2,4,0,1,True,False,False,15.918844765805579,6.463567916666666,6.48018,6.246882202380952,0.31423200992208056,5.718357114425937,5.12518968065114
2026-04-22,22.0,IEX,10.0,1223.71,41736.08,2401.93,2,4,0,1,True,False,False,17.37606001267289,6.463567916666666,6.48018,6.246882202380952,0.31423200992208056,5.718357114425937,5.12518968065114
2026-04-22,23.0,IEX,10.0,1258.2,47623.78,2386.68,2,4,0,0,False,False,True,19.95398620697376,6.463567916666666,6.48018,6.246882202380952,0.31423200992208056,5.718357114425937,5.12518968065114
2026-04-22,19.0,IEX,9.17,2715.75,22133.03,3942.2,2,4,0,1,True,False,False,5.614385354334165,6.463567916666666,6.48018,6.246882202380952,0.31423200992208056,5.718357114425937,5.12518968065114
2026-04-22,13.0,IEX,1.42982,8095.91,14628.6,47568.03,2,4,0,1,False,False,True,0.3075300784355522,6.463567916666666,6.48018,6.246882202380952,0.31423200992208056,5.718357114425937,5.12518968065114
2026-04-22,24.0,IEX,10.0,1198.37,50136.55,1863.08,2,4,0,0,False,False,True,26.91057267046733,6.463567916666666,6.48018,6.246882202380952,0.31423200992208056,5.718357114425937,5.12518968065114
2026-04-22,11.0,IEX,1.65842,7809.85,14730.53,41470.1,2,4,0,1,False,False,True,0.3552084513046247,6.463567916666666,6.48018,6.246882202380952,0.31423200992208056,5.718357114425937,5.12518968065114
2026-04-22,1.0,IEX,10.0,1218.44,37662.63,1420.7,2,4,0,0,False,False,True,26.509910420849504,6.463567916666666,6.48018,6.246882202380952,0.31423200992208056,5.718357114425937,5.12518968065114
2026-04-22,2.0,IEX,10.0,1706.3,28009.48,2100.95,2,4,0,0,False,False,True,13.331816495719476,6.463567916666666,6.48018,6.246882202380952,0.31423200992208056,5.718357114425937,5.12518968065114
2026-04-22,3.0,IEX,10.0,1995.82,21982.8,2562.08,2,4,0,0,False,False,True,8.580059917800927,6.463567916666666,6.48018,6.246882202380952,0.31423200992208056,5.718357114425937,5.12518968065114
2026-04-22,4.0,IEX,10.0,2221.4,20819.28,2922.45,2,4,0,0,False,False,True,7.123913130681745,6.463567916666666,6.48018,6.246882202380952,0.31423200992208056,5.718357114425937,5.12518968065114
2026-04-22,5.0,IEX,10.0,2300.07,20357.43,3145.88,2,4,0,0,False,False,True,6.471140010200198,6.463567916666666,6.48018,6.246882202380952,0.31423200992208056,5.718357114425937,5.12518968065114
2026-04-22,12.0,IEX,1.5228199999999998,7662.83,14446.33,44829.93,2,4,0,1,False,False,True,0.32224743596025074,6.463567916666666,6.48018,6.246882202380952,0.31423200992208056,5.718357114425937,5.12518968065114
2026-04-22,7.0,IEX,10.0,5097.4,20723.93,6163.8,2,4,0,0,False,True,False,3.36220026061488,6.463567916666666,6.48018,6.246882202380952,0.31423200992208056,5.718357114425937,5.12518968065114
2026-04-22,8.0,IEX,3.7576,6564.75,18352.93,13157.1,2,4,0,0,False,True,False,1.3949069313185223,6.463567916666666,6.48018,6.246882202380952,0.31423200992208056,5.718357114425937,5.12518968065114
2026-04-22,9.0,IEX,2.2105300000000003,7448.45,15394.05,27514.78,2,4,0,1,False,True,False,0.5594829395112434,6.463567916666666,6.48018,6.246882202380952,0.31423200992208056,5.718357114425937,5.12518968065114
2026-04-22,10.0,IEX,2.17602,7590.76,15344.53,34836.58,2,4,0,1,False,True,False,0.4404717683422219,6.463567916666666,6.48018,6.246882202380952,0.31423200992208056,5.718357114425937,5.12518968065114
2026-04-22,6.0,IEX,10.0,2691.04,19660.18,3652.05,2,4,0,0,False,True,False,5.383327157669453,6.463567916666666,6.48018,6.246882202380952,0.31423200992208056,5.718357114425937,5.12518968065114
2026-04-23,15.0,IEX,1.51183,8857.41,14257.8,41585.38,3,4,0,1,False,False,True,0.34285607096944737,6.4628387499999995,6.463567916666666,6.362260059523808,0.1806507646927543,5.8328927506681,5.232201606199049
2026-04-23,16.0,IEX,2.34518,8357.02,16625.08,31949.83,3,4,0,1,False,False,True,0.520349560382528,6.4628387499999995,6.463567916666666,6.362260059523808,0.1806507646927543,5.8328927506681,5.232201606199049
2026-04-23,17.0,IEX,3.09236,8004.77,18028.23,24399.83,3,4,0,1,False,False,True,0.7388670327871681,6.4628387499999995,6.463567916666666,6.362260059523808,0.1806507646927543,5.8328927506681,5.232201606199049
2026-04-23,18.0,IEX,5.574229999999999,5725.6,16448.18,10334.23,3,4,0,1,True,False,False,1.5916212416487527,6.4628387499999995,6.463567916666666,6.362260059523808,0.1806507646927543,5.8328927506681,5.232201606199049
2026-04-23,19.0,IEX,10.0,2661.62,19429.98,3939.83,3,4,0,1,True,False,False,4.931679780773079,6.4628387499999995,6.463567916666666,6.362260059523808,0.1806507646927543,5.8328927506681,5.232201606199049
2026-04-23,21.0,IEX,10.0,1407.22,33650.73,2585.43,3,4,0,1,True,False,False,13.01552541350752,6.4628387499999995,6.463567916666666,6.362260059523808,0.1806507646927543,5.8328927506681,5.232201606199049
2026-04-23,22.0,IEX,10.0,1540.0,40150.08,2718.2,3,4,0,1,True,False,False,14.770833585568267,6.4628387499999995,6.463567916666666,6.362260059523808,0.1806507646927543,5.8328927506681,5.232201606199049
2026-04-23,23.0,IEX,10.0,1312.14,47551.8,2440.63,3,4,0,0,False,False,True,19.48341199000499,6.4628387499999995,6.463567916666666,6.362260059523808,0.1806507646927543,5.8328927506681,5.232201606199049
2026-04-23,24.0,IEX,10.0,1298.27,48109.33,1962.98,3,4,0,0,False,False,True,24.50831376525327,6.4628387499999995,6.463567916666666,6.362260059523808,0.1806507646927543,5.8328927506681,5.232201606199049
2026-04-23,14.0,IEX,1.00121,8071.54,13014.28,47732.55,3,4,0,1,False,False,True,0.27265000502327025,6.4628387499999995,6.463567916666666,6.362260059523808,0.1806507646927543,5.8328927506681,5.232201606199049
2026-04-23,20.0,IEX,10.0,1248.47,32797.35,2426.68,3,4,0,1,True,False,False,13.515317167837056,6.4628387499999995,6.463567916666666,6.362260059523808,0.1806507646927543,5.8328927506681,5.232201606199049
2026-04-23,13.0,IEX,1.00089,7828.47,12941.3,48805.85,3,4,0,1,False,False,True,0.2651587872631746,6.4628387499999995,6.463567916666666,6.362260059523808,0.1806507646927543,5.8328927506681,5.232201606199049
2026-04-23,12.0,IEX,1.08631,8222.67,13264.28,46337.58,3,4,0,1,False,False,True,0.28625318795538024,6.4628387499999995,6.463567916666666,6.362260059523808,0.1806507646927543,5.8328927506681,5.232201606199049
2026-04-23,11.0,IEX,1.65776,8647.35,13773.63,42929.58,3,4,0,1,False,False,True,0.32084241208023867,6.4628387499999995,6.463567916666666,6.362260059523808,0.1806507646927543,5.8328927506681,5.232201606199049
2026-04-23,2.0,IEX,10.0,1669.9,29645.75,2064.55,3,4,0,0,False,False,True,14.359424502388293,6.4628387499999995,6.463567916666666,6.362260059523808,0.1806507646927543,5.8328927506681,5.232201606199049
2026-04-23,3.0,IEX,10.0,2109.9,20798.63,2676.15,3,4,0,0,False,False,True,7.771847587871204,6.4628387499999995,6.463567916666666,6.362260059523808,0.1806507646927543,5.8328927506681,5.232201606199049
2026-04-23,4.0,IEX,10.0,2664.87,18612.68,3365.93,3,4,0,0,False,False,True,5.529728765809958,6.4628387499999995,6.463567916666666,6.362260059523808,0.1806507646927543,5.8328927506681,5.232201606199049
2026-04-23,5.0,IEX,10.0,2971.75,18578.35,3817.55,3,4,0,0,False,False,True,4.866563620996283,6.4628387499999995,6.463567916666666,6.362260059523808,0.1806507646927543,5.8328927506681,5.232201606199049
2026-04-23,1.0,IEX,10.0,1331.45,39369.68,1533.73,3,4,0,0,False,False,True,25.66923757330666,6.4628387499999995,6.463567916666666,6.362260059523808,0.1806507646927543,5.8328927506681,5.232201606199049
2026-04-23,7.0,IEX,9.74984,5055.35,20676.43,6239.38,3,4,0,0,False,True,False,3.3138597051087455,6.4628387499999995,6.463567916666666,6.362260059523808,0.1806507646927543,5.8328927506681,5.232201606199049
2026-04-23,8.0,IEX,3.73244,5982.85,17973.15,13235.1,3,4,0,0,False,True,False,1.3579912495122886,6.4628387499999995,6.463567916666666,6.362260059523808,0.1806507646927543,5.8328927506681,5.232201606199049
2026-04-23,9.0,IEX,2.23546,7445.8,15329.78,28523.35,3,4,0,1,False,True,False,0.5374466882265069,6.4628387499999995,6.463567916666666,6.362260059523808,0.1806507646927543,5.8328927506681,5.232201606199049
2026-04-23,10.0,IEX,2.12062,7954.3,14504.53,35586.13,3,4,0,1,False,True,False,0.4075894174478682,6.4628387499999995,6.463567916666666,6.362260059523808,0.1806507646927543,5.8328927506681,5.232201606199049
2026-04-23,6.0,IEX,10.0,3006.22,19002.18,3967.23,3,4,0,0,False,True,False,4.789785304129619,6.4628387499999995,6.463567916666666,6.362260059523808,0.1806507646927543,5.8328927506681,5.232201606199049
2026-04-24,14.0,IEX,1.5776400000000002,9144.1,15683.5,45111.6,4,4,0,1,False,False,True,0.3476600252822644,6.7491104166666664,6.4628387499999995,6.432548392857143,0.22353893758156881,5.97384931466788,5.353554311036459
2026-04-24,23.0,IEX,10.0,1112.04,57634.73,2609.93,4,4,0,0,False,False,True,22.08286420676852,6.7491104166666664,6.4628387499999995,6.432548392857143,0.22353893758156881,5.97384931466788,5.353554311036459
2026-04-24,22.0,IEX,10.0,1161.7,51769.75,2709.3,4,4,0,1,True,False,False,19.108164399999392,6.7491104166666664,6.4628387499999995,6.432548392857143,0.22353893758156881,5.97384931466788,5.353554311036459
2026-04-24,21.0,IEX,10.0,1115.35,49594.3,2662.95,4,4,0,1,True,False,False,18.623819378419352,6.7491104166666664,6.4628387499999995,6.432548392857143,0.22353893758156881,5.97384931466788,5.353554311036459
2026-04-24,20.0,IEX,10.0,916.75,46718.4,2464.38,4,4,0,1,True,False,False,18.957465898288955,6.7491104166666664,6.4628387499999995,6.432548392857143,0.22353893758156881,5.97384931466788,5.353554311036459
2026-04-24,19.0,IEX,10.0,2327.02,25984.45,3874.63,4,4,0,1,True,False,False,6.706304842768716,6.7491104166666664,6.4628387499999995,6.432548392857143,0.22353893758156881,5.97384931466788,5.353554311036459
2026-04-24,18.0,IEX,7.37629,5897.43,20082.05,8570.58,4,4,0,1,True,False,False,2.3431378012419954,6.7491104166666664,6.4628387499999995,6.432548392857143,0.22353893758156881,5.97384931466788,5.353554311036459
2026-04-24,17.0,IEX,3.30119,8077.78,20583.4,23042.58,4,4,0,1,False,False,True,0.8932767073421133,6.7491104166666664,6.4628387499999995,6.432548392857143,0.22353893758156881,5.97384931466788,5.353554311036459
2026-04-24,16.0,IEX,2.66189,9467.95,20046.55,33332.1,4,4,0,1,False,False,True,0.6014187523134099,6.7491104166666664,6.4628387499999995,6.432548392857143,0.22353893758156881,5.97384931466788,5.353554311036459
2026-04-24,15.0,IEX,2.09914,9983.84,18339.88,41843.08,4,4,0,1,False,False,True,0.43830138688683973,6.7491104166666664,6.4628387499999995,6.432548392857143,0.22353893758156881,5.97384931466788,5.353554311036459
2026-04-24,13.0,IEX,1.69005,9170.9,15202.35,44112.63,4,4,0,1,False,False,True,0.3446257907668108,6.7491104166666664,6.4628387499999995,6.432548392857143,0.22353893758156881,5.97384931466788,5.353554311036459
2026-04-24,24.0,IEX,10.0,1106.62,63485.98,1987.98,4,4,0,0,False,False,True,31.93491870172276,6.7491104166666664,6.4628387499999995,6.432548392857143,0.22353893758156881,5.97384931466788,5.353554311036459
2026-04-24,11.0,IEX,2.01978,7917.96,14599.93,37239.5,4,4,0,1,False,False,True,0.3920549415561286,6.7491104166666664,6.4628387499999995,6.432548392857143,0.22353893758156881,5.97384931466788,5.353554311036459
2026-04-24,1.0,IEX,10.0,1055.05,46119.55,1296.0,4,4,0,0,False,False,True,35.58607225628031,6.7491104166666664,6.4628387499999995,6.432548392857143,0.22353893758156881,5.97384931466788,5.353554311036459
2026-04-24,2.0,IEX,10.0,1288.41,41217.35,1759.18,4,4,0,0,False,False,True,23.429864917576,6.7491104166666664,6.4628387499999995,6.432548392857143,0.22353893758156881,5.97384931466788,5.353554311036459
2026-04-24,3.0,IEX,10.0,1511.67,31104.35,2210.93,4,4,0,0,False,False,True,14.068446246292526,6.7491104166666664,6.4628387499999995,6.432548392857143,0.22353893758156881,5.97384931466788,5.353554311036459
2026-04-24,4.0,IEX,10.0,1979.52,27872.68,2873.88,4,4,0,0,False,False,True,9.698623430001867,6.7491104166666664,6.4628387499999995,6.432548392857143,0.22353893758156881,5.97384931466788,5.353554311036459
2026-04-24,5.0,IEX,10.0,2461.95,27398.48,3549.35,4,4,0,0,False,False,True,7.7192950604496735,6.7491104166666664,6.4628387499999995,6.432548392857143,0.22353893758156881,5.97384931466788,5.353554311036459
2026-04-24,12.0,IEX,1.9541,8943.78,15137.73,40960.8,4,4,0,1,False,False,True,0.36956626814672405,6.7491104166666664,6.4628387499999995,6.432548392857143,0.22353893758156881,5.97384931466788,5.353554311036459
2026-04-24,7.0,IEX,10.0,4531.44,28389.75,5941.45,4,4,0,0,False,True,False,4.778252775369224,6.7491104166666664,6.4628387499999995,6.432548392857143,0.22353893758156881,5.97384931466788,5.353554311036459
2026-04-24,8.0,IEX,4.17389,6321.37,20020.35,11987.43,4,4,0,0,False,True,False,1.6701119408662974,6.7491104166666664,6.4628387499999995,6.432548392857143,0.22353893758156881,5.97384931466788,5.353554311036459
2026-04-24,9.0,IEX,2.69652,6417.82,16814.38,25785.9,4,4,0,1,False,True,False,0.6520765221876775,6.7491104166666664,6.4628387499999995,6.432548392857143,0.22353893758156881,5.97384931466788,5.353554311036459
2026-04-24,10.0,IEX,2.42816,6813.1,15787.88,31913.0,4,4,0,1,False,True,False,0.4947162596763964,6.7491104166666664,6.4628387499999995,6.432548392857143,0.22353893758156881,5.97384931466788,5.353554311036459
2026-04-24,6.0,IEX,10.0,2364.81,28002.18,3619.43,4,4,0,0,False,True,False,7.7366270165837525,6.7491104166666664,6.4628387499999995,6.432548392857143,0.22353893758156881,5.97384931466788,5.353554311036459
2026-04-25,14.0,IEX,1.54249,9133.65,15153.35,42151.6,5,4,1,1,False,False,True,0.35949643658615654,6.849144166666666,6.7491104166666664,6.4951598809523805,0.27247579880917794,6.108510061129231,5.473201499486875
2026-04-25,23.0,IEX,10.0,841.35,57984.4,2339.23,5,4,1,0,False,False,True,24.78781468779122,6.849144166666666,6.7491104166666664,6.4951598809523805,0.27247579880917794,6.108510061129231,5.473201499486875
2026-04-25,22.0,IEX,10.0,874.59,53978.73,2422.2,5,4,1,1,True,False,False,22.28500114654033,6.849144166666666,6.7491104166666664,6.4951598809523805,0.27247579880917794,6.108510061129231,5.473201499486875
2026-04-25,21.0,IEX,10.0,881.75,40640.78,2429.35,5,4,1,1,True,False,False,16.72907560981713,6.849144166666666,6.7491104166666664,6.4951598809523805,0.27247579880917794,6.108510061129231,5.473201499486875
2026-04-25,20.0,IEX,10.0,736.52,35135.28,2284.15,5,4,1,1,True,False,False,15.382212134132116,6.849144166666666,6.7491104166666664,6.4951598809523805,0.27247579880917794,6.108510061129231,5.473201499486875
2026-04-25,19.0,IEX,10.0,2103.03,21614.7,3850.65,5,4,1,1,True,False,False,5.613260084366899,6.849144166666666,6.7491104166666664,6.4951598809523805,0.27247579880917794,6.108510061129231,5.473201499486875
2026-04-25,18.0,IEX,7.162439999999999,6240.48,18045.2,8780.55,5,4,1,1,True,False,False,2.0551332182435806,6.849144166666666,6.7491104166666664,6.4951598809523805,0.27247579880917794,6.108510061129231,5.473201499486875
2026-04-25,17.0,IEX,3.51567,8546.83,18669.2,19422.93,5,4,1,1,False,False,True,0.9611938049711378,6.849144166666666,6.7491104166666664,6.4951598809523805,0.27247579880917794,6.108510061129231,5.473201499486875
2026-04-25,16.0,IEX,3.05887,9074.95,18922.68,29151.78,5,4,1,1,False,False,True,0.6491089049625413,6.849144166666666,6.7491104166666664,6.4951598809523805,0.27247579880917794,6.108510061129231,5.473201499486875
2026-04-25,15.0,IEX,2.20832,9240.7,17392.58,38037.0,5,4,1,1,False,False,True,0.4572542523182022,6.849144166666666,6.7491104166666664,6.4951598809523805,0.27247579880917794,6.108510061129231,5.473201499486875
2026-04-25,13.0,IEX,1.56982,9072.22,14552.6,41282.4,5,4,1,1,False,False,True,0.35251341967702615,6.849144166666666,6.7491104166666664,6.4951598809523805,0.27247579880917794,6.108510061129231,5.473201499486875
2026-04-25,24.0,IEX,10.0,838.09,58700.53,1719.45,5,4,1,0,False,False,True,34.139131500543016,6.849144166666666,6.7491104166666664,6.4951598809523805,0.27247579880917794,6.108510061129231,5.473201499486875
2026-04-25,11.0,IEX,2.07257,7806.05,14026.5,34695.9,5,4,1,1,False,False,True,0.4042696686339683,6.849144166666666,6.7491104166666664,6.4951598809523805,0.27247579880917794,6.108510061129231,5.473201499486875
2026-04-25,1.0,IEX,10.0,879.34,55501.08,1120.3,5,4,1,0,False,False,True,49.541265290178835,6.849144166666666,6.7491104166666664,6.4951598809523805,0.27247579880917794,6.108510061129231,5.473201499486875
2026-04-25,2.0,IEX,10.0,1073.49,51115.88,1544.25,5,4,1,0,False,False,True,33.100780099719735,6.849144166666666,6.7491104166666664,6.4951598809523805,0.27247579880917794,6.108510061129231,5.473201499486875
2026-04-25,3.0,IEX,10.0,1109.15,37182.35,1808.4,5,4,1,0,False,False,True,20.56091008316241,6.849144166666666,6.7491104166666664,6.4951598809523805,0.27247579880917794,6.108510061129231,5.473201499486875
2026-04-25,4.0,IEX,10.0,1393.69,32624.5,2288.05,5,4,1,0,False,False,True,14.258648131558974,6.849144166666666,6.7491104166666664,6.4951598809523805,0.27247579880917794,6.108510061129231,5.473201499486875
2026-04-25,5.0,IEX,10.0,1580.6,31168.83,2668.0,5,4,1,0,False,False,True,11.682469971205135,6.849144166666666,6.7491104166666664,6.4951598809523805,0.27247579880917794,6.108510061129231,5.473201499486875
2026-04-25,12.0,IEX,1.78145,8754.55,14200.95,38533.68,5,4,1,1,False,False,True,0.36853344908440266,6.849144166666666,6.7491104166666664,6.4951598809523805,0.27247579880917794,6.108510061129231,5.473201499486875
2026-04-25,7.0,IEX,10.0,1761.17,22909.28,3171.18,5,4,1,0,False,True,False,7.224213046171415,6.849144166666666,6.7491104166666664,6.4951598809523805,0.27247579880917794,6.108510061129231,5.473201499486875
2026-04-25,8.0,IEX,5.9622,4744.3,17584.23,8611.0,5,4,1,0,False,True,False,2.042065959769985,6.849144166666666,6.7491104166666664,6.4951598809523805,0.27247579880917794,6.108510061129231,5.473201499486875
2026-04-25,9.0,IEX,2.96468,6088.13,15334.25,19739.2,5,4,1,1,False,True,False,0.7768425261526087,6.849144166666666,6.7491104166666664,6.4951598809523805,0.27247579880917794,6.108510061129231,5.473201499486875
2026-04-25,10.0,IEX,2.54095,7231.73,14817.58,27937.75,5,4,1,1,False,True,False,0.5303784304282276,6.849144166666666,6.7491104166666664,6.4951598809523805,0.27247579880917794,6.108510061129231,5.473201499486875
2026-04-25,6.0,IEX,10.0,1607.72,23530.85,2862.33,5,4,1,0,False,True,False,8.220872477244509,6.849144166666666,6.7491104166666664,6.4951598809523805,0.27247579880917794,6.108510061129231,5.473201499486875
2026-04-26,14.0,IEX,1.00165,7204.35,12553.1,42248.63,6,4,1,1,False,False,True,0.2971244273963145,6.462345833333334,6.849144166666666,6.5622855952380945,0.16446518942781174,6.162946333776016,5.552333046194593
2026-04-26,15.0,IEX,1.64379,7792.41,13967.83,38097.88,6,4,1,1,False,False,True,0.3666301116055197,6.462345833333334,6.849144166666666,6.5622855952380945,0.16446518942781174,6.162946333776016,5.552333046194593
2026-04-26,16.0,IEX,2.66025,8080.2,15052.45,28933.38,6,4,1,1,False,False,True,0.5202451284570814,6.462345833333334,6.849144166666666,6.5622855952380945,0.16446518942781174,6.162946333776016,5.552333046194593
2026-04-26,17.0,IEX,3.0970500000000003,7643.49,15287.28,21613.18,6,4,1,1,False,False,True,0.7073128522932244,6.462345833333334,6.849144166666666,6.5622855952380945,0.16446518942781174,6.162946333776016,5.552333046194593
2026-04-26,18.0,IEX,4.15441,5710.98,14838.13,10212.88,6,4,1,1,True,False,False,1.4528840038726745,6.462345833333334,6.849144166666666,6.5622855952380945,0.16446518942781174,6.162946333776016,5.552333046194593
2026-04-26,20.0,IEX,10.0,882.77,34114.88,1876.28,6,4,1,1,True,False,False,18.182190194522192,6.462345833333334,6.849144166666666,6.5622855952380945,0.16446518942781174,6.162946333776016,5.552333046194593
2026-04-26,21.0,IEX,10.0,1057.35,39804.53,2050.85,6,4,1,1,True,False,False,19.40879625809398,6.462345833333334,6.849144166666666,6.5622855952380945,0.16446518942781174,6.162946333776016,5.552333046194593
2026-04-26,22.0,IEX,10.0,1497.19,49685.55,2490.7,6,4,1,1,True,False,False,19.948428072636496,6.462345833333334,6.849144166666666,6.5622855952380945,0.16446518942781174,6.162946333776016,5.552333046194593
2026-04-26,23.0,IEX,10.0,995.98,53310.68,1936.78,6,4,1,0,False,False,True,27.525418335973015,6.462345833333334,6.849144166666666,6.5622855952380945,0.16446518942781174,6.162946333776016,5.552333046194593
2026-04-26,13.0,IEX,1.00176,7128.47,11962.35,41916.83,6,4,1,1,False,False,True,0.285382983330232,6.462345833333334,6.849144166666666,6.5622855952380945,0.16446518942781174,6.162946333776016,5.552333046194593
2026-04-26,19.0,IEX,9.000219999999999,2422.01,16111.5,3823.8,6,4,1,1,True,False,False,4.213478727408654,6.462345833333334,6.849144166666666,6.5622855952380945,0.16446518942781174,6.162946333776016,5.552333046194593
2026-04-26,24.0,IEX,10.0,869.79,55918.95,1423.9,6,4,1,0,False,False,True,39.271683128929816,6.462345833333334,6.849144166666666,6.5622855952380945,0.16446518942781174,6.162946333776016,5.552333046194593
2026-04-26,12.0,IEX,1.48253,7192.1,11860.33,40101.25,6,4,1,1,False,False,True,0.2957596084172539,6.462345833333334,6.849144166666666,6.5622855952380945,0.16446518942781174,6.162946333776016,5.552333046194593
2026-04-26,10.0,IEX,2.3926100000000003,7614.95,13377.78,28683.7,6,4,1,1,False,True,False,0.4663896218178305,6.462345833333334,6.849144166666666,6.5622855952380945,0.16446518942781174,6.162946333776016,5.552333046194593
2026-04-26,9.0,IEX,2.45066,6882.6,12968.23,19770.88,6,4,1,1,False,True,False,0.6559257854703858,6.462345833333334,6.849144166666666,6.5622855952380945,0.16446518942781174,6.162946333776016,5.552333046194593
2026-04-26,8.0,IEX,4.62021,4790.72,14395.05,8655.45,6,4,1,0,False,True,False,1.6631197665481057,6.462345833333334,6.849144166666666,6.5622855952380945,0.16446518942781174,6.162946333776016,5.552333046194593
2026-04-26,7.0,IEX,10.0,1928.02,15892.83,2827.73,6,4,1,0,False,True,False,5.620349164805871,6.462345833333334,6.849144166666666,6.5622855952380945,0.16446518942781174,6.162946333776016,5.552333046194593
2026-04-26,6.0,IEX,10.0,1543.11,25180.83,2357.93,6,4,1,0,False,True,False,10.679210109378946,6.462345833333334,6.849144166666666,6.5622855952380945,0.16446518942781174,6.162946333776016,5.552333046194593
2026-04-26,5.0,IEX,10.0,1445.33,29708.48,2167.58,6,4,1,0,False,False,True,13.70582855670458,6.462345833333334,6.849144166666666,6.5622855952380945,0.16446518942781174,6.162946333776016,5.552333046194593
2026-04-26,4.0,IEX,10.0,1141.7,31960.75,1741.0,6,4,1,0,False,False,True,18.357696620576125,6.462345833333334,6.849144166666666,6.5622855952380945,0.16446518942781174,6.162946333776016,5.552333046194593
2026-04-26,3.0,IEX,10.0,937.62,33644.68,1420.15,6,4,1,0,False,False,True,23.69093388944172,6.462345833333334,6.849144166666666,6.5622855952380945,0.16446518942781174,6.162946333776016,5.552333046194593
2026-04-26,2.0,IEX,10.0,944.64,46609.83,1281.35,6,4,1,0,False,False,True,36.375564550079496,6.462345833333334,6.849144166666666,6.5622855952380945,0.16446518942781174,6.162946333776016,5.552333046194593
2026-04-26,1.0,IEX,10.0,777.41,51237.73,952.33,6,4,1,0,False,False,True,53.80249436852253,6.462345833333334,6.849144166666666,6.5622855952380945,0.16446518942781174,6.162946333776016,5.552333046194593
2026-04-26,11.0,IEX,1.59116,7716.5,12325.35,35578.4,6,4,1,1,False,False,True,0.3464278887340555,6.462345833333334,6.849144166666666,6.5622855952380945,0.16446518942781174,6.162946333776016,5.552333046194593
2026-04-27,15.0,IEX,2.61806,8663.87,18768.23,31371.85,0,4,0,1,False,False,True,0.5982506608318443,7.078519583333333,6.462345833333334,6.649386666666666,0.2473010472177696,6.303803756784834,5.674427969165692
2026-04-27,16.0,IEX,3.38344,9401.02,20865.28,22489.55,0,4,0,1,False,False,True,0.9277766780892562,7.078519583333333,6.462345833333334,6.649386666666666,0.2473010472177696,6.303803756784834,5.674427969165692
2026-04-27,17.0,IEX,3.95373,9249.6,22508.38,14588.93,0,4,0,1,False,False,True,1.5428396725854194,7.078519583333333,6.462345833333334,6.649386666666666,0.2473010472177696,6.303803756784834,5.674427969165692
2026-04-27,18.0,IEX,8.82749,5998.25,22330.45,7329.28,0,4,0,1,True,False,False,3.0467453787456,7.078519583333333,6.462345833333334,6.649386666666666,0.2473010472177696,6.303803756784834,5.674427969165692
2026-04-27,14.0,IEX,2.09337,8498.62,17293.38,36669.55,0,4,0,1,False,False,True,0.4716005512825762,7.078519583333333,6.462345833333334,6.649386666666666,0.2473010472177696,6.303803756784834,5.674427969165692
2026-04-27,20.0,IEX,10.0,747.84,46503.13,1741.35,0,4,0,1,True,False,False,26.705217063168135,7.078519583333333,6.462345833333334,6.649386666666666,0.2473010472177696,6.303803756784834,5.674427969165692
2026-04-27,21.0,IEX,10.0,874.72,49590.75,1868.23,0,4,0,1,True,False,False,26.544242269183975,7.078519583333333,6.462345833333334,6.649386666666666,0.2473010472177696,6.303803756784834,5.674427969165692
2026-04-27,22.0,IEX,10.0,981.63,56597.5,1975.15,0,4,0,1,True,False,False,28.654785567401028,7.078519583333333,6.462345833333334,6.649386666666666,0.2473010472177696,6.303803756784834,5.674427969165692
2026-04-27,23.0,IEX,10.0,907.76,63683.35,1848.58,0,4,0,0,False,False,True,34.44987485286071,7.078519583333333,6.462345833333334,6.649386666666666,0.2473010472177696,6.303803756784834,5.674427969165692
2026-04-27,19.0,IEX,10.0,2040.0,27035.98,3033.5,0,4,0,1,True,False,False,8.912470713985591,7.078519583333333,6.462345833333334,6.649386666666666,0.2473010472177696,6.303803756784834,5.674427969165692
2026-04-27,13.0,IEX,2.07473,8576.58,16929.9,36932.55,0,4,0,1,False,False,True,0.458400516493337,7.078519583333333,6.462345833333334,6.649386666666666,0.2473010472177696,6.303803756784834,5.674427969165692
2026-04-27,24.0,IEX,10.0,930.69,66801.78,1484.8,0,4,0,0,False,False,True,44.99042264957959,7.078519583333333,6.462345833333334,6.649386666666666,0.2473010472177696,6.303803756784834,5.674427969165692
2026-04-27,11.0,IEX,2.43377,7338.43,16328.8,30743.48,0,4,0,1,False,False,True,0.5311305029452975,7.078519583333333,6.462345833333334,6.649386666666666,0.2473010472177696,6.303803756784834,5.674427969165692
2026-04-27,1.0,IEX,10.0,974.57,51567.68,1149.48,0,4,0,0,False,False,True,44.86174579060318,7.078519583333333,6.462345833333334,6.649386666666666,0.2473010472177696,6.303803756784834,5.674427969165692
2026-04-27,2.0,IEX,10.0,1864.42,50285.75,2201.13,0,4,0,0,False,False,True,22.845424746173894,7.078519583333333,6.462345833333334,6.649386666666666,0.2473010472177696,6.303803756784834,5.674427969165692
2026-04-27,3.0,IEX,10.0,2082.7,34783.98,2565.23,0,4,0,0,False,False,True,13.559789907494494,7.078519583333333,6.462345833333334,6.649386666666666,0.2473010472177696,6.303803756784834,5.674427969165692
2026-04-27,4.0,IEX,10.0,2489.52,33732.65,3088.83,0,4,0,0,False,False,True,10.920850254235907,7.078519583333333,6.462345833333334,6.649386666666666,0.2473010472177696,6.303803756784834,5.674427969165692
2026-04-27,5.0,IEX,10.0,2731.35,32895.0,3453.6,0,4,0,0,False,False,True,9.524843613838186,7.078519583333333,6.462345833333334,6.649386666666666,0.2473010472177696,6.303803756784834,5.674427969165692
2026-04-27,12.0,IEX,2.19924,7886.05,16487.1,35128.55,0,4,0,1,False,False,True,0.46933619506944163,7.078519583333333,6.462345833333334,6.649386666666666,0.2473010472177696,6.303803756784834,5.674427969165692
2026-04-27,7.0,IEX,10.0,2545.94,17935.83,3445.65,0,4,0,0,False,True,False,5.205354562403742,7.078519583333333,6.462345833333334,6.649386666666666,0.2473010472177696,6.303803756784834,5.674427969165692
2026-04-27,8.0,IEX,5.92912,5253.15,17617.45,8900.28,0,4,0,0,False,True,False,1.9794264877291203,7.078519583333333,6.462345833333334,6.649386666666666,0.2473010472177696,6.303803756784834,5.674427969165692
2026-04-27,9.0,IEX,3.27759,6722.58,16115.48,18871.15,0,4,0,1,False,True,False,0.8539744526147189,7.078519583333333,6.462345833333334,6.649386666666666,0.2473010472177696,6.303803756784834,5.674427969165692
2026-04-27,10.0,IEX,3.09393,7053.54,17291.45,25625.5,0,4,0,1,False,True,False,0.6747751260756766,7.078519583333333,6.462345833333334,6.649386666666666,0.2473010472177696,6.303803756784834,5.674427969165692
2026-04-27,6.0,IEX,10.0,2409.37,27699.88,3224.18,0,4,0,0,False,True,False,8.591294504055933,7.078519583333333,6.462345833333334,6.649386666666666,0.2473010472177696,6.303803756784834,5.674427969165692
2026-04-28,23.0,IEX,10.0,1190.03,48920.38,2500.25,1,4,0,0,False,False,True,19.566195302204996,6.7645875,7.078519583333333,6.69001630952381,0.23805874923899015,6.374693563433322,5.761640731632437
2026-04-28,22.0,IEX,10.0,1376.87,44731.73,2739.78,1,4,0,1,True,False,False,16.326759753240186,6.7645875,7.078519583333333,6.69001630952381,0.23805874923899015,6.374693563433322,5.761640731632437
2026-04-28,21.0,IEX,10.0,1222.27,33939.95,2585.18,1,4,0,1,True,False,False,13.128660235926858,6.7645875,7.078519583333333,6.69001630952381,0.23805874923899015,6.374693563433322,5.761640731632437
2026-04-28,20.0,IEX,10.0,989.92,34874.03,2352.83,1,4,0,1,True,False,False,14.822163034209172,6.7645875,7.078519583333333,6.69001630952381,0.23805874923899015,6.374693563433322,5.761640731632437
2026-04-28,19.0,IEX,10.0,2762.16,19557.7,4262.58,1,4,0,1,True,False,False,4.588230591359622,6.7645875,7.078519583333333,6.69001630952381,0.23805874923899015,6.374693563433322,5.761640731632437
2026-04-28,18.0,IEX,6.07023,6660.65,18195.48,9822.63,1,4,0,1,True,False,False,1.8524040894827516,6.7645875,7.078519583333333,6.69001630952381,0.23805874923899015,6.374693563433322,5.761640731632437
2026-04-28,17.0,IEX,3.68698,9244.98,20069.83,17290.58,1,4,0,1,False,False,True,1.1607378114784248,6.7645875,7.078519583333333,6.69001630952381,0.23805874923899015,6.374693563433322,5.761640731632437
2026-04-28,16.0,IEX,3.29208,9170.74,18585.13,24272.25,1,4,0,1,False,False,True,0.7656945685852385,6.7645875,7.078519583333333,6.69001630952381,0.23805874923899015,6.374693563433322,5.761640731632437
2026-04-28,15.0,IEX,2.32365,8949.03,16376.95,34378.7,1,4,0,1,False,False,True,0.47636908886130974,6.7645875,7.078519583333333,6.69001630952381,0.23805874923899015,6.374693563433322,5.761640731632437
2026-04-28,14.0,IEX,1.7473299999999998,9091.29,14614.88,40713.1,1,4,0,1,False,False,True,0.35897241910859834,6.7645875,7.078519583333333,6.69001630952381,0.23805874923899015,6.374693563433322,5.761640731632437
2026-04-28,13.0,IEX,1.80461,8851.93,14178.58,40311.2,1,4,0,1,False,False,True,0.35172805563919507,6.7645875,7.078519583333333,6.69001630952381,0.23805874923899015,6.374693563433322,5.761640731632437
2026-04-28,24.0,IEX,10.0,1037.94,49028.65,1808.75,1,4,0,0,False,False,True,27.106371653869406,6.7645875,7.078519583333333,6.69001630952381,0.23805874923899015,6.374693563433322,5.761640731632437
2026-04-28,11.0,IEX,2.11078,7992.77,13996.05,35310.85,1,4,0,1,False,False,True,0.3963668389754517,6.7645875,7.078519583333333,6.69001630952381,0.23805874923899015,6.374693563433322,5.761640731632437
2026-04-28,1.0,IEX,10.0,1012.99,47519.93,1226.6,1,4,0,0,False,False,True,38.74117855257477,6.7645875,7.078519583333333,6.69001630952381,0.23805874923899015,6.374693563433322,5.761640731632437
2026-04-28,2.0,IEX,10.0,1269.2,39749.1,1682.1,1,4,0,0,False,False,True,23.630640130606743,6.7645875,7.078519583333333,6.69001630952381,0.23805874923899015,6.374693563433322,5.761640731632437
2026-04-28,3.0,IEX,10.0,1448.24,24489.1,2063.78,1,4,0,0,False,False,True,11.866138775130395,6.7645875,7.078519583333333,6.69001630952381,0.23805874923899015,6.374693563433322,5.761640731632437
2026-04-28,4.0,IEX,10.0,1937.47,22850.23,2730.18,1,4,0,0,False,False,True,8.369495753505278,6.7645875,7.078519583333333,6.69001630952381,0.23805874923899015,6.374693563433322,5.761640731632437
2026-04-28,5.0,IEX,10.0,2428.37,22020.95,3392.23,1,4,0,0,False,False,True,6.4915851622926946,6.7645875,7.078519583333333,6.69001630952381,0.23805874923899015,6.374693563433322,5.761640731632437
2026-04-28,12.0,IEX,1.98537,8740.26,14206.15,39295.23,1,4,0,1,False,False,True,0.3615235232465814,6.7645875,7.078519583333333,6.69001630952381,0.23805874923899015,6.374693563433322,5.761640731632437
2026-04-28,7.0,IEX,10.0,2428.9,16857.23,3672.2,1,4,0,0,False,True,False,4.590498871002399,6.7645875,7.078519583333333,6.69001630952381,0.23805874923899015,6.374693563433322,5.761640731632437
2026-04-28,8.0,IEX,4.17229,5515.65,16010.03,10764.15,1,4,0,0,False,True,False,1.4873473507082797,6.7645875,7.078519583333333,6.69001630952381,0.23805874923899015,6.374693563433322,5.761640731632437
2026-04-28,9.0,IEX,2.66048,6835.68,15327.78,22963.25,1,4,0,1,False,True,False,0.6674917528366012,6.7645875,7.078519583333333,6.69001630952381,0.23805874923899015,6.374693563433322,5.761640731632437
2026-04-28,10.0,IEX,2.4963,7560.48,15581.3,29836.9,1,4,0,1,False,True,False,0.5222157796144318,6.7645875,7.078519583333333,6.69001630952381,0.23805874923899015,6.374693563433322,5.761640731632437
2026-04-28,6.0,IEX,10.0,2469.39,19983.0,3577.8,1,4,0,0,False,True,False,5.585275852240829,6.7645875,7.078519583333333,6.69001630952381,0.23805874923899015,6.374693563433322,5.761640731632437
2026-04-29,14.0,IEX,1.64717,8421.9,11239.65,47585.7,2,4,0,1,False,False,True,0.23619805945143224,6.197726666666667,6.7645875,6.652038988095238,0.2946766837773215,6.347467887007683,5.796527606435176
2026-04-29,15.0,IEX,2.20198,8530.2,12729.43,40700.55,2,4,0,1,False,False,True,0.3127581813236533,6.197726666666667,6.7645875,6.652038988095238,0.2946766837773215,6.347467887007683,5.796527606435176
2026-04-29,16.0,IEX,3.0229,8651.88,14894.6,30459.5,2,4,0,1,False,False,True,0.48899686452863744,6.197726666666667,6.7645875,6.652038988095238,0.2946766837773215,6.347467887007683,5.796527606435176
2026-04-29,17.0,IEX,3.31242,8199.12,16030.25,22760.2,2,4,0,1,False,False,True,0.7043105945007906,6.197726666666667,6.7645875,6.652038988095238,0.2946766837773215,6.347467887007683,5.796527606435176
2026-04-29,18.0,IEX,3.92442,6099.66,14915.25,12525.48,2,4,0,1,True,False,False,1.1907926872337087,6.197726666666667,6.7645875,6.652038988095238,0.2946766837773215,6.347467887007683,5.796527606435176
2026-04-29,20.0,IEX,10.0,1610.09,19025.8,3342.4,2,4,0,1,True,False,False,5.692257043764189,6.197726666666667,6.7645875,6.652038988095238,0.2946766837773215,6.347467887007683,5.796527606435176
2026-04-29,21.0,IEX,10.0,1422.25,18188.55,3154.55,2,4,0,1,True,False,False,5.765814440202835,6.197726666666667,6.7645875,6.652038988095238,0.2946766837773215,6.347467887007683,5.796527606435176
2026-04-29,22.0,IEX,10.0,1752.87,24108.08,3485.18,2,4,0,1,True,False,False,6.917312715792836,6.197726666666667,6.7645875,6.652038988095238,0.2946766837773215,6.347467887007683,5.796527606435176
2026-04-29,23.0,IEX,10.0,1455.55,26916.63,3135.15,2,4,0,0,False,False,True,8.585436076151264,6.197726666666667,6.7645875,6.652038988095238,0.2946766837773215,6.347467887007683,5.796527606435176
2026-04-29,13.0,IEX,1.57994,8428.09,11186.53,49109.45,2,4,0,1,False,False,True,0.22778772716294163,6.197726666666667,6.7645875,6.652038988095238,0.2946766837773215,6.347467887007683,5.796527606435176
2026-04-29,19.0,IEX,8.69275,3789.77,15887.73,5893.0,2,4,0,1,True,False,False,2.6960342733819207,6.197726666666667,6.7645875,6.652038988095238,0.2946766837773215,6.347467887007683,5.796527606435176
2026-04-29,24.0,IEX,10.0,1181.55,27258.75,2168.95,2,4,0,0,False,False,True,12.567717040191258,6.197726666666667,6.7645875,6.652038988095238,0.2946766837773215,6.347467887007683,5.796527606435176
2026-04-29,12.0,IEX,1.5915899999999998,8301.18,11079.4,47953.43,2,4,0,1,False,False,True,0.23104499506478574,6.197726666666667,6.7645875,6.652038988095238,0.2946766837773215,6.347467887007683,5.796527606435176
2026-04-29,10.0,IEX,2.19404,7170.89,11804.03,39082.03,2,4,0,1,False,True,False,0.30203216150695544,6.197726666666667,6.7645875,6.652038988095238,0.2946766837773215,6.347467887007683,5.796527606435176
2026-04-29,11.0,IEX,1.92088,7620.9,11014.45,44089.88,2,4,0,1,False,False,True,0.249818098790512,6.197726666666667,6.7645875,6.652038988095238,0.2946766837773215,6.347467887007683,5.796527606435176
2026-04-29,1.0,IEX,10.0,2041.72,20439.08,2543.93,2,4,0,0,False,False,True,8.03445060188586,6.197726666666667,6.7645875,6.652038988095238,0.2946766837773215,6.347467887007683,5.796527606435176
2026-04-29,2.0,IEX,10.0,2518.8,15709.28,3407.7,2,4,0,0,False,False,True,4.609936307157508,6.197726666666667,6.7645875,6.652038988095238,0.2946766837773215,6.347467887007683,5.796527606435176
2026-04-29,3.0,IEX,10.0,3013.72,13799.93,4262.05,2,4,0,0,False,False,True,3.237862054086972,6.197726666666667,6.7645875,6.652038988095238,0.2946766837773215,6.347467887007683,5.796527606435176
2026-04-29,4.0,IEX,9.26514,3467.87,13576.83,5454.18,2,4,0,0,False,False,True,2.4892522753388184,6.197726666666667,6.7645875,6.652038988095238,0.2946766837773215,6.347467887007683,5.796527606435176
2026-04-29,6.0,IEX,9.51792,3629.98,13383.08,5531.88,2,4,0,0,False,True,False,2.419264332524812,6.197726666666667,6.7645875,6.652038988095238,0.2946766837773215,6.347467887007683,5.796527606435176
2026-04-29,7.0,IEX,6.40209,4816.8,13667.28,7779.1,2,4,0,0,False,True,False,1.7569230351108445,6.197726666666667,6.7645875,6.652038988095238,0.2946766837773215,6.347467887007683,5.796527606435176
2026-04-29,8.0,IEX,3.30983,5984.36,13626.03,18798.68,2,4,0,0,False,True,False,0.7248397224034668,6.197726666666667,6.7645875,6.652038988095238,0.2946766837773215,6.347467887007683,5.796527606435176
2026-04-29,9.0,IEX,2.0989,7146.6,12115.05,32142.23,2,4,0,1,False,True,False,0.3769200206778061,6.197726666666667,6.7645875,6.652038988095238,0.2946766837773215,6.347467887007683,5.796527606435176
2026-04-29,5.0,IEX,8.06347,3547.0,13066.55,6094.75,2,4,0,0,False,False,True,2.14390253555289,6.197726666666667,6.7645875,6.652038988095238,0.2946766837773215,6.347467887007683,5.796527606435176
2026-04-30,24.0,IEX,10.0,1322.05,24452.48,2309.45,3,4,0,0,False,False,True,10.588010086436121,5.58712375,6.197726666666667,6.526936845238096,0.5016140613014458,6.2304918659295785,5.779775297920362
2026-04-30,14.0,IEX,1.55073,7073.32,8000.7,47137.9,3,4,0,1,False,False,True,0.169729665477306,5.58712375,6.197726666666667,6.526936845238096,0.5016140613014458,6.2304918659295785,5.779775297920362
2026-04-30,15.0,IEX,1.9739,7661.97,9624.8,40865.63,3,4,0,1,False,False,True,0.23552310334246085,5.58712375,6.197726666666667,6.526936845238096,0.5016140613014458,6.2304918659295785,5.779775297920362
2026-04-30,16.0,IEX,2.67288,7713.3,10483.18,29941.75,3,4,0,1,False,False,True,0.3501191478954573,5.58712375,6.197726666666667,6.526936845238096,0.5016140613014458,6.2304918659295785,5.779775297920362
2026-04-30,17.0,IEX,2.94249,6288.57,11308.78,22131.18,3,4,0,1,False,False,True,0.5109885688377265,5.58712375,6.197726666666667,6.526936845238096,0.5016140613014458,6.2304918659295785,5.779775297920362
2026-04-30,20.0,IEX,10.0,1442.15,13961.9,3187.95,3,4,0,1,True,False,False,4.379585613389214,5.58712375,6.197726666666667,6.526936845238096,0.5016140613014458,6.2304918659295785,5.779775297920362
2026-04-30,19.0,IEX,7.14174,2596.02,10547.33,5028.3,3,4,0,1,True,False,False,2.0975936159386004,5.58712375,6.197726666666667,6.526936845238096,0.5016140613014458,6.2304918659295785,5.779775297920362
2026-04-30,21.0,IEX,10.0,1410.15,14500.2,3142.45,3,4,0,1,True,False,False,4.6142977466171375,5.58712375,6.197726666666667,6.526936845238096,0.5016140613014458,6.2304918659295785,5.779775297920362
2026-04-30,22.0,IEX,10.0,1859.05,16593.75,3591.35,3,4,0,1,True,False,False,4.620476966543286,5.58712375,6.197726666666667,6.526936845238096,0.5016140613014458,6.2304918659295785,5.779775297920362
2026-04-30,13.0,IEX,1.51551,6780.33,7615.75,47420.15,3,4,0,1,False,False,True,0.16060155858625466,5.58712375,6.197726666666667,6.526936845238096,0.5016140613014458,6.2304918659295785,5.779775297920362
2026-04-30,18.0,IEX,3.11072,5035.68,10683.7,12583.23,3,4,0,1,True,False,False,0.8490427331861194,5.58712375,6.197726666666667,6.526936845238096,0.5016140613014458,6.2304918659295785,5.779775297920362
2026-04-30,23.0,IEX,10.0,1361.65,23203.93,3041.25,3,4,0,0,False,False,True,7.629734459088419,5.58712375,6.197726666666667,6.526936845238096,0.5016140613014458,6.2304918659295785,5.779775297920362
2026-04-30,12.0,IEX,1.51636,7005.35,7701.78,47001.78,3,4,0,1,False,False,True,0.1638614537228459,5.58712375,6.197726666666667,6.526936845238096,0.5016140613014458,6.2304918659295785,5.779775297920362
2026-04-30,10.0,IEX,1.9491,6299.55,8712.8,39936.98,3,4,0,1,False,True,False,0.21816371688140568,5.58712375,6.197726666666667,6.526936845238096,0.5016140613014458,6.2304918659295785,5.779775297920362
2026-04-30,1.0,IEX,10.0,1415.6,18086.2,1667.8,3,4,0,0,False,False,True,10.84434577980366,5.58712375,6.197726666666667,6.526936845238096,0.5016140613014458,6.2304918659295785,5.779775297920362
2026-04-30,2.0,IEX,10.0,1785.9,14126.13,2274.8,3,4,0,0,False,False,True,6.209833804247256,5.58712375,6.197726666666667,6.526936845238096,0.5016140613014458,6.2304918659295785,5.779775297920362
2026-04-30,3.0,IEX,9.25294,2352.92,11091.2,3330.43,3,4,0,0,False,False,True,3.330260647032784,5.58712375,6.197726666666667,6.526936845238096,0.5016140613014458,6.2304918659295785,5.779775297920362
2026-04-30,4.0,IEX,6.78759,2412.73,10401.98,4588.5,3,4,0,0,False,False,True,2.2669674136058244,5.58712375,6.197726666666667,6.526936845238096,0.5016140613014458,6.2304918659295785,5.779775297920362
2026-04-30,11.0,IEX,1.66154,7135.73,8056.38,44594.35,3,4,0,1,False,False,True,0.18065920902969565,5.58712375,6.197726666666667,6.526936845238096,0.5016140613014458,6.2304918659295785,5.779775297920362
2026-04-30,6.0,IEX,6.52081,2791.93,10787.0,5144.65,3,4,0,0,False,True,False,2.0967412708410853,5.58712375,6.197726666666667,6.526936845238096,0.5016140613014458,6.2304918659295785,5.779775297920362
2026-04-30,7.0,IEX,5.27658,4684.25,12043.03,8108.98,3,4,0,0,False,True,False,1.48514732865891,5.58712375,6.197726666666667,6.526936845238096,0.5016140613014458,6.2304918659295785,5.779775297920362
2026-04-30,8.0,IEX,2.9231,5343.53,10817.75,18931.05,3,4,0,0,False,True,False,0.5714289484358084,5.58712375,6.197726666666667,6.526936845238096,0.5016140613014458,6.2304918659295785,5.779775297920362
2026-04-30,9.0,IEX,1.79353,6501.56,8668.95,33903.98,3,4,0,1,False,True,False,0.2556912196574882,5.58712375,6.197726666666667,6.526936845238096,0.5016140613014458,6.2304918659295785,5.779775297920362
2026-04-30,5.0,IEX,5.50145,2490.15,10090.95,5151.73,3,4,0,0,False,False,True,1.958749775398265,5.58712375,6.197726666666667,6.526936845238096,0.5016140613014458,6.2304918659295785,5.779775297920362
2026-05-01,14.0,IEX,0.2489,3366.33,3410.73,50293.2,4,5,0,1,False,False,True,0.06781692155841805,4.031445000000001,5.58712375,6.138698928571429,1.0514052258142221,5.8921769634788745,5.639908874086733
2026-05-01,23.0,IEX,10.0,3362.24,10326.75,5040.08,4,5,0,0,False,False,True,2.048925806636153,4.031445000000001,5.58712375,6.138698928571429,1.0514052258142221,5.8921769634788745,5.639908874086733
2026-05-01,22.0,IEX,10.0,4009.12,8219.85,5742.23,4,5,0,1,True,False,False,1.4314734842883803,4.031445000000001,5.58712375,6.138698928571429,1.0514052258142221,5.8921769634788745,5.639908874086733
2026-05-01,21.0,IEX,8.92225,3926.95,7269.1,5939.45,4,5,0,1,True,False,False,1.2238675277612112,4.031445000000001,5.58712375,6.138698928571429,1.0514052258142221,5.8921769634788745,5.639908874086733
2026-05-01,20.0,IEX,7.14756,4085.03,7521.8,6568.85,4,5,0,1,True,False,False,1.1450710533121153,4.031445000000001,5.58712375,6.138698928571429,1.0514052258142221,5.8921769634788745,5.639908874086733
2026-05-01,19.0,IEX,3.5812,3673.58,5435.7,9680.03,4,5,0,1,True,False,False,0.5615375153160295,4.031445000000001,5.58712375,6.138698928571429,1.0514052258142221,5.8921769634788745,5.639908874086733
2026-05-01,18.0,IEX,0.93971,4762.13,5900.93,17334.2,4,5,0,1,True,False,False,0.34042124797197376,4.031445000000001,5.58712375,6.138698928571429,1.0514052258142221,5.8921769634788745,5.639908874086733
2026-05-01,17.0,IEX,0.30073,5004.43,6055.13,28167.73,4,5,0,1,False,False,True,0.21496691419047012,4.031445000000001,5.58712375,6.138698928571429,1.0514052258142221,5.8921769634788745,5.639908874086733
2026-05-01,16.0,IEX,1.68151,4939.85,5173.9,34742.3,4,5,0,1,False,False,True,0.14892220718003057,4.031445000000001,5.58712375,6.138698928571429,1.0514052258142221,5.8921769634788745,5.639908874086733
2026-05-01,15.0,IEX,0.3001,4084.02,4128.55,42840.4,4,5,0,1,False,False,True,0.09637048204583279,4.031445000000001,5.58712375,6.138698928571429,1.0514052258142221,5.8921769634788745,5.639908874086733
2026-05-01,13.0,IEX,0.24884,3207.13,3251.53,50745.23,4,5,0,1,False,False,True,0.06407557911077048,4.031445000000001,5.58712375,6.138698928571429,1.0514052258142221,5.8921769634788745,5.639908874086733
2026-05-01,24.0,IEX,10.0,2905.3,9136.58,3892.7,4,5,0,0,False,False,True,2.347106115685498,4.031445000000001,5.58712375,6.138698928571429,1.0514052258142221,5.8921769634788745,5.639908874086733
2026-05-01,11.0,IEX,0.2742099999999999,3527.58,3571.98,49380.8,4,5,0,1,False,False,True,0.0723354015989341,4.031445000000001,5.58712375,6.138698928571429,1.0514052258142221,5.8921769634788745,5.639908874086733
2026-05-01,1.0,IEX,10.0,3919.34,10298.7,4171.55,4,5,0,0,False,False,True,2.4687945668425537,4.031445000000001,5.58712375,6.138698928571429,1.0514052258142221,5.8921769634788745,5.639908874086733
2026-05-01,2.0,IEX,9.37486,4103.65,8787.58,4709.63,4,5,0,0,False,False,True,1.8658748099832156,4.031445000000001,5.58712375,6.138698928571429,1.0514052258142221,5.8921769634788745,5.639908874086733
2026-05-01,3.0,IEX,5.10903,4415.53,8193.28,6639.33,4,5,0,0,False,False,True,1.234052229315229,4.031445000000001,5.58712375,6.138698928571429,1.0514052258142221,5.8921769634788745,5.639908874086733
2026-05-01,4.0,IEX,4.64508,4636.23,8359.2,8621.35,4,5,0,0,False,False,True,0.9695929280569832,4.031445000000001,5.58712375,6.138698928571429,1.0514052258142221,5.8921769634788745,5.639908874086733
2026-05-01,5.0,IEX,4.45213,4258.83,7694.65,9239.8,4,5,0,0,False,False,True,0.8327723534786767,4.031445000000001,5.58712375,6.138698928571429,1.0514052258142221,5.8921769634788745,5.639908874086733
2026-05-01,12.0,IEX,0.2489,3327.73,3372.13,50241.45,4,5,0,1,False,False,True,0.06711848482336427,4.031445000000001,5.58712375,6.138698928571429,1.0514052258142221,5.8921769634788745,5.639908874086733
2026-05-01,7.0,IEX,3.58224,5193.38,7306.65,15074.03,4,5,0,0,False,True,False,0.4847177559785155,4.031445000000001,5.58712375,6.138698928571429,1.0514052258142221,5.8921769634788745,5.639908874086733
2026-05-01,8.0,IEX,0.91237,3648.97,5058.25,26588.9,4,5,0,0,False,True,False,0.19023915987865644,4.031445000000001,5.58712375,6.138698928571429,1.0514052258142221,5.8921769634788745,5.639908874086733
2026-05-01,9.0,IEX,0.29935,3025.63,4270.03,40367.15,4,5,0,1,False,True,False,0.10577982341934472,4.031445000000001,5.58712375,6.138698928571429,1.0514052258142221,5.8921769634788745,5.639908874086733
2026-05-01,10.0,IEX,0.27403,3646.1,4690.5,47219.6,4,5,0,1,False,True,False,0.09933375121785577,4.031445000000001,5.58712375,6.138698928571429,1.0514052258142221,5.8921769634788745,5.639908874086733
2026-05-01,6.0,IEX,4.21168,4282.1,7309.85,10759.85,4,5,0,0,False,True,False,0.6793635592695404,4.031445000000001,5.58712375,6.138698928571429,1.0514052258142221,5.8921769634788745,5.639908874086733
2026-05-02,14.0,IEX,0.20038,4682.89,4821.25,54800.35,5,5,1,1,False,False,True,0.08797845267630983,3.10130875,4.031445000000001,5.603293869047619,1.4914821660248347,5.462812622943662,5.436820864159794
2026-05-02,15.0,IEX,0.2501,5107.9,5246.45,47191.63,5,5,1,1,False,False,True,0.11117331609203299,3.10130875,4.031445000000001,5.603293869047619,1.4914821660248347,5.462812622943662,5.436820864159794
2026-05-02,16.0,IEX,1.35868,5976.81,6294.98,37944.25,5,5,1,1,False,False,True,0.1659007622588664,3.10130875,4.031445000000001,5.603293869047619,1.4914821660248347,5.462812622943662,5.436820864159794
2026-05-02,17.0,IEX,1.21622,6523.81,7944.85,30996.75,5,5,1,1,False,False,True,0.2563123552448846,3.10130875,4.031445000000001,5.603293869047619,1.4914821660248347,5.462812622943662,5.436820864159794
2026-05-02,18.0,IEX,2.3975,6306.4,10023.85,21116.55,5,5,1,1,True,False,False,0.47469165158385646,3.10130875,4.031445000000001,5.603293869047619,1.4914821660248347,5.462812622943662,5.436820864159794
2026-05-02,20.0,IEX,5.48141,6659.84,13327.7,9804.3,5,5,1,1,True,False,False,1.3593729268184647,3.10130875,4.031445000000001,5.603293869047619,1.4914821660248347,5.462812622943662,5.436820864159794
2026-05-02,21.0,IEX,8.01708,6285.45,13621.33,9116.03,5,5,1,1,True,False,False,1.4942173276149624,3.10130875,4.031445000000001,5.603293869047619,1.4914821660248347,5.462812622943662,5.436820864159794
2026-05-02,22.0,IEX,10.0,6423.92,14740.58,8586.73,5,5,1,1,True,False,False,1.7166697896444052,3.10130875,4.031445000000001,5.603293869047619,1.4914821660248347,5.462812622943662,5.436820864159794
2026-05-02,23.0,IEX,10.0,6103.6,15763.48,8200.13,5,5,1,0,False,False,True,1.9223451312084747,3.10130875,4.031445000000001,5.603293869047619,1.4914821660248347,5.462812622943662,5.436820864159794
2026-05-02,13.0,IEX,0.20026,4390.32,4528.63,55910.95,5,5,1,1,False,False,True,0.08099719284308401,3.10130875,4.031445000000001,5.603293869047619,1.4914821660248347,5.462812622943662,5.436820864159794
2026-05-02,19.0,IEX,3.16798,5799.88,10349.65,12790.7,5,5,1,1,True,False,False,0.8091543067938781,3.10130875,4.031445000000001,5.603293869047619,1.4914821660248347,5.462812622943662,5.436820864159794
2026-05-02,24.0,IEX,10.0,5597.05,14448.9,6950.13,5,5,1,0,False,False,True,2.0789395276362606,3.10130875,4.031445000000001,5.603293869047619,1.4914821660248347,5.462812622943662,5.436820864159794
2026-05-02,12.0,IEX,0.20028,4360.81,4501.63,55323.65,5,5,1,1,False,False,True,0.08136899859619366,3.10130875,4.031445000000001,5.603293869047619,1.4914821660248347,5.462812622943662,5.436820864159794
2026-05-02,10.0,IEX,0.20081,4551.6,5692.1,47741.33,5,5,1,1,False,True,False,0.11922793099412439,3.10130875,4.031445000000001,5.603293869047619,1.4914821660248347,5.462812622943662,5.436820864159794
2026-05-02,9.0,IEX,0.20058,4074.32,5414.83,42544.28,5,5,1,1,False,True,False,0.12727515893387426,3.10130875,4.031445000000001,5.603293869047619,1.4914821660248347,5.462812622943662,5.436820864159794
2026-05-02,8.0,IEX,1.403,4763.37,6957.38,26631.28,5,5,1,0,False,True,False,0.26124842656408237,3.10130875,4.031445000000001,5.603293869047619,1.4914821660248347,5.462812622943662,5.436820864159794
2026-05-02,7.0,IEX,2.8692800000000003,5959.6,10317.7,18276.4,5,5,1,0,False,True,False,0.5645367793632571,3.10130875,4.031445000000001,5.603293869047619,1.4914821660248347,5.462812622943662,5.436820864159794
2026-05-02,6.0,IEX,2.83428,4065.17,8955.55,14236.78,5,5,1,0,False,True,False,0.6290432242199125,3.10130875,4.031445000000001,5.603293869047619,1.4914821660248347,5.462812622943662,5.436820864159794
2026-05-02,5.0,IEX,2.82066,4051.6,9246.15,14156.55,5,5,1,0,False,False,True,0.6531358271237443,3.10130875,4.031445000000001,5.603293869047619,1.4914821660248347,5.462812622943662,5.436820864159794
2026-05-02,4.0,IEX,2.82983,3869.83,9172.03,13360.3,5,5,1,0,False,False,True,0.68651377537442,3.10130875,4.031445000000001,5.603293869047619,1.4914821660248347,5.462812622943662,5.436820864159794
2026-05-02,3.0,IEX,2.82027,4036.9,9315.03,13360.85,5,5,1,0,False,False,True,0.697188426861174,3.10130875,4.031445000000001,5.603293869047619,1.4914821660248347,5.462812622943662,5.436820864159794
2026-05-02,2.0,IEX,2.82077,4190.65,9507.33,12016.1,5,5,1,0,False,False,True,0.7912159512726958,3.10130875,4.031445000000001,5.603293869047619,1.4914821660248347,5.462812622943662,5.436820864159794
2026-05-02,1.0,IEX,2.94135,3985.35,9359.45,9875.9,5,5,1,0,False,False,True,0.9477060308957098,3.10130875,4.031445000000001,5.603293869047619,1.4914821660248347,5.462812622943662,5.436820864159794
2026-05-02,11.0,IEX,0.20069,4744.95,4885.93,52397.75,5,5,1,1,False,False,True,0.09324694283757472,3.10130875,4.031445000000001,5.603293869047619,1.4914821660248347,5.462812622943662,5.436820864159794
2026-05-03,15.0,IEX,0.17545,4576.11,4578.7,52905.35,6,5,1,1,False,False,True,0.08654512254686055,2.1685729166666667,3.10130875,4.989897738095238,1.9049351851848246,4.956006514285662,5.175361028360344
2026-05-03,16.0,IEX,0.40656,5249.13,5302.25,43597.73,6,5,1,1,False,False,True,0.12161757042818108,2.1685729166666667,3.10130875,4.989897738095238,1.9049351851848246,4.956006514285662,5.175361028360344
2026-05-03,17.0,IEX,0.27581,5299.25,6334.48,36923.5,6,5,1,1,False,False,True,0.1715568675310962,2.1685729166666667,3.10130875,4.989897738095238,1.9049351851848246,4.956006514285662,5.175361028360344
2026-05-03,18.0,IEX,0.98258,5515.18,6869.13,25591.4,6,5,1,1,True,False,False,0.2684155613727988,2.1685729166666667,3.10130875,4.989897738095238,1.9049351851848246,4.956006514285662,5.175361028360344
2026-05-03,14.0,IEX,0.0996,4131.5,4133.5,60378.85,6,5,1,1,False,False,True,0.0684594025774821,2.1685729166666667,3.10130875,4.989897738095238,1.9049351851848246,4.956006514285662,5.175361028360344
2026-05-03,20.0,IEX,3.4651,5717.31,10754.35,15809.93,6,5,1,1,True,False,False,0.6802275527594193,2.1685729166666667,3.10130875,4.989897738095238,1.9049351851848246,4.956006514285662,5.175361028360344
2026-05-03,21.0,IEX,3.77617,5215.15,10609.3,14124.85,6,5,1,1,True,False,False,0.7511088608012765,2.1685729166666667,3.10130875,4.989897738095238,1.9049351851848246,4.956006514285662,5.175361028360344
2026-05-03,22.0,IEX,3.96581,5263.55,10808.23,13543.15,6,5,1,1,True,False,False,0.798058796662476,2.1685729166666667,3.10130875,4.989897738095238,1.9049351851848246,4.956006514285662,5.175361028360344
2026-05-03,23.0,IEX,4.09872,5416.85,11961.15,12516.6,6,5,1,0,False,False,True,0.9556229319818298,2.1685729166666667,3.10130875,4.989897738095238,1.9049351851848246,4.956006514285662,5.175361028360344
2026-05-03,19.0,IEX,2.56724,5256.53,8951.73,18798.0,6,5,1,1,True,False,False,0.4762065110776644,2.1685729166666667,3.10130875,4.989897738095238,1.9049351851848246,4.956006514285662,5.175361028360344
2026-05-03,13.0,IEX,0.09961,4247.07,4249.08,61160.2,6,5,1,1,False,False,True,0.06947459294288204,2.1685729166666667,3.10130875,4.989897738095238,1.9049351851848246,4.956006514285662,5.175361028360344
2026-05-03,24.0,IEX,4.388229999999999,5595.78,12537.88,10294.2,6,5,1,0,False,False,True,1.2179557408852015,2.1685729166666667,3.10130875,4.989897738095238,1.9049351851848246,4.956006514285662,5.175361028360344
2026-05-03,11.0,IEX,0.19788,5535.82,5538.43,57344.75,6,5,1,1,False,False,True,0.0965812912085969,2.1685729166666667,3.10130875,4.989897738095238,1.9049351851848246,4.956006514285662,5.175361028360344
2026-05-03,1.0,IEX,3.99963,5957.28,13245.0,10265.03,6,5,1,0,False,False,True,1.290303095762698,2.1685729166666667,3.10130875,4.989897738095238,1.9049351851848246,4.956006514285662,5.175361028360344
2026-05-03,2.0,IEX,3.68027,5980.65,12490.6,11845.75,6,5,1,0,False,False,True,1.0544372445354349,2.1685729166666667,3.10130875,4.989897738095238,1.9049351851848246,4.956006514285662,5.175361028360344
2026-05-03,3.0,IEX,3.39757,5925.96,11889.2,13043.05,6,5,1,0,False,False,True,0.9115352613755716,2.1685729166666667,3.10130875,4.989897738095238,1.9049351851848246,4.956006514285662,5.175361028360344
2026-05-03,4.0,IEX,3.45047,5622.81,11608.8,13064.23,6,5,1,0,False,False,True,0.8885942754463184,2.1685729166666667,3.10130875,4.989897738095238,1.9049351851848246,4.956006514285662,5.175361028360344
2026-05-03,5.0,IEX,3.47916,5637.25,11513.53,13926.58,6,5,1,0,False,False,True,0.8267306109420041,2.1685729166666667,3.10130875,4.989897738095238,1.9049351851848246,4.956006514285662,5.175361028360344
2026-05-03,12.0,IEX,0.09974,4856.09,4858.1,59523.93,6,5,1,1,False,False,True,0.08161591479567698,2.1685729166666667,3.10130875,4.989897738095238,1.9049351851848246,4.956006514285662,5.175361028360344
2026-05-03,7.0,IEX,3.33579,6558.63,11826.95,20010.05,6,5,1,0,False,True,False,0.5910504968298178,2.1685729166666667,3.10130875,4.989897738095238,1.9049351851848246,4.956006514285662,5.175361028360344
2026-05-03,8.0,IEX,2.31824,5808.48,9949.3,28593.88,6,5,1,0,False,True,False,0.3479520791344329,2.1685729166666667,3.10130875,4.989897738095238,1.9049351851848246,4.956006514285662,5.175361028360344
2026-05-03,9.0,IEX,0.21268,5936.84,7487.83,45264.33,6,5,1,1,False,True,False,0.16542451856341966,2.1685729166666667,3.10130875,4.989897738095238,1.9049351851848246,4.956006514285662,5.175361028360344
2026-05-03,10.0,IEX,0.19981,5307.54,6572.85,53025.28,6,5,1,1,False,True,False,0.12395691260395854,2.1685729166666667,3.10130875,4.989897738095238,1.9049351851848246,4.956006514285662,5.175361028360344
2026-05-03,6.0,IEX,3.37363,5531.73,11030.95,14756.2,6,5,1,0,False,True,False,0.7475467933834274,2.1685729166666667,3.10130875,4.989897738095238,1.9049351851848246,4.956006514285662,5.175361028360344
2026-05-04,24.0,IEX,6.2521,8330.85,15447.1,10964.48,0,5,0,0,False,False,True,1.4088310604708743,2.5743816666666666,2.1685729166666667,4.3464494642857145,1.8415059629723136,4.589602691575048,4.967282679424851
2026-05-04,23.0,IEX,4.70041,9045.72,15573.88,13248.93,0,5,0,0,False,False,True,1.175482094648034,2.5743816666666666,2.1685729166666667,4.3464494642857145,1.8415059629723136,4.589602691575048,4.967282679424851
2026-05-04,22.0,IEX,3.8605,8792.15,13678.9,14475.73,0,5,0,1,True,False,False,0.9449540707481046,2.5743816666666666,2.1685729166666667,4.3464494642857145,1.8415059629723136,4.589602691575048,4.967282679424851
2026-05-04,21.0,IEX,3.889,9090.64,13956.28,14761.7,0,5,0,1,True,False,False,0.9454385328617717,2.5743816666666666,2.1685729166666667,4.3464494642857145,1.8415059629723136,4.589602691575048,4.967282679424851
2026-05-04,20.0,IEX,3.88306,10713.34,15641.43,16509.0,0,5,0,1,True,False,False,0.9474486637909937,2.5743816666666666,2.1685729166666667,4.3464494642857145,1.8415059629723136,4.589602691575048,4.967282679424851
2026-05-04,19.0,IEX,3.4977600000000004,8572.7,12899.0,17372.55,0,5,0,1,True,False,False,0.7424931856621548,2.5743816666666666,2.1685729166666667,4.3464494642857145,1.8415059629723136,4.589602691575048,4.967282679424851
2026-05-04,18.0,IEX,2.1229400000000003,6609.9,9132.1,22316.38,0,5,0,1,True,False,False,0.40921063344090275,2.5743816666666666,2.1685729166666667,4.3464494642857145,1.8415059629723136,4.589602691575048,4.967282679424851
2026-05-04,17.0,IEX,1.73148,6721.83,8552.75,34677.65,0,5,0,1,False,False,True,0.24663580137447724,2.5743816666666666,2.1685729166666667,4.3464494642857145,1.8415059629723136,4.589602691575048,4.967282679424851
2026-05-04,15.0,IEX,0.42548,5563.3,6091.05,49781.83,0,5,0,1,False,False,True,0.1223548832732033,2.5743816666666666,2.1685729166666667,4.3464494642857145,1.8415059629723136,4.589602691575048,4.967282679424851
2026-05-04,14.0,IEX,0.30046,5262.93,5706.23,57749.78,0,5,0,1,False,False,True,0.09880955388941574,2.5743816666666666,2.1685729166666667,4.3464494642857145,1.8415059629723136,4.589602691575048,4.967282679424851
2026-05-04,13.0,IEX,0.30044,5140.13,5583.43,58965.65,0,5,0,1,False,False,True,0.09468953533206374,2.5743816666666666,2.1685729166666667,4.3464494642857145,1.8415059629723136,4.589602691575048,4.967282679424851
2026-05-04,16.0,IEX,1.28053,6199.22,6976.38,42020.1,0,5,0,1,False,False,True,0.16602483093423745,2.5743816666666666,2.1685729166666667,4.3464494642857145,1.8415059629723136,4.589602691575048,4.967282679424851
2026-05-04,11.0,IEX,0.30072,5877.2,6320.5,57096.55,0,5,0,1,False,False,True,0.11069845724291598,2.5743816666666666,2.1685729166666667,4.3464494642857145,1.8415059629723136,4.589602691575048,4.967282679424851
2026-05-04,12.0,IEX,0.30048,5370.83,5814.13,58804.03,0,5,0,1,False,False,True,0.09887298538911823,2.5743816666666666,2.1685729166666667,4.3464494642857145,1.8415059629723136,4.589602691575048,4.967282679424851
2026-05-04,2.0,IEX,4.19946,7321.0,14240.43,12427.18,0,5,0,0,False,False,True,1.1459100124518113,2.5743816666666666,2.1685729166666667,4.3464494642857145,1.8415059629723136,4.589602691575048,4.967282679424851
2026-05-04,3.0,IEX,3.74636,6945.35,13434.43,13592.05,0,5,0,0,False,False,True,0.9884035145629957,2.5743816666666666,2.1685729166666667,4.3464494642857145,1.8415059629723136,4.589602691575048,4.967282679424851
2026-05-04,4.0,IEX,3.50918,6789.21,12892.13,15174.95,0,5,0,0,False,False,True,0.8495665548489012,2.5743816666666666,2.1685729166666667,4.3464494642857145,1.8415059629723136,4.589602691575048,4.967282679424851
2026-05-04,5.0,IEX,3.48712,6836.85,12882.3,16450.1,0,5,0,0,False,False,True,0.7831137799872866,2.5743816666666666,2.1685729166666667,4.3464494642857145,1.8415059629723136,4.589602691575048,4.967282679424851
2026-05-04,1.0,IEX,4.58334,8012.78,15147.55,11206.5,0,5,0,0,False,False,True,1.3516753657683707,2.5743816666666666,2.1685729166666667,4.3464494642857145,1.8415059629723136,4.589602691575048,4.967282679424851
2026-05-04,7.0,IEX,3.21037,8716.06,13560.58,20643.58,0,5,0,0,False,True,False,0.6568909071697394,2.5743816666666666,2.1685729166666667,4.3464494642857145,1.8415059629723136,4.589602691575048,4.967282679424851
2026-05-04,8.0,IEX,1.87885,6095.78,8914.18,29416.13,0,5,0,0,False,True,False,0.3030371431241849,2.5743816666666666,2.1685729166666667,4.3464494642857145,1.8415059629723136,4.589602691575048,4.967282679424851
2026-05-04,9.0,IEX,0.30065,4855.02,6335.28,45121.88,0,5,0,1,False,True,False,0.14040372428178885,2.5743816666666666,2.1685729166666667,4.3464494642857145,1.8415059629723136,4.589602691575048,4.967282679424851
2026-05-04,10.0,IEX,0.30075,5826.92,7250.93,53643.4,0,5,0,1,False,True,False,0.13516909813040018,2.5743816666666666,2.1685729166666667,4.3464494642857145,1.8415059629723136,4.589602691575048,4.967282679424851
2026-05-04,6.0,IEX,3.72372,7777.93,13610.83,16908.98,0,5,0,0,False,True,False,0.8049468384225739,2.5743816666666666,2.1685729166666667,4.3464494642857145,1.8415059629723136,4.589602691575048,4.967282679424851
2026-05-05,15.0,IEX,1.23896,7553.1,9498.38,50787.4,1,5,0,1,False,False,True,0.18702237165379157,3.1855675,2.5743816666666666,3.8351608928571426,1.5284637506494825,4.373597277486579,4.824745465070863
2026-05-05,16.0,IEX,1.98535,9004.08,10829.48,40818.18,1,5,0,1,False,False,True,0.26531021219826306,3.1855675,2.5743816666666666,3.8351608928571426,1.5284637506494825,4.373597277486579,4.824745465070863
2026-05-05,17.0,IEX,2.01401,8541.64,9998.45,32216.2,1,5,0,1,False,False,True,0.31035472827013905,3.1855675,2.5743816666666666,3.8351608928571426,1.5284637506494825,4.373597277486579,4.824745465070863
2026-05-05,18.0,IEX,2.34564,6635.52,9830.33,18410.88,1,5,0,1,True,False,False,0.5339413430895528,3.1855675,2.5743816666666666,3.8351608928571426,1.5284637506494825,4.373597277486579,4.824745465070863
2026-05-05,19.0,IEX,4.30013,7652.9,12281.55,12883.03,1,5,0,1,True,False,False,0.953312224722513,3.1855675,2.5743816666666666,3.8351608928571426,1.5284637506494825,4.373597277486579,4.824745465070863
2026-05-05,21.0,IEX,5.6087,7639.92,13340.03,10981.08,1,5,0,1,True,False,False,1.2148194884156938,3.1855675,2.5743816666666666,3.8351608928571426,1.5284637506494825,4.373597277486579,4.824745465070863
2026-05-05,22.0,IEX,5.5622,7833.0,13709.35,11271.25,1,5,0,1,True,False,False,1.216311410698626,3.1855675,2.5743816666666666,3.8351608928571426,1.5284637506494825,4.373597277486579,4.824745465070863
2026-05-05,23.0,IEX,8.99994,8002.98,15391.53,10658.15,1,5,0,0,False,False,True,1.4441089668994067,3.1855675,2.5743816666666666,3.8351608928571426,1.5284637506494825,4.373597277486579,4.824745465070863
2026-05-05,24.0,IEX,10.0,6988.47,15482.88,8678.85,1,5,0,0,False,False,True,1.783978289999276,3.1855675,2.5743816666666666,3.8351608928571426,1.5284637506494825,4.373597277486579,4.824745465070863
2026-05-05,14.0,IEX,0.3180199999999999,6900.12,7661.85,57016.75,1,5,0,1,False,False,True,0.13437893248310734,3.1855675,2.5743816666666666,3.8351608928571426,1.5284637506494825,4.373597277486579,4.824745465070863
2026-05-05,20.0,IEX,5.875310000000001,7829.21,14274.35,10934.73,1,5,0,1,True,False,False,1.3054140328061015,3.1855675,2.5743816666666666,3.8351608928571426,1.5284637506494825,4.373597277486579,4.824745465070863
2026-05-05,13.0,IEX,0.20087,6624.4,7344.8,58097.18,1,5,0,1,False,False,True,0.1264226593913125,3.1855675,2.5743816666666666,3.8351608928571426,1.5284637506494825,4.373597277486579,4.824745465070863
2026-05-05,3.0,IEX,3.57037,7426.56,13059.95,14581.53,1,5,0,0,False,False,True,0.8956501814997122,3.1855675,2.5743816666666666,3.8351608928571426,1.5284637506494825,4.373597277486579,4.824745465070863
2026-05-05,11.0,IEX,0.3245699999999999,6892.58,8383.83,59616.75,1,5,0,1,False,False,True,0.1406287662207972,3.1855675,2.5743816666666666,3.8351608928571426,1.5284637506494825,4.373597277486579,4.824745465070863
2026-05-05,12.0,IEX,0.20094,6716.79,8145.68,59334.88,1,5,0,1,False,False,True,0.13728316293261517,3.1855675,2.5743816666666666,3.8351608928571426,1.5284637506494825,4.373597277486579,4.824745465070863
2026-05-05,2.0,IEX,3.73478,7328.58,13116.95,13611.48,1,5,0,0,False,False,True,0.9636681676322721,3.1855675,2.5743816666666666,3.8351608928571426,1.5284637506494825,4.373597277486579,4.824745465070863
2026-05-05,4.0,IEX,3.41996,6755.93,12233.53,15489.9,1,5,0,0,False,False,True,0.7897746268279495,3.1855675,2.5743816666666666,3.8351608928571426,1.5284637506494825,4.373597277486579,4.824745465070863
2026-05-05,5.0,IEX,3.31633,6543.27,11993.4,16527.75,1,5,0,0,False,False,True,0.7256523115816416,3.1855675,2.5743816666666666,3.8351608928571426,1.5284637506494825,4.373597277486579,4.824745465070863
2026-05-05,1.0,IEX,4.22283,7386.6,13705.38,12319.53,1,5,0,0,False,False,True,1.1124921152734786,3.1855675,2.5743816666666666,3.8351608928571426,1.5284637506494825,4.373597277486579,4.824745465070863
2026-05-05,7.0,IEX,3.13348,8316.71,12606.73,17514.08,1,5,0,0,False,True,False,0.719805436129214,3.1855675,2.5743816666666666,3.8351608928571426,1.5284637506494825,4.373597277486579,4.824745465070863
2026-05-05,8.0,IEX,1.88302,6304.33,9570.65,28993.63,1,5,0,0,False,True,False,0.33009492073600477,3.1855675,2.5743816666666666,3.8351608928571426,1.5284637506494825,4.373597277486579,4.824745465070863
2026-05-05,9.0,IEX,0.39975,5837.53,7631.25,46594.43,1,5,0,1,False,True,False,0.16378030589412074,3.1855675,2.5743816666666666,3.8351608928571426,1.5284637506494825,4.373597277486579,4.824745465070863
2026-05-05,10.0,IEX,0.4003899999999999,6769.23,8437.58,56499.3,1,5,0,1,False,True,False,0.14933954931311721,3.1855675,2.5743816666666666,3.8351608928571426,1.5284637506494825,4.373597277486579,4.824745465070863
2026-05-05,6.0,IEX,3.39807,7718.79,12860.83,16223.08,1,5,0,0,False,True,False,0.7927489719629386,3.1855675,2.5743816666666666,3.8351608928571426,1.5284637506494825,4.373597277486579,4.824745465070863
2026-05-06,14.0,IEX,0.2494499999999999,6001.53,6475.43,55112.63,2,5,0,1,False,False,True,0.11749448354805524,3.8470370833333334,3.1855675,3.499348095238095,1.1288815250287763,4.292588016847618,4.746528794531861
2026-05-06,23.0,IEX,10.0,5700.8,14917.18,8846.93,2,5,0,0,False,False,True,1.6861419705071228,3.8470370833333334,3.1855675,3.499348095238095,1.1288815250287763,4.292588016847618,4.746528794531861
2026-05-06,22.0,IEX,9.37237,5591.95,13258.55,8990.85,2,5,0,1,True,False,False,1.4746714699114416,3.8470370833333334,3.1855675,3.499348095238095,1.1288815250287763,4.292588016847618,4.746528794531861
2026-05-06,21.0,IEX,9.24963,5198.41,13513.4,8666.43,2,5,0,1,True,False,False,1.5592810401061554,3.8470370833333334,3.1855675,3.499348095238095,1.1288815250287763,4.292588016847618,4.746528794531861
2026-05-06,20.0,IEX,9.87467,5671.12,15341.48,8988.25,2,5,0,1,True,False,False,1.7068372578568272,3.8470370833333334,3.1855675,3.499348095238095,1.1288815250287763,4.292588016847618,4.746528794531861
2026-05-06,19.0,IEX,5.51542,5516.65,13058.75,10403.78,2,5,0,1,True,False,False,1.2551928229401306,3.8470370833333334,3.1855675,3.499348095238095,1.1288815250287763,4.292588016847618,4.746528794531861
2026-05-06,18.0,IEX,2.86602,6115.88,10887.33,16092.43,2,5,0,1,True,False,False,0.6765497810606914,3.8470370833333334,3.1855675,3.499348095238095,1.1288815250287763,4.292588016847618,4.746528794531861
2026-05-06,17.0,IEX,2.44836,7427.45,9958.55,27539.53,2,5,0,1,False,False,True,0.3616092938544669,3.8470370833333334,3.1855675,3.499348095238095,1.1288815250287763,4.292588016847618,4.746528794531861
2026-05-06,24.0,IEX,10.0,5399.17,14738.68,7643.55,2,5,0,0,False,False,True,1.9282506140101778,3.8470370833333334,3.1855675,3.499348095238095,1.1288815250287763,4.292588016847618,4.746528794531861
2026-05-06,15.0,IEX,1.0884200000000002,6998.27,8469.7,46967.28,2,5,0,1,False,False,True,0.1803319246547103,3.8470370833333334,3.1855675,3.499348095238095,1.1288815250287763,4.292588016847618,4.746528794531861
2026-05-06,13.0,IEX,0.24938,5891.5,6365.4,56426.43,2,5,0,1,False,False,True,0.11280883796603668,3.8470370833333334,3.1855675,3.499348095238095,1.1288815250287763,4.292588016847618,4.746528794531861
2026-05-06,16.0,IEX,2.19902,7824.09,10331.85,35893.58,2,5,0,1,False,False,True,0.2878467402003793,3.8470370833333334,3.1855675,3.499348095238095,1.1288815250287763,4.292588016847618,4.746528794531861
2026-05-06,11.0,IEX,0.2495399999999999,6210.55,7434.45,57562.3,2,5,0,1,False,False,True,0.12915484611817893,3.8470370833333334,3.1855675,3.499348095238095,1.1288815250287763,4.292588016847618,4.746528794531861
2026-05-06,1.0,IEX,4.13802,7376.72,14649.88,11729.8,2,5,0,0,False,False,True,1.2489454199995351,3.8470370833333334,3.1855675,3.499348095238095,1.1288815250287763,4.292588016847618,4.746528794531861
2026-05-06,2.0,IEX,3.63237,7399.05,14022.15,13320.95,2,5,0,0,False,False,True,1.0526388875773582,3.8470370833333334,3.1855675,3.499348095238095,1.1288815250287763,4.292588016847618,4.746528794531861
2026-05-06,3.0,IEX,3.51854,7006.17,13432.5,13861.13,2,5,0,0,False,False,True,0.9690768350278247,3.8470370833333334,3.1855675,3.499348095238095,1.1288815250287763,4.292588016847618,4.746528794531861
2026-05-06,4.0,IEX,3.44474,6650.88,12723.6,14860.58,2,5,0,0,False,False,True,0.856198075138253,3.8470370833333334,3.1855675,3.499348095238095,1.1288815250287763,4.292588016847618,4.746528794531861
2026-05-06,5.0,IEX,3.4391,6598.91,12611.8,15618.93,2,5,0,0,False,False,True,0.8074688849956629,3.8470370833333334,3.1855675,3.499348095238095,1.1288815250287763,4.292588016847618,4.746528794531861
2026-05-06,12.0,IEX,0.24944,6088.23,7262.13,58586.53,2,5,0,1,False,False,True,0.12395562595634942,3.8470370833333334,3.1855675,3.499348095238095,1.1288815250287763,4.292588016847618,4.746528794531861
2026-05-06,7.0,IEX,3.40388,8111.69,13621.25,17245.65,2,5,0,0,False,True,False,0.7898368569524274,3.8470370833333334,3.1855675,3.499348095238095,1.1288815250287763,4.292588016847618,4.746528794531861
2026-05-06,8.0,IEX,2.40073,6004.45,9721.05,26010.15,2,5,0,0,False,True,False,0.3737406357234615,3.8470370833333334,3.1855675,3.499348095238095,1.1288815250287763,4.292588016847618,4.746528794531861
2026-05-06,9.0,IEX,0.67469,5553.6,7036.0,43430.33,2,5,0,1,False,True,False,0.16200659765606049,3.8470370833333334,3.1855675,3.499348095238095,1.1288815250287763,4.292588016847618,4.746528794531861
2026-05-06,10.0,IEX,0.43942,6110.93,7417.0,54389.05,2,5,0,1,False,True,False,0.1363693610871362,3.8470370833333334,3.1855675,3.499348095238095,1.1288815250287763,4.292588016847618,4.746528794531861
2026-05-06,6.0,IEX,3.62568,7238.39,13627.88,15170.58,2,5,0,0,False,True,False,0.8983097542095887,3.8470370833333334,3.1855675,3.499348095238095,1.1288815250287763,4.292588016847618,4.746528794531861
2026-05-07,23.0,IEX,10.0,4565.9,14352.98,6715.43,3,5,0,0,False,False,True,2.1373136163472575,3.849447083333333,3.8470370833333334,3.2511085714285715,0.7045853477859989,4.224412488614651,4.6747622576359795
2026-05-07,22.0,IEX,7.855539999999999,4371.33,13343.68,7285.78,3,5,0,1,True,False,False,1.8314689685504244,3.849447083333333,3.8470370833333334,3.2511085714285715,0.7045853477859989,4.224412488614651,4.6747622576359795
2026-05-07,21.0,IEX,9.82478,4887.37,13632.35,7225.05,3,5,0,1,True,False,False,1.8868173896556877,3.849447083333333,3.8470370833333334,3.2511085714285715,0.7045853477859989,4.224412488614651,4.6747622576359795
2026-05-07,20.0,IEX,10.0,5340.12,14353.2,7556.13,3,5,0,1,True,False,False,1.8995438115813998,3.849447083333333,3.8470370833333334,3.2511085714285715,0.7045853477859989,4.224412488614651,4.6747622576359795
2026-05-07,19.0,IEX,5.26172,5834.58,12194.98,10497.35,3,5,0,1,True,False,False,1.1617198615253184,3.849447083333333,3.8470370833333334,3.2511085714285715,0.7045853477859989,4.224412488614651,4.6747622576359795
2026-05-07,18.0,IEX,2.73989,6642.4,11545.88,17610.08,3,5,0,1,True,False,False,0.6556404055770101,3.849447083333333,3.8470370833333334,3.2511085714285715,0.7045853477859989,4.224412488614651,4.6747622576359795
2026-05-07,17.0,IEX,2.2714000000000003,8518.45,12101.95,30639.15,3,5,0,1,False,False,True,0.39498321578928164,3.849447083333333,3.8470370833333334,3.2511085714285715,0.7045853477859989,4.224412488614651,4.6747622576359795
2026-05-07,16.0,IEX,1.99044,8249.62,11086.4,39357.68,3,5,0,1,False,False,True,0.2816832698772683,3.849447083333333,3.8470370833333334,3.2511085714285715,0.7045853477859989,4.224412488614651,4.6747622576359795
2026-05-07,15.0,IEX,1.24965,7693.88,9911.45,50624.75,3,5,0,1,False,False,True,0.19578269518451297,3.849447083333333,3.8470370833333334,3.2511085714285715,0.7045853477859989,4.224412488614651,4.6747622576359795
2026-05-07,14.0,IEX,0.55023,6583.68,7952.1,58729.85,3,5,0,1,False,False,True,0.13540133337044086,3.849447083333333,3.8470370833333334,3.2511085714285715,0.7045853477859989,4.224412488614651,4.6747622576359795
2026-05-07,13.0,IEX,0.21059,6642.59,7919.05,60746.15,3,5,0,1,False,False,True,0.13036299417652591,3.849447083333333,3.8470370833333334,3.2511085714285715,0.7045853477859989,4.224412488614651,4.6747622576359795
2026-05-07,24.0,IEX,10.0,4461.55,14564.9,6000.83,3,5,0,0,False,False,True,2.4271475738737016,3.849447083333333,3.8470370833333334,3.2511085714285715,0.7045853477859989,4.224412488614651,4.6747622576359795
2026-05-07,11.0,IEX,1.00089,6464.44,9330.58,60043.93,3,5,0,1,False,False,True,0.1553958909492773,3.849447083333333,3.8470370833333334,3.2511085714285715,0.7045853477859989,4.224412488614651,4.6747622576359795
2026-05-07,1.0,IEX,4.3070900000000005,5450.55,13573.63,9415.58,3,5,0,0,False,False,True,1.4416137917774434,3.849447083333333,3.8470370833333334,3.2511085714285715,0.7045853477859989,4.224412488614651,4.6747622576359795
2026-05-07,2.0,IEX,3.67234,5610.35,13114.1,10504.45,3,5,0,0,False,False,True,1.2484328058599614,3.849447083333333,3.8470370833333334,3.2511085714285715,0.7045853477859989,4.224412488614651,4.6747622576359795
2026-05-07,3.0,IEX,3.35082,5667.9,12667.5,11911.45,3,5,0,0,False,False,True,1.0634725402335798,3.849447083333333,3.8470370833333334,3.2511085714285715,0.7045853477859989,4.224412488614651,4.6747622576359795
2026-05-07,4.0,IEX,3.17503,5444.98,12302.78,13285.8,3,5,0,0,False,False,True,0.9260097239714511,3.849447083333333,3.8470370833333334,3.2511085714285715,0.7045853477859989,4.224412488614651,4.6747622576359795
2026-05-07,5.0,IEX,3.28247,5559.8,12499.2,14025.3,3,5,0,0,False,False,True,0.8911894926374556,3.849447083333333,3.8470370833333334,3.2511085714285715,0.7045853477859989,4.224412488614651,4.6747622576359795
2026-05-07,12.0,IEX,0.5002,6853.25,8904.33,61536.53,3,5,0,1,False,False,True,0.14469990424473075,3.849447083333333,3.8470370833333334,3.2511085714285715,0.7045853477859989,4.224412488614651,4.6747622576359795
2026-05-07,7.0,IEX,3.20381,7008.86,13083.45,17108.45,3,5,0,0,False,True,False,0.764736138712311,3.849447083333333,3.8470370833333334,3.2511085714285715,0.7045853477859989,4.224412488614651,4.6747622576359795
2026-05-07,8.0,IEX,2.12867,6025.02,10528.25,26435.0,3,5,0,0,False,True,False,0.3982693397396371,3.849447083333333,3.8470370833333334,3.2511085714285715,0.7045853477859989,4.224412488614651,4.6747622576359795
2026-05-07,9.0,IEX,1.3776700000000002,5829.14,8285.45,45011.95,3,5,0,1,False,True,False,0.18407222966699463,3.849447083333333,3.8470370833333334,3.2511085714285715,0.7045853477859989,4.224412488614651,4.6747622576359795
2026-05-07,10.0,IEX,1.06398,5943.75,8738.53,56696.45,3,5,0,1,False,True,False,0.15412834486918875,3.849447083333333,3.8470370833333334,3.2511085714285715,0.7045853477859989,4.224412488614651,4.6747622576359795
2026-05-07,6.0,IEX,3.36952,6057.18,12856.35,14171.0,3,5,0,0,False,True,False,0.9072295526729027,3.849447083333333,3.8470370833333334,3.2511085714285715,0.7045853477859989,4.224412488614651,4.6747622576359795
2026-05-08,14.0,IEX,0.2531899999999999,6703.46,8151.9,57333.45,4,5,0,1,False,False,True,0.14218401297284847,4.24637875,3.849447083333333,3.2818133928571425,0.7476275095341678,4.227791913443166,4.640491577025101
2026-05-08,15.0,IEX,1.45932,8133.23,10755.35,50608.45,4,5,0,1,False,False,True,0.21252083392940888,4.24637875,3.849447083333333,3.2818133928571425,0.7476275095341678,4.227791913443166,4.640491577025101
2026-05-08,16.0,IEX,2.23952,9096.33,13152.73,39575.4,4,5,0,1,False,False,True,0.33234610380884433,4.24637875,3.849447083333333,3.2818133928571425,0.7476275095341678,4.227791913443166,4.640491577025101
2026-05-08,17.0,IEX,2.80806,9261.38,13371.15,29628.48,4,5,0,1,False,False,True,0.4512938225480032,4.24637875,3.849447083333333,3.2818133928571425,0.7476275095341678,4.227791913443166,4.640491577025101
2026-05-08,18.0,IEX,3.4191,7478.87,12374.93,17681.85,4,5,0,1,True,False,False,0.6998662466315085,4.24637875,3.849447083333333,3.2818133928571425,0.7476275095341678,4.227791913443166,4.640491577025101
2026-05-08,20.0,IEX,10.0,5670.95,15913.9,7626.85,4,5,0,1,True,False,False,2.086562601747035,4.24637875,3.849447083333333,3.2818133928571425,0.7476275095341678,4.227791913443166,4.640491577025101
2026-05-08,21.0,IEX,10.0,5150.72,14199.05,7093.13,4,5,0,1,True,False,False,2.0018031503697196,4.24637875,3.849447083333333,3.2818133928571425,0.7476275095341678,4.227791913443166,4.640491577025101
2026-05-08,22.0,IEX,9.37242,4785.8,13235.5,6821.3,4,5,0,1,True,False,False,1.9403192911317209,4.24637875,3.849447083333333,3.2818133928571425,0.7476275095341678,4.227791913443166,4.640491577025101
2026-05-08,23.0,IEX,10.0,4893.81,15233.63,6783.25,4,5,0,0,False,False,True,2.245771566364543,4.24637875,3.849447083333333,3.2818133928571425,0.7476275095341678,4.227791913443166,4.640491577025101
2026-05-08,13.0,IEX,0.7304700000000001,7148.98,9336.35,58139.4,4,5,0,1,False,False,True,0.16058559253095395,4.24637875,3.849447083333333,3.2818133928571425,0.7476275095341678,4.227791913443166,4.640491577025101
2026-05-08,19.0,IEX,5.9840100000000005,7112.48,14083.03,10947.48,4,5,0,1,True,False,False,1.2864175122618016,4.24637875,3.849447083333333,3.2818133928571425,0.7476275095341678,4.227791913443166,4.640491577025101
2026-05-08,24.0,IEX,10.0,4911.35,15967.2,6266.73,4,5,0,0,False,False,True,2.547931692369176,4.24637875,3.849447083333333,3.2818133928571425,0.7476275095341678,4.227791913443166,4.640491577025101
2026-05-08,12.0,IEX,0.7308300000000001,7272.78,10609.98,58869.88,4,5,0,1,False,False,True,0.1802276477920071,4.24637875,3.849447083333333,3.2818133928571425,0.7476275095341678,4.227791913443166,4.640491577025101
2026-05-08,10.0,IEX,0.97339,7342.08,10488.25,53809.38,4,5,0,1,False,True,False,0.1949149014177612,4.24637875,3.849447083333333,3.2818133928571425,0.7476275095341678,4.227791913443166,4.640491577025101
2026-05-08,11.0,IEX,1.00089,7204.43,10703.3,56784.75,4,5,0,1,False,False,True,0.18848898688671006,4.24637875,3.849447083333333,3.2818133928571425,0.7476275095341678,4.227791913443166,4.640491577025101
2026-05-08,1.0,IEX,5.31234,6549.72,16391.73,8616.28,4,5,0,0,False,False,True,1.9024138005004319,4.24637875,3.849447083333333,3.2818133928571425,0.7476275095341678,4.227791913443166,4.640491577025101
2026-05-08,2.0,IEX,4.90226,7020.35,16124.43,9571.83,4,5,0,0,False,False,True,1.684571287115869,4.24637875,3.849447083333333,3.2818133928571425,0.7476275095341678,4.227791913443166,4.640491577025101
2026-05-08,3.0,IEX,4.308770000000001,6575.89,15181.25,10610.38,4,5,0,0,False,False,True,1.430792298267553,4.24637875,3.849447083333333,3.2818133928571425,0.7476275095341678,4.227791913443166,4.640491577025101
2026-05-08,4.0,IEX,3.7904,6161.45,14305.25,11219.9,4,5,0,0,False,False,True,1.2749890807627617,4.24637875,3.849447083333333,3.2818133928571425,0.7476275095341678,4.227791913443166,4.640491577025101
2026-05-08,6.0,IEX,3.83869,6669.98,14710.45,12528.28,4,5,0,0,False,True,False,1.1741795352800388,4.24637875,3.849447083333333,3.2818133928571425,0.7476275095341678,4.227791913443166,4.640491577025101
2026-05-08,7.0,IEX,3.3806,7579.85,14131.25,15651.75,4,5,0,0,False,True,False,0.9028543128385936,4.24637875,3.849447083333333,3.2818133928571425,0.7476275095341678,4.227791913443166,4.640491577025101
2026-05-08,8.0,IEX,2.29521,6613.65,10620.85,24776.43,4,5,0,0,False,True,False,0.42866748743516825,4.24637875,3.849447083333333,3.2818133928571425,0.7476275095341678,4.227791913443166,4.640491577025101
2026-05-08,9.0,IEX,1.5098699999999998,6984.42,9734.55,42122.15,4,5,0,1,False,True,False,0.23110287574800834,4.24637875,3.849447083333333,3.2818133928571425,0.7476275095341678,4.227791913443166,4.640491577025101
2026-05-08,5.0,IEX,3.60375,6263.98,14083.28,12056.98,4,5,0,0,False,False,True,1.1680603259124092,4.24637875,3.849447083333333,3.2818133928571425,0.7476275095341678,4.227791913443166,4.640491577025101
2026-05-09,24.0,IEX,10.0,5463.91,15109.1,7045.13,5,5,1,0,False,False,True,2.1446162070187262,4.203902083333333,4.24637875,3.439326726190476,0.8162591330617438,4.224116554964731,4.60556441752976
2026-05-09,14.0,IEX,1.00143,7705.93,8894.48,57278.93,5,5,1,1,False,False,True,0.15528362695405035,4.203902083333333,4.24637875,3.439326726190476,0.8162591330617438,4.224116554964731,4.60556441752976
2026-05-09,15.0,IEX,1.50622,8891.73,11319.8,49406.4,5,5,1,1,False,False,True,0.22911606588840389,4.203902083333333,4.24637875,3.439326726190476,0.8162591330617438,4.224116554964731,4.60556441752976
2026-05-09,16.0,IEX,2.07539,8826.65,11556.6,39502.38,5,5,1,1,False,False,True,0.29255452448876385,4.203902083333333,4.24637875,3.439326726190476,0.8162591330617438,4.224116554964731,4.60556441752976
2026-05-09,17.0,IEX,2.31348,7973.04,11616.08,31719.08,5,5,1,1,False,False,True,0.36621743115934713,4.203902083333333,4.24637875,3.439326726190476,0.8162591330617438,4.224116554964731,4.60556441752976
2026-05-09,20.0,IEX,8.928700000000001,6750.07,15031.2,9247.38,5,5,1,1,True,False,False,1.6254549919810208,4.203902083333333,4.24637875,3.439326726190476,0.8162591330617438,4.224116554964731,4.60556441752976
2026-05-09,19.0,IEX,4.73758,7825.52,13366.83,13474.8,5,5,1,1,True,False,False,0.991987264380928,4.203902083333333,4.24637875,3.439326726190476,0.8162591330617438,4.224116554964731,4.60556441752976
2026-05-09,21.0,IEX,9.87483,5329.47,13847.8,7552.78,5,5,1,1,True,False,False,1.8334705872096493,4.203902083333333,4.24637875,3.439326726190476,0.8162591330617438,4.224116554964731,4.60556441752976
2026-05-09,22.0,IEX,8.04544,5364.48,13477.85,8112.68,5,5,1,1,True,False,False,1.661331395221639,4.203902083333333,4.24637875,3.439326726190476,0.8162591330617438,4.224116554964731,4.60556441752976
2026-05-09,13.0,IEX,1.00122,7550.83,9794.43,58696.83,5,5,1,1,False,False,True,0.16686471821955892,4.203902083333333,4.24637875,3.439326726190476,0.8162591330617438,4.224116554964731,4.60556441752976
2026-05-09,18.0,IEX,3.07712,7268.03,11912.2,20551.45,5,5,1,1,True,False,False,0.5796282011344075,4.203902083333333,4.24637875,3.439326726190476,0.8162591330617438,4.224116554964731,4.60556441752976
2026-05-09,23.0,IEX,9.74987,6357.47,14959.83,8472.98,5,5,1,0,False,False,True,1.7655925049208279,4.203902083333333,4.24637875,3.439326726190476,0.8162591330617438,4.224116554964731,4.60556441752976
2026-05-09,12.0,IEX,1.00137,7401.63,10336.48,59607.83,5,5,1,1,False,False,True,0.17340809082071798,4.203902083333333,4.24637875,3.439326726190476,0.8162591330617438,4.224116554964731,4.60556441752976
2026-05-09,10.0,IEX,1.36492,6829.6,9673.98,54880.65,5,5,1,1,False,True,False,0.17627305795826523,4.203902083333333,4.24637875,3.439326726190476,0.8162591330617438,4.224116554964731,4.60556441752976
2026-05-09,1.0,IEX,5.95048,6469.52,15821.88,8684.93,5,5,1,0,False,False,True,1.8217625221829508,4.203902083333333,4.24637875,3.439326726190476,0.8162591330617438,4.224116554964731,4.60556441752976
2026-05-09,2.0,IEX,4.98924,6731.05,15098.68,9780.83,5,5,1,0,False,False,True,1.5437012998450017,4.203902083333333,4.24637875,3.439326726190476,0.8162591330617438,4.224116554964731,4.60556441752976
2026-05-09,3.0,IEX,4.37533,6409.08,14289.43,11339.58,5,5,1,0,False,False,True,1.2601374995721735,4.203902083333333,4.24637875,3.439326726190476,0.8162591330617438,4.224116554964731,4.60556441752976
2026-05-09,4.0,IEX,4.10677,5938.66,13401.0,12789.0,5,5,1,0,False,False,True,1.0478536233889644,4.203902083333333,4.24637875,3.439326726190476,0.8162591330617438,4.224116554964731,4.60556441752976
2026-05-09,11.0,IEX,1.05694,7577.05,10621.2,59559.0,5,5,1,1,False,False,True,0.17833073084196666,4.203902083333333,4.24637875,3.439326726190476,0.8162591330617438,4.224116554964731,4.60556441752976
2026-05-09,6.0,IEX,4.16282,6625.4,13874.53,12844.55,5,5,1,0,False,True,False,1.0801880944990772,4.203902083333333,4.24637875,3.439326726190476,0.8162591330617438,4.224116554964731,4.60556441752976
2026-05-09,7.0,IEX,3.54653,7570.97,13524.33,16914.95,5,5,1,0,False,True,False,0.7995489192699068,4.203902083333333,4.24637875,3.439326726190476,0.8162591330617438,4.224116554964731,4.60556441752976
2026-05-09,8.0,IEX,2.5003800000000003,6412.97,10817.38,25749.75,5,5,1,0,False,True,False,0.42009650562817247,4.203902083333333,4.24637875,3.439326726190476,0.8162591330617438,4.224116554964731,4.60556441752976
2026-05-09,9.0,IEX,1.40717,6455.17,8752.7,42032.15,5,5,1,1,False,True,False,0.2082382176005181,4.203902083333333,4.24637875,3.439326726190476,0.8162591330617438,4.224116554964731,4.60556441752976
2026-05-09,5.0,IEX,4.12042,6256.16,13602.88,13233.75,5,5,1,0,False,False,True,1.0278930756377496,4.203902083333333,4.24637875,3.439326726190476,0.8162591330617438,4.224116554964731,4.60556441752976
2026-05-10,24.0,IEX,7.19987,6890.12,13751.63,8521.2,6,5,1,0,False,False,True,1.6138137802025372,3.1370966666666664,4.203902083333333,3.5776872619047615,0.6245259713573108,4.056882725995798,4.488086997460712
2026-05-10,23.0,IEX,6.06289,6907.85,13830.35,9544.8,6,5,1,0,False,False,True,1.4489931675373051,3.1370966666666664,4.203902083333333,3.5776872619047615,0.6245259713573108,4.056882725995798,4.488086997460712
2026-05-10,22.0,IEX,5.67765,6105.2,12683.8,9534.3,6,5,1,1,True,False,False,1.3303336361029823,3.1370966666666664,4.203902083333333,3.5776872619047615,0.6245259713573108,4.056882725995798,4.488086997460712
2026-05-10,21.0,IEX,5.54749,6843.7,12949.55,10117.98,6,5,1,1,True,False,False,1.2798552662884732,3.1370966666666664,4.203902083333333,3.5776872619047615,0.6245259713573108,4.056882725995798,4.488086997460712
2026-05-10,20.0,IEX,4.88476,7551.11,13175.48,11886.85,6,5,1,1,True,False,False,1.10840802979056,3.1370966666666664,4.203902083333333,3.5776872619047615,0.6245259713573108,4.056882725995798,4.488086997460712
2026-05-10,19.0,IEX,3.78979,7337.0,10940.05,16135.13,6,5,1,1,True,False,False,0.6780267647809304,3.1370966666666664,4.203902083333333,3.5776872619047615,0.6245259713573108,4.056882725995798,4.488086997460712
2026-05-10,18.0,IEX,1.97481,6086.77,8027.7,21337.6,6,5,1,1,True,False,False,0.3762231926851084,3.1370966666666664,4.203902083333333,3.5776872619047615,0.6245259713573108,4.056882725995798,4.488086997460712
2026-05-10,17.0,IEX,1.87449,6580.65,8491.2,31803.7,6,5,1,1,False,False,True,0.26698780322195603,3.1370966666666664,4.203902083333333,3.5776872619047615,0.6245259713573108,4.056882725995798,4.488086997460712
2026-05-10,15.0,IEX,0.6501699999999999,7619.2,8856.98,54965.35,6,5,1,1,False,False,True,0.16113751660616413,3.1370966666666664,4.203902083333333,3.5776872619047615,0.6245259713573108,4.056882725995798,4.488086997460712
2026-05-10,14.0,IEX,0.20044,7348.88,7739.83,62210.03,6,5,1,1,False,False,True,0.12441450355763942,3.1370966666666664,4.203902083333333,3.5776872619047615,0.6245259713573108,4.056882725995798,4.488086997460712
2026-05-10,13.0,IEX,0.20068,7954.11,8345.15,62479.1,6,5,1,1,False,False,True,0.13356706480510008,3.1370966666666664,4.203902083333333,3.5776872619047615,0.6245259713573108,4.056882725995798,4.488086997460712
2026-05-10,16.0,IEX,1.78718,7580.3,9344.75,43344.83,6,5,1,1,False,False,True,0.21559087895474707,3.1370966666666664,4.203902083333333,3.5776872619047615,0.6245259713573108,4.056882725995798,4.488086997460712
2026-05-10,11.0,IEX,0.20063,7956.59,9047.55,61881.05,6,5,1,1,False,False,True,0.14620873431426762,3.1370966666666664,4.203902083333333,3.5776872619047615,0.6245259713573108,4.056882725995798,4.488086997460712
2026-05-10,12.0,IEX,0.20069,8037.44,9128.48,63538.13,6,5,1,1,False,False,True,0.14366932106064983,3.1370966666666664,4.203902083333333,3.5776872619047615,0.6245259713573108,4.056882725995798,4.488086997460712
2026-05-10,2.0,IEX,5.2096,6960.84,13356.25,8597.83,6,5,1,0,False,False,True,1.5534442975105995,3.1370966666666664,4.203902083333333,3.5776872619047615,0.6245259713573108,4.056882725995798,4.488086997460712
2026-05-10,3.0,IEX,4.76228,6679.32,12872.3,10066.4,6,5,1,0,False,False,True,1.278739170628289,3.1370966666666664,4.203902083333333,3.5776872619047615,0.6245259713573108,4.056882725995798,4.488086997460712
2026-05-10,4.0,IEX,4.08689,6244.27,12201.73,11576.98,6,5,1,0,False,False,True,1.0539648500265486,3.1370966666666664,4.203902083333333,3.5776872619047615,0.6245259713573108,4.056882725995798,4.488086997460712
2026-05-10,5.0,IEX,3.96167,6284.81,12002.33,12623.0,6,5,1,0,False,False,True,0.9508302297783172,3.1370966666666664,4.203902083333333,3.5776872619047615,0.6245259713573108,4.056882725995798,4.488086997460712
2026-05-10,1.0,IEX,7.87471,6497.33,14705.05,7554.38,6,5,1,0,False,False,True,1.9465594768246242,3.1370966666666664,4.203902083333333,3.5776872619047615,0.6245259713573108,4.056882725995798,4.488086997460712
2026-05-10,7.0,IEX,3.32842,6128.55,10874.25,17161.13,6,5,1,0,False,True,False,0.6336558253252228,3.1370966666666664,4.203902083333333,3.5776872619047615,0.6245259713573108,4.056882725995798,4.488086997460712
2026-05-10,8.0,IEX,1.73377,5833.75,9068.15,27227.8,6,5,1,0,False,True,False,0.33304747341575613,3.1370966666666664,4.203902083333333,3.5776872619047615,0.6245259713573108,4.056882725995798,4.488086997460712
2026-05-10,9.0,IEX,0.20065,5954.83,7224.0,45253.7,6,5,1,1,False,True,False,0.15963335591131037,3.1370966666666664,4.203902083333333,3.5776872619047615,0.6245259713573108,4.056882725995798,4.488086997460712
2026-05-10,10.0,IEX,0.20061,7164.89,8234.05,57527.9,6,5,1,1,False,True,False,0.1431314196862511,3.1370966666666664,4.203902083333333,3.5776872619047615,0.6245259713573108,4.056882725995798,4.488086997460712
2026-05-10,6.0,IEX,3.68018,6194.14,11659.45,12682.33,6,5,1,0,False,True,False,0.9193460500402166,3.1370966666666664,4.203902083333333,3.5776872619047615,0.6245259713573108,4.056882725995798,4.488086997460712
2026-05-11,15.0,IEX,1.78915,8233.73,10794.5,47319.48,0,5,0,1,False,False,True,0.2281195819928453,4.3768825,3.1370966666666664,3.8351873809523807,0.5013553073735988,4.1061134604579825,4.479190637663856
2026-05-11,16.0,IEX,2.49603,7563.14,10987.8,37519.68,0,5,0,1,False,False,True,0.2928543099800279,4.3768825,3.1370966666666664,3.8351873809523807,0.5013553073735988,4.1061134604579825,4.479190637663856
2026-05-11,17.0,IEX,2.58594,6500.13,9643.75,27547.4,0,5,0,1,False,False,True,0.3500784101766125,4.3768825,3.1370966666666664,3.8351873809523807,0.5013553073735988,4.1061134604579825,4.479190637663856
2026-05-11,18.0,IEX,3.35045,6353.8,9394.53,17611.45,0,5,0,1,True,False,False,0.5334330787451158,4.3768825,3.1370966666666664,3.8351873809523807,0.5013553073735988,4.1061134604579825,4.479190637663856
2026-05-11,19.0,IEX,4.75732,6139.58,10618.68,10417.2,0,5,0,1,True,False,False,1.0193410887576881,4.3768825,3.1370966666666664,3.8351873809523807,0.5013553073735988,4.1061134604579825,4.479190637663856
2026-05-11,24.0,IEX,10.0,3611.22,14725.9,4750.8,0,5,0,0,False,False,True,3.099667417909263,4.3768825,3.1370966666666664,3.8351873809523807,0.5013553073735988,4.1061134604579825,4.479190637663856
2026-05-11,21.0,IEX,10.0,4258.72,13670.53,6167.13,0,5,0,1,True,False,False,2.2166761488460986,4.3768825,3.1370966666666664,3.8351873809523807,0.5013553073735988,4.1061134604579825,4.479190637663856
2026-05-11,22.0,IEX,10.0,4208.89,13211.58,6117.3,0,5,0,1,True,False,False,2.1597077106571403,4.3768825,3.1370966666666664,3.8351873809523807,0.5013553073735988,4.1061134604579825,4.479190637663856
2026-05-11,23.0,IEX,10.0,4248.12,14538.5,6103.55,0,5,0,0,False,False,True,2.381974420817435,4.3768825,3.1370966666666664,3.8351873809523807,0.5013553073735988,4.1061134604579825,4.479190637663856
2026-05-11,14.0,IEX,1.0631400000000002,7574.95,8555.6,54512.4,0,5,0,1,False,False,True,0.1569477769907493,4.3768825,3.1370966666666664,3.8351873809523807,0.5013553073735988,4.1061134604579825,4.479190637663856
2026-05-11,20.0,IEX,9.49987,5647.19,13724.85,7675.2,0,5,0,1,True,False,False,1.788207471091037,4.3768825,3.1370966666666664,3.8351873809523807,0.5013553073735988,4.1061134604579825,4.479190637663856
2026-05-11,13.0,IEX,1.00171,7334.93,8679.73,55579.95,0,5,0,1,False,False,True,0.15616656723221833,4.3768825,3.1370966666666664,3.8351873809523807,0.5013553073735988,4.1061134604579825,4.479190637663856
2026-05-11,4.0,IEX,3.97985,5566.25,11645.8,11560.45,0,5,0,0,False,False,True,1.0073829297238577,4.3768825,3.1370966666666664,3.8351873809523807,0.5013553073735988,4.1061134604579825,4.479190637663856
2026-05-11,11.0,IEX,1.21744,6244.8,8674.28,56125.58,0,5,0,1,False,False,True,0.1545512758790998,4.3768825,3.1370966666666664,3.8351873809523807,0.5013553073735988,4.1061134604579825,4.479190637663856
2026-05-11,12.0,IEX,1.00177,6905.28,9033.58,57095.93,0,5,0,1,False,False,True,0.15821758220625926,4.3768825,3.1370966666666664,3.8351873809523807,0.5013553073735988,4.1061134604579825,4.479190637663856
2026-05-11,2.0,IEX,4.86571,5441.55,11718.18,8274.25,0,5,0,0,False,False,True,1.4162226166526,4.3768825,3.1370966666666664,3.8351873809523807,0.5013553073735988,4.1061134604579825,4.479190637663856
2026-05-11,3.0,IEX,4.2107600000000005,5502.88,11348.48,9646.78,0,5,0,0,False,False,True,1.1764008289020782,4.3768825,3.1370966666666664,3.8351873809523807,0.5013553073735988,4.1061134604579825,4.479190637663856
2026-05-11,5.0,IEX,3.99687,5905.06,12036.95,12662.58,0,5,0,0,False,False,True,0.9505922166331094,4.3768825,3.1370966666666664,3.8351873809523807,0.5013553073735988,4.1061134604579825,4.479190637663856
2026-05-11,1.0,IEX,6.047020000000001,5404.56,12705.25,7021.8,0,5,0,0,False,False,True,1.8094007208843876,4.3768825,3.1370966666666664,3.8351873809523807,0.5013553073735988,4.1061134604579825,4.479190637663856
2026-05-11,7.0,IEX,3.79669,6214.6,11511.3,15755.68,0,5,0,0,False,True,False,0.7306127055572259,4.3768825,3.1370966666666664,3.8351873809523807,0.5013553073735988,4.1061134604579825,4.479190637663856
2026-05-11,8.0,IEX,2.5488600000000003,6243.8,9963.23,25008.75,0,5,0,0,False,True,False,0.3983897634234459,4.3768825,3.1370966666666664,3.8351873809523807,0.5013553073735988,4.1061134604579825,4.479190637663856
2026-05-11,9.0,IEX,1.3018599999999998,5994.73,8067.08,42104.28,0,5,0,1,False,True,False,0.19159762375901032,4.3768825,3.1370966666666664,3.8351873809523807,0.5013553073735988,4.1061134604579825,4.479190637663856
2026-05-11,10.0,IEX,1.35722,6032.03,8194.53,52471.15,0,5,0,1,False,True,False,0.15617210597515546,4.3768825,3.1370966666666664,3.8351873809523807,0.5013553073735988,4.1061134604579825,4.479190637663856
2026-05-11,6.0,IEX,4.17752,5716.86,11863.08,12088.18,0,5,0,0,False,True,False,0.9813785028173153,4.3768825,3.1370966666666664,3.8351873809523807,0.5013553073735988,4.1061134604579825,4.479190637663856
2026-05-12,14.0,IEX,1.29256,8415.29,10157.1,53350.18,1,5,0,1,False,False,True,0.19038548694861282,4.7887975,4.3768825,4.064220238095238,0.5209473401497134,4.211141774233678,4.503959186650747
2026-05-12,15.0,IEX,1.79569,8741.26,11938.88,48019.3,1,5,0,1,False,False,True,0.24862669796339662,4.7887975,4.3768825,4.064220238095238,0.5209473401497134,4.211141774233678,4.503959186650747
2026-05-12,16.0,IEX,2.6563600000000003,8486.87,12933.0,37141.63,1,5,0,1,False,False,True,0.3482076579977218,4.7887975,4.3768825,4.064220238095238,0.5209473401497134,4.211141774233678,4.503959186650747
2026-05-12,17.0,IEX,2.8937600000000003,8232.98,12391.63,29575.33,1,5,0,1,False,False,True,0.41898535014859156,4.7887975,4.3768825,4.064220238095238,0.5209473401497134,4.211141774233678,4.503959186650747
2026-05-12,18.0,IEX,3.20164,6293.33,9828.05,18145.98,1,5,0,1,True,False,False,0.541610317799529,4.7887975,4.3768825,4.064220238095238,0.5209473401497134,4.211141774233678,4.503959186650747
2026-05-12,20.0,IEX,10.0,3733.42,13832.48,5097.73,1,5,0,1,True,False,False,2.713458730231969,4.7887975,4.3768825,4.064220238095238,0.5209473401497134,4.211141774233678,4.503959186650747
2026-05-12,21.0,IEX,10.0,2808.52,14094.35,4159.33,1,5,0,1,True,False,False,3.388610657513084,4.7887975,4.3768825,4.064220238095238,0.5209473401497134,4.211141774233678,4.503959186650747
2026-05-12,22.0,IEX,10.0,2965.79,13937.05,4316.6,1,5,0,1,True,False,False,3.228710088429064,4.7887975,4.3768825,4.064220238095238,0.5209473401497134,4.211141774233678,4.503959186650747
2026-05-12,24.0,IEX,10.0,2777.37,16508.0,3629.43,1,5,0,0,False,False,True,4.548372596941193,4.7887975,4.3768825,4.064220238095238,0.5209473401497134,4.211141774233678,4.503959186650747
2026-05-12,13.0,IEX,1.25463,8082.31,10442.88,53195.78,1,5,0,1,False,False,True,0.19631030878834554,4.7887975,4.3768825,4.064220238095238,0.5209473401497134,4.211141774233678,4.503959186650747
2026-05-12,19.0,IEX,5.75542,5019.1,10444.58,9381.85,1,5,0,1,True,False,False,1.1132750991400682,4.7887975,4.3768825,4.064220238095238,0.5209473401497134,4.211141774233678,4.503959186650747
2026-05-12,23.0,IEX,10.0,3099.07,15796.18,4396.9,1,5,0,0,False,False,True,3.592572031220697,4.7887975,4.3768825,4.064220238095238,0.5209473401497134,4.211141774233678,4.503959186650747
2026-05-12,12.0,IEX,1.35237,7798.95,11015.78,54627.73,1,5,0,1,False,False,True,0.20165179841782702,4.7887975,4.3768825,4.064220238095238,0.5209473401497134,4.211141774233678,4.503959186650747
2026-05-12,10.0,IEX,1.53725,6991.03,10273.35,49638.95,1,5,0,1,False,True,False,0.20696146872426563,4.7887975,4.3768825,4.064220238095238,0.5209473401497134,4.211141774233678,4.503959186650747
2026-05-12,1.0,IEX,10.0,4636.77,15879.43,5052.85,1,5,0,0,False,False,True,3.142667993028354,4.7887975,4.3768825,4.064220238095238,0.5209473401497134,4.211141774233678,4.503959186650747
2026-05-12,2.0,IEX,7.426279999999999,5293.18,13325.35,6281.25,1,5,0,0,False,False,True,2.121448752841475,4.7887975,4.3768825,4.064220238095238,0.5209473401497134,4.211141774233678,4.503959186650747
2026-05-12,3.0,IEX,4.60268,5096.3,12657.68,7143.5,1,5,0,0,False,False,True,1.7719157251040587,4.7887975,4.3768825,4.064220238095238,0.5209473401497134,4.211141774233678,4.503959186650747
2026-05-12,4.0,IEX,3.93728,5162.03,12291.63,8782.25,1,5,0,0,False,False,True,1.399599189957472,4.7887975,4.3768825,4.064220238095238,0.5209473401497134,4.211141774233678,4.503959186650747
2026-05-12,11.0,IEX,1.53756,7366.48,10998.0,53707.63,1,5,0,1,False,False,True,0.20477537359128017,4.7887975,4.3768825,4.064220238095238,0.5209473401497134,4.211141774233678,4.503959186650747
2026-05-12,6.0,IEX,4.0494200000000005,5680.5,12152.75,9411.83,1,5,0,0,False,True,False,1.2912207282842756,4.7887975,4.3768825,4.064220238095238,0.5209473401497134,4.211141774233678,4.503959186650747
2026-05-12,7.0,IEX,3.56373,6318.98,11740.23,13210.43,1,5,0,0,False,True,False,0.8887091480832121,4.7887975,4.3768825,4.064220238095238,0.5209473401497134,4.211141774233678,4.503959186650747
2026-05-12,8.0,IEX,2.50284,6005.08,9283.33,24082.23,1,5,0,0,False,True,False,0.385484649724928,4.7887975,4.3768825,4.064220238095238,0.5209473401497134,4.211141774233678,4.503959186650747
2026-05-12,9.0,IEX,1.538,5965.84,8666.85,40585.93,1,5,0,1,False,True,False,0.21354321553958644,4.7887975,4.3768825,4.064220238095238,0.5209473401497134,4.211141774233678,4.503959186650747
2026-05-12,5.0,IEX,4.03367,5435.28,12530.0,9140.43,1,5,0,0,False,False,True,1.3708326617338213,4.7887975,4.3768825,4.064220238095238,0.5209473401497134,4.211141774233678,4.503959186650747
2026-05-13,14.0,IEX,1.2198099999999998,8436.61,10976.03,44691.23,2,5,0,1,False,False,True,0.24559695487333935,5.934520833333333,4.7887975,4.362432202380952,0.8618449156304201,4.476277014095163,4.618404118385355
2026-05-13,23.0,IEX,10.0,2041.67,30195.8,2060.68,2,5,0,0,False,False,True,14.653318250998124,5.934520833333333,4.7887975,4.362432202380952,0.8618449156304201,4.476277014095163,4.618404118385355
2026-05-13,22.0,IEX,10.0,1885.79,28337.53,1904.8,2,5,0,1,True,False,False,14.87690563378357,5.934520833333333,4.7887975,4.362432202380952,0.8618449156304201,4.476277014095163,4.618404118385355
2026-05-13,21.0,IEX,10.0,1982.7,25487.2,2001.7,2,5,0,1,True,False,False,12.732777075821666,5.934520833333333,4.7887975,4.362432202380952,0.8618449156304201,4.476277014095163,4.618404118385355
2026-05-13,20.0,IEX,10.0,2048.2,17520.7,2080.7,2,5,0,1,True,False,False,8.42057957216043,5.934520833333333,4.7887975,4.362432202380952,0.8618449156304201,4.476277014095163,4.618404118385355
2026-05-13,19.0,IEX,7.08529,3649.86,11768.65,4817.78,2,5,0,1,True,False,False,2.442753711371724,5.934520833333333,4.7887975,4.362432202380952,0.8618449156304201,4.476277014095163,4.618404118385355
2026-05-13,18.0,IEX,3.72939,5214.97,12332.73,9965.5,2,5,0,1,True,False,False,1.2375425204580377,5.934520833333333,4.7887975,4.362432202380952,0.8618449156304201,4.476277014095163,4.618404118385355
2026-05-13,17.0,IEX,3.33307,7523.48,15796.08,18663.35,2,5,0,1,False,False,True,0.8463689526015593,5.934520833333333,4.7887975,4.362432202380952,0.8618449156304201,4.476277014095163,4.618404118385355
2026-05-13,16.0,IEX,3.02354,7709.31,15320.73,25367.68,2,5,0,1,False,False,True,0.6039468328976292,5.934520833333333,4.7887975,4.362432202380952,0.8618449156304201,4.476277014095163,4.618404118385355
2026-05-13,15.0,IEX,1.97383,8363.54,13470.08,35322.73,2,5,0,1,False,False,True,0.38134311804853604,5.934520833333333,4.7887975,4.362432202380952,0.8618449156304201,4.476277014095163,4.618404118385355
2026-05-13,13.0,IEX,1.37682,8434.54,11231.98,45838.68,2,5,0,1,False,False,True,0.24503279757509752,5.934520833333333,4.7887975,4.362432202380952,0.8618449156304201,4.476277014095163,4.618404118385355
2026-05-13,24.0,IEX,10.0,1985.77,29970.75,2004.78,2,5,0,0,False,False,True,14.949645273049187,5.934520833333333,4.7887975,4.362432202380952,0.8618449156304201,4.476277014095163,4.618404118385355
2026-05-13,11.0,IEX,1.51462,7951.81,11601.18,44038.08,2,5,0,1,False,False,True,0.26343519057519416,5.934520833333333,4.7887975,4.362432202380952,0.8618449156304201,4.476277014095163,4.618404118385355
2026-05-13,1.0,IEX,10.0,2327.19,24699.35,2346.2,2,5,0,0,False,False,True,10.52738466231615,5.934520833333333,4.7887975,4.362432202380952,0.8618449156304201,4.476277014095163,4.618404118385355
2026-05-13,2.0,IEX,10.0,2159.44,19978.65,2178.45,2,5,0,0,False,False,True,9.171038999421429,5.934520833333333,4.7887975,4.362432202380952,0.8618449156304201,4.476277014095163,4.618404118385355
2026-05-13,3.0,IEX,10.0,2599.0,16530.7,2618.0,2,5,0,0,False,False,True,6.314247493070101,5.934520833333333,4.7887975,4.362432202380952,0.8618449156304201,4.476277014095163,4.618404118385355
2026-05-13,4.0,IEX,10.0,3347.9,14486.78,3366.9,2,5,0,0,False,False,True,4.30270574028719,5.934520833333333,4.7887975,4.362432202380952,0.8618449156304201,4.476277014095163,4.618404118385355
2026-05-13,5.0,IEX,10.0,4793.58,15327.95,4835.68,2,5,0,0,False,False,True,3.1697610198157014,5.934520833333333,4.7887975,4.362432202380952,0.8618449156304201,4.476277014095163,4.618404118385355
2026-05-13,12.0,IEX,1.51937,8146.52,11894.25,45696.55,2,5,0,1,False,False,True,0.2602877021875201,5.934520833333333,4.7887975,4.362432202380952,0.8618449156304201,4.476277014095163,4.618404118385355
2026-05-13,7.0,IEX,4.895449999999999,4611.38,12884.5,7408.38,2,5,0,0,False,True,False,1.7391791434305757,5.934520833333333,4.7887975,4.362432202380952,0.8618449156304201,4.476277014095163,4.618404118385355
2026-05-13,8.0,IEX,3.59821,5949.63,11789.15,18030.78,2,5,0,0,False,True,False,0.6538347200432624,5.934520833333333,4.7887975,4.362432202380952,0.8618449156304201,4.476277014095163,4.618404118385355
2026-05-13,9.0,IEX,2.07311,6995.71,11441.68,30618.15,2,5,0,1,False,True,False,0.3736894618474044,5.934520833333333,4.7887975,4.362432202380952,0.8618449156304201,4.476277014095163,4.618404118385355
2026-05-13,10.0,IEX,1.64266,8267.42,12392.53,39677.35,2,5,0,1,False,True,False,0.31233260277908365,5.934520833333333,4.7887975,4.362432202380952,0.8618449156304201,4.476277014095163,4.618404118385355
2026-05-13,6.0,IEX,5.44333,3932.4,13776.78,4869.2,2,5,0,0,False,True,False,2.8293723756892875,5.934520833333333,4.7887975,4.362432202380952,0.8618449156304201,4.476277014095163,4.618404118385355
2026-05-14,14.0,IEX,1.61073,9168.54,12858.43,46407.88,3,5,0,1,False,False,True,0.27707428129079065,5.91762125,5.934520833333333,4.6578856547619045,1.0000891623076456,4.698022281157446,4.722341488914527
2026-05-14,15.0,IEX,2.27263,9951.38,14451.6,39748.38,3,5,0,1,False,False,True,0.3635770815405365,5.91762125,5.934520833333333,4.6578856547619045,1.0000891623076456,4.698022281157446,4.722341488914527
2026-05-14,16.0,IEX,3.36556,10115.51,15907.48,26437.35,3,5,0,1,False,False,True,0.6017047848586546,5.91762125,5.934520833333333,4.6578856547619045,1.0000891623076456,4.698022281157446,4.722341488914527
2026-05-14,17.0,IEX,3.56361,9606.29,15968.3,18909.4,3,5,0,1,False,False,True,0.8444635996676448,5.91762125,5.934520833333333,4.6578856547619045,1.0000891623076456,4.698022281157446,4.722341488914527
2026-05-14,18.0,IEX,3.98633,6312.68,12608.68,9227.73,3,5,0,1,True,False,False,1.3663902158316399,5.91762125,5.934520833333333,4.6578856547619045,1.0000891623076456,4.698022281157446,4.722341488914527
2026-05-14,20.0,IEX,10.0,2146.29,23882.75,2172.0,3,5,0,1,True,False,False,10.995741201677065,5.91762125,5.934520833333333,4.6578856547619045,1.0000891623076456,4.698022281157446,4.722341488914527
2026-05-14,21.0,IEX,10.0,1806.99,31121.65,1819.2,3,5,0,1,True,False,False,17.107327302620234,5.91762125,5.934520833333333,4.6578856547619045,1.0000891623076456,4.698022281157446,4.722341488914527
2026-05-14,22.0,IEX,10.0,1670.93,33161.13,1683.13,3,5,0,1,True,False,False,19.702060923980554,5.91762125,5.934520833333333,4.6578856547619045,1.0000891623076456,4.698022281157446,4.722341488914527
2026-05-14,23.0,IEX,10.0,1789.37,36732.1,1801.58,3,5,0,0,False,False,True,20.388825251230447,5.91762125,5.934520833333333,4.6578856547619045,1.0000891623076456,4.698022281157446,4.722341488914527
2026-05-14,13.0,IEX,1.56446,9039.14,12935.48,48292.95,3,5,0,1,False,False,True,0.2678544176183367,5.91762125,5.934520833333333,4.6578856547619045,1.0000891623076456,4.698022281157446,4.722341488914527
2026-05-14,19.0,IEX,7.2631,3439.19,12606.23,4071.08,3,5,0,1,True,False,False,3.0965321165476185,5.91762125,5.934520833333333,4.6578856547619045,1.0000891623076456,4.698022281157446,4.722341488914527
2026-05-14,24.0,IEX,10.0,1665.52,34289.43,1677.75,3,5,0,0,False,False,True,20.437746860749535,5.91762125,5.934520833333333,4.6578856547619045,1.0000891623076456,4.698022281157446,4.722341488914527
2026-05-14,12.0,IEX,1.5687,8445.47,13213.0,49916.88,3,5,0,1,False,False,True,0.2647000372890493,5.91762125,5.934520833333333,4.6578856547619045,1.0000891623076456,4.698022281157446,4.722341488914527
2026-05-14,10.0,IEX,1.6493699999999998,8111.3,12660.3,42611.83,3,5,0,1,False,True,False,0.2971076341248175,5.91762125,5.934520833333333,4.6578856547619045,1.0000891623076456,4.698022281157446,4.722341488914527
2026-05-14,9.0,IEX,1.97135,6635.23,10761.03,34577.7,3,5,0,1,False,True,False,0.3112130071371974,5.91762125,5.934520833333333,4.6578856547619045,1.0000891623076456,4.698022281157446,4.722341488914527
2026-05-14,8.0,IEX,3.18037,5735.43,10758.4,17775.78,3,5,0,0,False,True,False,0.6052280121574255,5.91762125,5.934520833333333,4.6578856547619045,1.0000891623076456,4.698022281157446,4.722341488914527
2026-05-14,7.0,IEX,5.0574,3601.35,11202.63,6171.8,3,5,0,0,False,True,False,1.8151317252420172,5.91762125,5.934520833333333,4.6578856547619045,1.0000891623076456,4.698022281157446,4.722341488914527
2026-05-14,6.0,IEX,4.73128,2589.83,10277.43,4092.48,3,5,0,0,False,True,False,2.51129632274001,5.91762125,5.934520833333333,4.6578856547619045,1.0000891623076456,4.698022281157446,4.722341488914527
2026-05-14,5.0,IEX,8.66948,3474.2,11604.33,3774.9,3,5,0,0,False,False,True,3.074076126323674,5.91762125,5.934520833333333,4.6578856547619045,1.0000891623076456,4.698022281157446,4.722341488914527
2026-05-14,4.0,IEX,10.0,2793.93,11842.4,2856.13,3,5,0,0,False,False,True,4.146309852330566,5.91762125,5.934520833333333,4.6578856547619045,1.0000891623076456,4.698022281157446,4.722341488914527
2026-05-14,3.0,IEX,10.0,2302.13,13802.45,2314.33,3,5,0,0,False,False,True,5.963907455013298,5.91762125,5.934520833333333,4.6578856547619045,1.0000891623076456,4.698022281157446,4.722341488914527
2026-05-14,2.0,IEX,10.0,1932.32,19524.5,1944.53,3,5,0,0,False,False,True,10.040729584831658,5.91762125,5.934520833333333,4.6578856547619045,1.0000891623076456,4.698022281157446,4.722341488914527
2026-05-14,1.0,IEX,10.0,1940.92,25029.05,1953.13,3,5,0,0,False,False,True,12.81484072839575,5.91762125,5.934520833333333,4.6578856547619045,1.0000891623076456,4.698022281157446,4.722341488914527
2026-05-14,11.0,IEX,1.56854,7967.19,13164.1,47742.98,3,5,0,1,False,False,True,0.2757284944769412,5.91762125,5.934520833333333,4.6578856547619045,1.0000891623076456,4.698022281157446,4.722341488914527
2026-05-15,15.0,IEX,2.31557,9551.21,13881.93,37303.98,4,5,0,1,False,False,True,0.3721299978253982,5.535925833333334,5.91762125,4.842106666666667,1.0299777464683233,4.826930519953736,4.787428236468031
2026-05-15,16.0,IEX,3.21683,9121.72,14762.65,23260.43,4,5,0,1,False,False,True,0.634667974480838,5.535925833333334,5.91762125,4.842106666666667,1.0299777464683233,4.826930519953736,4.787428236468031
2026-05-15,17.0,IEX,3.3799200000000003,8170.08,14725.4,16849.35,4,5,0,1,False,False,True,0.8739446917098022,5.535925833333334,5.91762125,4.842106666666667,1.0299777464683233,4.826930519953736,4.787428236468031
2026-05-15,24.0,IEX,10.0,2088.74,32019.5,2088.75,4,5,0,0,False,False,True,15.32950321805145,5.535925833333334,5.91762125,4.842106666666667,1.0299777464683233,4.826930519953736,4.787428236468031
2026-05-15,14.0,IEX,1.68957,8520.71,12065.65,46359.9,4,5,0,1,False,False,True,0.26026048368088356,5.535925833333334,5.91762125,4.842106666666667,1.0299777464683233,4.826930519953736,4.787428236468031
2026-05-15,20.0,IEX,10.0,2989.17,21628.85,2989.18,4,5,0,1,True,False,False,7.2357134490538755,5.535925833333334,5.91762125,4.842106666666667,1.0299777464683233,4.826930519953736,4.787428236468031
2026-05-15,21.0,IEX,10.0,2354.36,29595.3,2354.38,4,5,0,1,True,False,False,12.570315698526507,5.535925833333334,5.91762125,4.842106666666667,1.0299777464683233,4.826930519953736,4.787428236468031
2026-05-15,22.0,IEX,10.0,2249.11,30949.15,2249.13,4,5,0,1,True,False,False,13.76049844268451,5.535925833333334,5.91762125,4.842106666666667,1.0299777464683233,4.826930519953736,4.787428236468031
2026-05-15,23.0,IEX,10.0,2245.75,32806.73,2245.75,4,5,0,0,False,False,True,14.608362397380107,5.535925833333334,5.91762125,4.842106666666667,1.0299777464683233,4.826930519953736,4.787428236468031
2026-05-15,19.0,IEX,7.266229999999999,4378.57,12724.5,5144.95,4,5,0,1,True,False,False,2.47320187276222,5.535925833333334,5.91762125,4.842106666666667,1.0299777464683233,4.826930519953736,4.787428236468031
2026-05-15,13.0,IEX,1.60771,8760.0,12432.43,49317.65,4,5,0,1,False,False,True,0.25208885657526486,5.535925833333334,5.91762125,4.842106666666667,1.0299777464683233,4.826930519953736,4.787428236468031
2026-05-15,18.0,IEX,3.74287,6823.38,13273.53,10450.75,4,5,0,1,True,False,False,1.270103101432813,5.535925833333334,5.91762125,4.842106666666667,1.0299777464683233,4.826930519953736,4.787428236468031
2026-05-15,11.0,IEX,1.83854,8428.23,12817.63,47269.68,4,5,0,1,False,False,True,0.27115965238792394,5.535925833333334,5.91762125,4.842106666666667,1.0299777464683233,4.826930519953736,4.787428236468031
2026-05-15,1.0,IEX,10.0,2476.22,20164.6,2476.23,4,5,0,0,False,False,True,8.143266141904158,5.535925833333334,5.91762125,4.842106666666667,1.0299777464683233,4.826930519953736,4.787428236468031
2026-05-15,2.0,IEX,10.0,3138.87,16862.25,3138.88,4,5,0,0,False,False,True,5.372059443584783,5.535925833333334,5.91762125,4.842106666666667,1.0299777464683233,4.826930519953736,4.787428236468031
2026-05-15,3.0,IEX,10.0,3848.9,13204.8,3872.0,4,5,0,0,False,False,True,3.4103305697047244,5.535925833333334,5.91762125,4.842106666666667,1.0299777464683233,4.826930519953736,4.787428236468031
2026-05-15,4.0,IEX,5.43391,3971.75,11816.98,4731.18,4,5,0,0,False,False,True,2.49768133425978,5.535925833333334,5.91762125,4.842106666666667,1.0299777464683233,4.826930519953736,4.787428236468031
2026-05-15,5.0,IEX,4.46851,4216.8,11599.33,6063.38,4,5,0,0,False,False,True,1.9130138603996223,5.535925833333334,5.91762125,4.842106666666667,1.0299777464683233,4.826930519953736,4.787428236468031
2026-05-15,12.0,IEX,1.62006,8721.83,13101.08,49525.1,4,5,0,1,False,False,True,0.26453414525876084,5.535925833333334,5.91762125,4.842106666666667,1.0299777464683233,4.826930519953736,4.787428236468031
2026-05-15,7.0,IEX,4.6136,4805.6,11516.13,7911.15,4,5,0,0,False,True,False,1.4556834323003818,5.535925833333334,5.91762125,4.842106666666667,1.0299777464683233,4.826930519953736,4.787428236468031
2026-05-15,8.0,IEX,3.17072,5918.43,10959.6,17484.35,4,5,0,0,False,True,False,0.6268234160109908,5.535925833333334,5.91762125,4.842106666666667,1.0299777464683233,4.826930519953736,4.787428236468031
2026-05-15,9.0,IEX,2.12773,7460.52,10830.2,34590.15,4,5,0,1,False,True,False,0.3131006947604735,5.535925833333334,5.91762125,4.842106666666667,1.0299777464683233,4.826930519953736,4.787428236468031
2026-05-15,10.0,IEX,1.96465,8961.87,12653.6,43280.2,4,5,0,1,False,True,False,0.2923646378038076,5.535925833333334,5.91762125,4.842106666666667,1.0299777464683233,4.826930519953736,4.787428236468031
2026-05-15,6.0,IEX,4.4058,4006.54,10901.3,5994.8,4,5,0,0,False,True,False,1.81845932838717,5.535925833333334,5.91762125,4.842106666666667,1.0299777464683233,4.826930519953736,4.787428236468031
2026-05-16,15.0,IEX,2.42447,9656.55,13997.83,37201.0,5,5,1,1,False,False,True,0.3762756376505267,5.494574583333333,5.535925833333334,5.026488452380952,1.0120571246302557,4.929644991242904,4.843999944217256
2026-05-16,16.0,IEX,2.9857,9391.12,14592.15,26243.45,5,5,1,1,False,False,True,0.5560301711261171,5.494574583333333,5.535925833333334,5.026488452380952,1.0120571246302557,4.929644991242904,4.843999944217256
2026-05-16,17.0,IEX,3.27756,7911.93,14451.98,18633.28,5,5,1,1,False,False,True,0.7756004306404453,5.494574583333333,5.535925833333334,5.026488452380952,1.0120571246302557,4.929644991242904,4.843999944217256
2026-05-16,18.0,IEX,4.40362,6571.55,14126.83,9986.85,5,5,1,1,True,False,False,1.4145431227919283,5.494574583333333,5.535925833333334,5.026488452380952,1.0120571246302557,4.929644991242904,4.843999944217256
2026-05-16,19.0,IEX,7.70633,4328.47,13090.35,4845.5,5,5,1,1,True,False,False,2.701547822306165,5.494574583333333,5.535925833333334,5.026488452380952,1.0120571246302557,4.929644991242904,4.843999944217256
2026-05-16,21.0,IEX,10.0,2624.3,19671.23,2624.3,5,5,1,1,True,False,False,7.4958007564081806,5.494574583333333,5.535925833333334,5.026488452380952,1.0120571246302557,4.929644991242904,4.843999944217256
2026-05-16,22.0,IEX,10.0,2614.2,19974.45,2614.2,5,5,1,1,True,False,False,7.640750487182502,5.494574583333333,5.535925833333334,5.026488452380952,1.0120571246302557,4.929644991242904,4.843999944217256
2026-05-16,23.0,IEX,10.0,2472.53,21865.55,2472.53,5,5,1,0,False,False,True,8.843391146544667,5.494574583333333,5.535925833333334,5.026488452380952,1.0120571246302557,4.929644991242904,4.843999944217256
2026-05-16,24.0,IEX,10.0,2342.04,22159.33,2342.05,5,5,1,0,False,False,True,9.461510175011163,5.494574583333333,5.535925833333334,5.026488452380952,1.0120571246302557,4.929644991242904,4.843999944217256
2026-05-16,14.0,IEX,1.79904,8569.23,11366.78,46065.05,5,5,1,1,False,False,True,0.2467549692778462,5.494574583333333,5.535925833333334,5.026488452380952,1.0120571246302557,4.929644991242904,4.843999944217256
2026-05-16,20.0,IEX,10.0,2898.15,18626.98,2898.15,5,5,1,1,True,False,False,6.427196637761341,5.494574583333333,5.535925833333334,5.026488452380952,1.0120571246302557,4.929644991242904,4.843999944217256
2026-05-16,13.0,IEX,1.75429,8570.96,11689.9,48295.78,5,5,1,1,False,False,True,0.24204806294834702,5.494574583333333,5.535925833333334,5.026488452380952,1.0120571246302557,4.929644991242904,4.843999944217256
2026-05-16,12.0,IEX,1.85822,8612.76,12445.05,47525.18,5,5,1,1,False,False,True,0.26186223802585024,5.494574583333333,5.535925833333334,5.026488452380952,1.0120571246302557,4.929644991242904,4.843999944217256
2026-05-16,11.0,IEX,1.87322,8391.45,12391.73,46645.85,5,5,1,1,False,False,True,0.26565557273248197,5.494574583333333,5.535925833333334,5.026488452380952,1.0120571246302557,4.929644991242904,4.843999944217256
2026-05-16,2.0,IEX,10.0,3607.27,15078.58,3607.28,5,5,1,0,False,False,True,4.180041460102788,5.494574583333333,5.535925833333334,5.026488452380952,1.0120571246302557,4.929644991242904,4.843999944217256
2026-05-16,3.0,IEX,10.0,4732.62,13698.4,4746.13,5,5,1,0,False,False,True,2.8862251921329056,5.494574583333333,5.535925833333334,5.026488452380952,1.0120571246302557,4.929644991242904,4.843999944217256
2026-05-16,4.0,IEX,4.46515,4537.55,12507.95,5777.2,5,5,1,0,False,False,True,2.165054001652957,5.494574583333333,5.535925833333334,5.026488452380952,1.0120571246302557,4.929644991242904,4.843999944217256
2026-05-16,5.0,IEX,4.22168,4211.78,11818.93,6461.95,5,5,1,0,False,False,True,1.8290036261051177,5.494574583333333,5.535925833333334,5.026488452380952,1.0120571246302557,4.929644991242904,4.843999944217256
2026-05-16,1.0,IEX,10.0,2787.88,17212.73,2787.88,5,5,1,0,False,False,True,6.17412870649336,5.494574583333333,5.535925833333334,5.026488452380952,1.0120571246302557,4.929644991242904,4.843999944217256
2026-05-16,7.0,IEX,4.1216800000000005,4779.03,11232.83,7540.9,5,5,1,0,False,True,False,1.4895874477985553,5.494574583333333,5.535925833333334,5.026488452380952,1.0120571246302557,4.929644991242904,4.843999944217256
2026-05-16,8.0,IEX,2.7265300000000003,5212.7,10366.15,18815.33,5,5,1,0,False,True,False,0.5509417052207206,5.494574583333333,5.535925833333334,5.026488452380952,1.0120571246302557,4.929644991242904,4.843999944217256
2026-05-16,9.0,IEX,2.00563,7162.97,10800.58,33838.1,5,5,1,1,False,True,False,0.3191839966430786,5.494574583333333,5.535925833333334,5.026488452380952,1.0120571246302557,4.929644991242904,4.843999944217256
2026-05-16,10.0,IEX,1.98183,8277.7,12523.95,42941.93,5,5,1,1,False,True,False,0.29164851223695615,5.494574583333333,5.535925833333334,5.026488452380952,1.0120571246302557,4.929644991242904,4.843999944217256
2026-05-16,6.0,IEX,4.26484,3808.33,11232.48,5481.53,5,5,1,0,False,True,False,2.049150507159223,5.494574583333333,5.535925833333334,5.026488452380952,1.0120571246302557,4.929644991242904,4.843999944217256
2026-05-17,14.0,IEX,1.23164,6348.58,7660.33,47741.93,6,5,1,1,False,False,True,0.1604528765048977,4.90251875,5.494574583333333,5.278691607142856,0.5980356579906697,4.925471723359381,4.848681448679875
2026-05-17,23.0,IEX,10.0,3142.67,16477.35,3142.68,6,5,1,0,False,False,True,5.243088684679672,4.90251875,5.494574583333333,5.278691607142856,0.5980356579906697,4.925471723359381,4.848681448679875
2026-05-17,22.0,IEX,10.0,3282.6,14407.1,3288.6,6,5,1,1,True,False,False,4.380921959554455,4.90251875,5.494574583333333,5.278691607142856,0.5980356579906697,4.925471723359381,4.848681448679875
2026-05-17,21.0,IEX,10.0,3987.32,13880.65,4021.83,6,5,1,1,True,False,False,3.451326874951634,4.90251875,5.494574583333333,5.278691607142856,0.5980356579906697,4.925471723359381,4.848681448679875
2026-05-17,20.0,IEX,6.60927,4695.98,12577.83,5576.53,6,5,1,1,True,False,False,2.2554940038778706,4.90251875,5.494574583333333,5.278691607142856,0.5980356579906697,4.925471723359381,4.848681448679875
2026-05-17,19.0,IEX,4.05243,5268.9,9444.65,8457.13,6,5,1,1,True,False,False,1.1167677437655947,4.90251875,5.494574583333333,5.278691607142856,0.5980356579906697,4.925471723359381,4.848681448679875
2026-05-17,18.0,IEX,2.54967,5008.2,7755.35,12697.05,6,5,1,1,True,False,False,0.6107993584251465,4.90251875,5.494574583333333,5.278691607142856,0.5980356579906697,4.925471723359381,4.848681448679875
2026-05-17,17.0,IEX,2.47966,7247.35,10417.3,21739.25,6,5,1,1,False,False,True,0.4791931642171679,4.90251875,5.494574583333333,5.278691607142856,0.5980356579906697,4.925471723359381,4.848681448679875
2026-05-17,16.0,IEX,2.44415,8367.15,11155.85,28404.4,6,5,1,1,False,False,True,0.39275077086903765,4.90251875,5.494574583333333,5.278691607142856,0.5980356579906697,4.925471723359381,4.848681448679875
2026-05-17,15.0,IEX,1.7998599999999998,7651.0,9978.08,39563.3,6,5,1,1,False,False,True,0.2522054529697458,4.90251875,5.494574583333333,5.278691607142856,0.5980356579906697,4.925471723359381,4.848681448679875
2026-05-17,13.0,IEX,1.09144,6875.66,7688.3,50684.7,6,5,1,1,False,False,True,0.15168877389987734,4.90251875,5.494574583333333,5.278691607142856,0.5980356579906697,4.925471723359381,4.848681448679875
2026-05-17,24.0,IEX,10.0,2974.0,17207.13,2974.0,6,5,1,0,False,False,True,5.785854049139697,4.90251875,5.494574583333333,5.278691607142856,0.5980356579906697,4.925471723359381,4.848681448679875
2026-05-17,11.0,IEX,1.01094,7458.91,8682.9,50126.73,6,5,1,1,False,False,True,0.1732189591913897,4.90251875,5.494574583333333,5.278691607142856,0.5980356579906697,4.925471723359381,4.848681448679875
2026-05-17,1.0,IEX,10.0,3259.77,15918.98,3259.78,6,5,1,0,False,False,True,4.883452242533385,4.90251875,5.494574583333333,5.278691607142856,0.5980356579906697,4.925471723359381,4.848681448679875
2026-05-17,2.0,IEX,10.0,3772.2,13589.15,3772.2,6,5,1,0,False,False,True,3.602446838443224,4.90251875,5.494574583333333,5.278691607142856,0.5980356579906697,4.925471723359381,4.848681448679875
2026-05-17,3.0,IEX,8.499649999999999,4473.77,12352.0,4635.45,6,5,1,0,False,False,True,2.664681956089092,4.90251875,5.494574583333333,5.278691607142856,0.5980356579906697,4.925471723359381,4.848681448679875
2026-05-17,4.0,IEX,6.04488,4533.08,11710.05,4986.03,6,5,1,0,False,False,True,2.348571905206002,4.90251875,5.494574583333333,5.278691607142856,0.5980356579906697,4.925471723359381,4.848681448679875
2026-05-17,5.0,IEX,5.8138000000000005,4774.53,11773.7,5265.05,6,5,1,0,False,False,True,2.236199082181178,4.90251875,5.494574583333333,5.278691607142856,0.5980356579906697,4.925471723359381,4.848681448679875
2026-05-17,12.0,IEX,1.01813,6939.33,8333.68,51205.2,6,5,1,1,False,False,True,0.16275065810449904,4.90251875,5.494574583333333,5.278691607142856,0.5980356579906697,4.925471723359381,4.848681448679875
2026-05-17,7.0,IEX,4.1477,4994.52,10815.05,7964.15,6,5,1,0,False,True,False,1.3579666362914227,4.90251875,5.494574583333333,5.278691607142856,0.5980356579906697,4.925471723359381,4.848681448679875
2026-05-17,8.0,IEX,2.19282,5618.58,9007.63,18364.33,6,5,1,0,False,True,False,0.4904959775333507,4.90251875,5.494574583333333,5.278691607142856,0.5980356579906697,4.925471723359381,4.848681448679875
2026-05-17,9.0,IEX,0.94496,7456.64,8875.98,35958.25,6,5,1,1,False,True,False,0.2468412672344062,4.90251875,5.494574583333333,5.278691607142856,0.5980356579906697,4.925471723359381,4.848681448679875
2026-05-17,10.0,IEX,1.10555,7828.21,9595.98,45265.38,6,5,1,1,False,True,False,0.21199380183884597,4.90251875,5.494574583333333,5.278691607142856,0.5980356579906697,4.925471723359381,4.848681448679875
2026-05-17,6.0,IEX,4.6239,4291.83,10666.38,5679.33,6,5,1,0,False,True,False,1.8781053365835312,4.90251875,5.494574583333333,5.278691607142856,0.5980356579906697,4.925471723359381,4.848681448679875
2026-05-18,14.0,IEX,1.60089,7820.97,13311.93,41652.75,0,5,0,1,False,False,True,0.31959306400667586,5.708184583333334,4.90251875,5.4688776190476185,0.45896430623225154,5.045889086432297,4.9174416994521515
2026-05-18,23.0,IEX,10.0,2002.9,35623.43,2015.1,0,5,0,0,False,False,True,17.67824416813933,5.708184583333334,4.90251875,5.4688776190476185,0.45896430623225154,5.045889086432297,4.9174416994521515
2026-05-18,22.0,IEX,10.0,1900.35,32087.13,1912.55,0,5,0,1,True,False,False,16.777145607816028,5.708184583333334,4.90251875,5.4688776190476185,0.45896430623225154,5.045889086432297,4.9174416994521515
2026-05-18,21.0,IEX,10.0,1985.47,27120.28,1997.68,0,5,0,1,True,False,False,13.575887962156662,5.708184583333334,4.90251875,5.4688776190476185,0.45896430623225154,5.045889086432297,4.9174416994521515
2026-05-18,20.0,IEX,10.0,2238.71,23377.9,2250.93,0,5,0,1,True,False,False,10.38588489919329,5.708184583333334,4.90251875,5.4688776190476185,0.45896430623225154,5.045889086432297,4.9174416994521515
2026-05-18,19.0,IEX,7.3643,4486.84,13302.75,5161.1,0,5,0,1,True,False,False,2.5775028529237898,5.708184583333334,4.90251875,5.4688776190476185,0.45896430623225154,5.045889086432297,4.9174416994521515
2026-05-18,18.0,IEX,3.93382,6601.02,13655.4,11167.05,0,5,0,1,True,False,False,1.222829662961275,5.708184583333334,4.90251875,5.4688776190476185,0.45896430623225154,5.045889086432297,4.9174416994521515
2026-05-18,17.0,IEX,3.13178,8225.99,15942.23,19822.9,0,5,0,1,False,False,True,0.8042329826593319,5.708184583333334,4.90251875,5.4688776190476185,0.45896430623225154,5.045889086432297,4.9174416994521515
2026-05-18,16.0,IEX,2.74298,9489.15,16778.93,26909.13,0,5,0,1,False,False,True,0.6235404115170055,5.708184583333334,4.90251875,5.4688776190476185,0.45896430623225154,5.045889086432297,4.9174416994521515
2026-05-18,15.0,IEX,1.95451,8823.5,14965.78,36416.1,0,5,0,1,False,False,True,0.41096602864915077,5.708184583333334,4.90251875,5.4688776190476185,0.45896430623225154,5.045889086432297,4.9174416994521515
2026-05-18,13.0,IEX,1.62321,7786.55,13137.7,42807.8,0,5,0,1,False,False,True,0.30689967708994625,5.708184583333334,4.90251875,5.4688776190476185,0.45896430623225154,5.045889086432297,4.9174416994521515
2026-05-18,24.0,IEX,10.0,1889.12,37009.0,1901.33,0,5,0,0,False,False,True,19.464795593269997,5.708184583333334,4.90251875,5.4688776190476185,0.45896430623225154,5.045889086432297,4.9174416994521515
2026-05-18,11.0,IEX,1.78157,7694.4,13661.78,43117.28,0,5,0,1,False,False,True,0.3168516195091964,5.708184583333334,4.90251875,5.4688776190476185,0.45896430623225154,5.045889086432297,4.9174416994521515
2026-05-18,1.0,IEX,10.0,2410.04,26959.5,2422.25,0,5,0,0,False,False,True,11.12994112445065,5.708184583333334,4.90251875,5.4688776190476185,0.45896430623225154,5.045889086432297,4.9174416994521515
2026-05-18,2.0,IEX,10.0,2605.37,20091.7,2617.58,0,5,0,0,False,False,True,7.675677504887425,5.708184583333334,4.90251875,5.4688776190476185,0.45896430623225154,5.045889086432297,4.9174416994521515
2026-05-18,3.0,IEX,10.0,3079.28,15612.13,3091.48,0,5,0,0,False,False,True,5.05005044493236,5.708184583333334,4.90251875,5.4688776190476185,0.45896430623225154,5.045889086432297,4.9174416994521515
2026-05-18,4.0,IEX,10.0,3759.38,13353.15,3780.58,0,5,0,0,False,False,True,3.532037402906333,5.708184583333334,4.90251875,5.4688776190476185,0.45896430623225154,5.045889086432297,4.9174416994521515
2026-05-18,5.0,IEX,7.3251,4243.05,12555.08,4410.58,0,5,0,0,False,False,True,2.846582529176248,5.708184583333334,4.90251875,5.4688776190476185,0.45896430623225154,5.045889086432297,4.9174416994521515
2026-05-18,12.0,IEX,1.75805,7932.68,13704.53,43130.98,0,5,0,1,False,False,True,0.3177421425811001,5.708184583333334,4.90251875,5.4688776190476185,0.45896430623225154,5.045889086432297,4.9174416994521515
2026-05-18,7.0,IEX,3.88369,4899.5,11529.53,8394.95,0,5,0,0,False,True,False,1.373388761846838,5.708184583333334,4.90251875,5.4688776190476185,0.45896430623225154,5.045889086432297,4.9174416994521515
2026-05-18,8.0,IEX,2.70031,5720.13,12109.6,18169.5,0,5,0,0,False,True,False,0.6664795395214621,5.708184583333334,4.90251875,5.4688776190476185,0.45896430623225154,5.045889086432297,4.9174416994521515
2026-05-18,9.0,IEX,1.51296,6524.89,12109.73,33464.48,0,5,0,1,False,True,False,0.36186816577999464,5.708184583333334,4.90251875,5.4688776190476185,0.45896430623225154,5.045889086432297,4.9174416994521515
2026-05-18,10.0,IEX,1.55143,7002.38,13493.8,40311.3,0,5,0,1,False,True,False,0.334739886747701,5.708184583333334,4.90251875,5.4688776190476185,0.45896430623225154,5.045889086432297,4.9174416994521515
2026-05-18,6.0,IEX,4.13183,3553.7,11092.73,5412.23,0,5,0,0,False,True,False,2.049567364931706,5.708184583333334,4.90251875,5.4688776190476185,0.45896430623225154,5.045889086432297,4.9174416994521515
2026-05-19,14.0,IEX,1.69061,8580.82,13292.53,42908.68,1,5,0,1,False,False,True,0.30978650466297575,5.801740416666667,5.708184583333334,5.613583749999999,0.35721119563922626,5.162173906468354,4.988185596829313
2026-05-19,15.0,IEX,2.26589,9246.28,15817.35,36108.75,1,5,0,1,False,False,True,0.43804756452714433,5.801740416666667,5.708184583333334,5.613583749999999,0.35721119563922626,5.162173906468354,4.988185596829313
2026-05-19,16.0,IEX,2.85995,9065.16,16024.2,25882.33,1,5,0,1,False,False,True,0.6191173667057343,5.801740416666667,5.708184583333334,5.613583749999999,0.35721119563922626,5.162173906468354,4.988185596829313
2026-05-19,17.0,IEX,3.24012,7550.26,14805.2,19683.68,1,5,0,1,False,False,True,0.7521561005095815,5.801740416666667,5.708184583333334,5.613583749999999,0.35721119563922626,5.162173906468354,4.988185596829313
2026-05-19,18.0,IEX,3.72417,6009.15,13233.6,12344.33,1,5,0,1,True,False,False,1.0720387408048564,5.801740416666667,5.708184583333334,5.613583749999999,0.35721119563922626,5.162173906468354,4.988185596829313
2026-05-19,20.0,IEX,10.0,2653.77,21919.33,3475.08,1,5,0,1,True,False,False,6.30757563478373,5.801740416666667,5.708184583333334,5.613583749999999,0.35721119563922626,5.162173906468354,4.988185596829313
2026-05-19,21.0,IEX,10.0,2296.56,26425.38,3117.88,1,5,0,1,True,False,False,8.475431997140904,5.801740416666667,5.708184583333334,5.613583749999999,0.35721119563922626,5.162173906468354,4.988185596829313
2026-05-19,22.0,IEX,10.0,2265.05,29554.65,3086.35,1,5,0,1,True,False,False,9.575922984833467,5.801740416666667,5.708184583333334,5.613583749999999,0.35721119563922626,5.162173906468354,4.988185596829313
2026-05-19,23.0,IEX,10.0,2244.56,33927.98,3065.88,1,5,0,0,False,False,True,11.066310452247608,5.801740416666667,5.708184583333334,5.613583749999999,0.35721119563922626,5.162173906468354,4.988185596829313
2026-05-19,13.0,IEX,1.65079,8882.39,13240.93,45297.5,1,5,0,1,False,False,True,0.29231039234123063,5.801740416666667,5.708184583333334,5.613583749999999,0.35721119563922626,5.162173906468354,4.988185596829313
2026-05-19,19.0,IEX,7.05503,5068.35,14333.25,7167.43,1,5,0,1,True,False,False,1.999775369972535,5.801740416666667,5.708184583333334,5.613583749999999,0.35721119563922626,5.162173906468354,4.988185596829313
2026-05-19,24.0,IEX,10.0,2216.2,33842.85,2715.9,1,5,0,0,False,False,True,12.461007354979904,5.801740416666667,5.708184583333334,5.613583749999999,0.35721119563922626,5.162173906468354,4.988185596829313
2026-05-19,12.0,IEX,1.77794,9536.75,14233.93,44661.83,1,5,0,1,False,False,True,0.31870458502960924,5.801740416666667,5.708184583333334,5.613583749999999,0.35721119563922626,5.162173906468354,4.988185596829313
2026-05-19,10.0,IEX,1.7145,8547.83,13781.0,39226.65,1,5,0,1,False,True,False,0.3513172803817513,5.801740416666667,5.708184583333334,5.613583749999999,0.35721119563922626,5.162173906468354,4.988185596829313
2026-05-19,9.0,IEX,1.70757,8000.98,12046.9,32213.45,1,5,0,1,False,True,False,0.3739711206424735,5.801740416666667,5.708184583333334,5.613583749999999,0.35721119563922626,5.162173906468354,4.988185596829313
2026-05-19,8.0,IEX,2.52974,6098.4,12211.0,16422.48,1,5,0,0,False,True,False,0.7435539572929583,5.801740416666667,5.708184583333334,5.613583749999999,0.35721119563922626,5.162173906468354,4.988185596829313
2026-05-19,7.0,IEX,4.18358,4185.38,12019.98,7536.08,1,5,0,0,False,True,False,1.5949910277027433,5.801740416666667,5.708184583333334,5.613583749999999,0.35721119563922626,5.162173906468354,4.988185596829313
2026-05-19,6.0,IEX,3.82397,3393.52,11424.7,5996.2,1,5,0,0,False,True,False,1.9053233682910455,5.801740416666667,5.708184583333334,5.613583749999999,0.35721119563922626,5.162173906468354,4.988185596829313
2026-05-19,5.0,IEX,9.22485,4030.92,13950.88,4806.7,1,5,0,0,False,False,True,2.9023820856255185,5.801740416666667,5.708184583333334,5.613583749999999,0.35721119563922626,5.162173906468354,4.988185596829313
2026-05-19,4.0,IEX,10.0,3735.92,15278.68,4201.83,1,5,0,0,False,False,True,3.6361966009186557,5.801740416666667,5.708184583333334,5.613583749999999,0.35721119563922626,5.162173906468354,4.988185596829313
2026-05-19,3.0,IEX,10.0,3093.27,17338.7,3482.08,1,5,0,0,False,False,True,4.97940884477264,5.801740416666667,5.708184583333334,5.613583749999999,0.35721119563922626,5.162173906468354,4.988185596829313
2026-05-19,2.0,IEX,10.0,2826.95,23021.1,3109.55,1,5,0,0,False,False,True,7.40335415927271,5.801740416666667,5.708184583333334,5.613583749999999,0.35721119563922626,5.162173906468354,4.988185596829313
2026-05-19,1.0,IEX,10.0,2511.9,29710.08,2659.2,1,5,0,0,False,False,True,11.172563134880555,5.801740416666667,5.708184583333334,5.613583749999999,0.35721119563922626,5.162173906468354,4.988185596829313
2026-05-19,11.0,IEX,1.79306,8996.69,13876.15,43561.75,1,5,0,1,False,False,True,0.3185397739258547,5.801740416666667,5.708184583333334,5.613583749999999,0.35721119563922626,5.162173906468354,4.988185596829313
2026-05-20,15.0,IEX,2.26131,10735.46,16202.9,37735.0,2,5,0,1,False,False,True,0.42938651108271186,5.852642500000001,5.801740416666667,5.601886845238096,0.3461189056682748,5.268399843934761,5.057342149082968
2026-05-20,16.0,IEX,2.95924,10519.3,17540.7,25764.78,2,5,0,1,False,False,True,0.6808014659233258,5.852642500000001,5.801740416666667,5.601886845238096,0.3461189056682748,5.268399843934761,5.057342149082968
2026-05-20,17.0,IEX,3.27436,7857.49,15127.53,18407.05,2,5,0,1,False,False,True,0.8218334818334099,5.852642500000001,5.801740416666667,5.601886845238096,0.3461189056682748,5.268399843934761,5.057342149082968
2026-05-20,18.0,IEX,3.8492,6310.05,14136.7,11292.88,2,5,0,1,True,False,False,1.2518241571221655,5.852642500000001,5.801740416666667,5.601886845238096,0.3461189056682748,5.268399843934761,5.057342149082968
2026-05-20,14.0,IEX,1.62587,10196.76,14006.48,45769.98,2,5,0,1,False,False,True,0.3060189232536219,5.852642500000001,5.801740416666667,5.601886845238096,0.3461189056682748,5.268399843934761,5.057342149082968
2026-05-20,20.0,IEX,10.0,2362.22,18665.38,3171.33,2,5,0,1,True,False,False,5.885663094393636,5.852642500000001,5.801740416666667,5.601886845238096,0.3461189056682748,5.268399843934761,5.057342149082968
2026-05-20,21.0,IEX,10.0,2018.35,24320.3,2827.45,2,5,0,1,True,False,False,8.601496017254076,5.852642500000001,5.801740416666667,5.601886845238096,0.3461189056682748,5.268399843934761,5.057342149082968
2026-05-20,22.0,IEX,10.0,1882.32,30025.95,2691.43,2,5,0,1,True,False,False,11.156132572067145,5.852642500000001,5.801740416666667,5.601886845238096,0.3461189056682748,5.268399843934761,5.057342149082968
2026-05-20,23.0,IEX,10.0,1740.69,33477.65,2549.8,2,5,0,0,False,False,True,13.129519910857635,5.852642500000001,5.801740416666667,5.601886845238096,0.3461189056682748,5.268399843934761,5.057342149082968
2026-05-20,19.0,IEX,7.18953,4631.37,13409.45,6582.43,2,5,0,1,True,False,False,2.037158006940966,5.852642500000001,5.801740416666667,5.601886845238096,0.3461189056682748,5.268399843934761,5.057342149082968
2026-05-20,13.0,IEX,1.78409,10941.07,14993.58,46673.6,2,5,0,1,False,False,True,0.32124327235926875,5.852642500000001,5.801740416666667,5.601886845238096,0.3461189056682748,5.268399843934761,5.057342149082968
2026-05-20,24.0,IEX,10.0,1673.31,33723.43,2160.83,2,5,0,0,False,False,True,15.60670198207771,5.852642500000001,5.801740416666667,5.601886845238096,0.3461189056682748,5.268399843934761,5.057342149082968
2026-05-20,11.0,IEX,1.76401,10103.91,15715.28,44809.28,2,5,0,1,False,False,True,0.35071485184526174,5.852642500000001,5.801740416666667,5.601886845238096,0.3461189056682748,5.268399843934761,5.057342149082968
2026-05-20,1.0,IEX,10.0,2137.57,30077.03,2272.68,2,5,0,0,False,False,True,13.234168412472638,5.852642500000001,5.801740416666667,5.601886845238096,0.3461189056682748,5.268399843934761,5.057342149082968
2026-05-20,2.0,IEX,10.0,2512.49,21330.65,2782.9,2,5,0,0,False,False,True,7.664899896996299,5.852642500000001,5.801740416666667,5.601886845238096,0.3461189056682748,5.268399843934761,5.057342149082968
2026-05-20,3.0,IEX,10.0,2996.4,16392.3,3373.0,2,5,0,0,False,False,True,4.859857679039852,5.852642500000001,5.801740416666667,5.601886845238096,0.3461189056682748,5.268399843934761,5.057342149082968
2026-05-20,4.0,IEX,9.93325,4187.18,14478.35,4673.98,2,5,0,0,False,False,True,3.097649106120161,5.852642500000001,5.801740416666667,5.601886845238096,0.3461189056682748,5.268399843934761,5.057342149082968
2026-05-20,5.0,IEX,9.65413,4337.35,13410.98,5116.38,2,5,0,0,False,False,True,2.621185286039768,5.852642500000001,5.801740416666667,5.601886845238096,0.3461189056682748,5.268399843934761,5.057342149082968
2026-05-20,12.0,IEX,1.8195,10967.1,15673.23,46601.38,2,5,0,1,False,False,True,0.3363254478008322,5.852642500000001,5.801740416666667,5.601886845238096,0.3461189056682748,5.268399843934761,5.057342149082968
2026-05-20,7.0,IEX,4.05872,4050.05,11296.93,7378.8,2,5,0,0,False,True,False,1.5309982632257302,5.852642500000001,5.801740416666667,5.601886845238096,0.3461189056682748,5.268399843934761,5.057342149082968
2026-05-20,8.0,IEX,2.6618000000000004,6049.25,12092.98,17406.83,2,5,0,0,False,True,False,0.6947261501980968,5.852642500000001,5.801740416666667,5.601886845238096,0.3461189056682748,5.268399843934761,5.057342149082968
2026-05-20,9.0,IEX,1.53791,7606.42,11683.78,34768.28,2,5,0,1,False,True,False,0.33604710951014916,5.852642500000001,5.801740416666667,5.601886845238096,0.3461189056682748,5.268399843934761,5.057342149082968
2026-05-20,10.0,IEX,1.7593800000000002,9649.79,14696.25,40448.55,2,5,0,1,False,True,False,0.36333193640727984,5.852642500000001,5.801740416666667,5.601886845238096,0.3461189056682748,5.268399843934761,5.057342149082968
2026-05-20,6.0,IEX,4.33112,3338.7,11413.58,5385.53,2,5,0,0,False,True,False,2.1193048741362412,5.852642500000001,5.801740416666667,5.601886845238096,0.3461189056682748,5.268399843934761,5.057342149082968
2026-05-21,23.0,IEX,10.0,1848.87,39140.53,2657.98,3,5,0,0,False,False,True,14.725667556845169,5.9970670833333335,5.852642500000001,5.61323625,0.35925091613836657,5.380502496149926,5.1325201438229975
2026-05-21,22.0,IEX,10.0,2226.89,35214.88,3036.0,3,5,0,1,True,False,False,11.599104046116256,5.9970670833333335,5.852642500000001,5.61323625,0.35925091613836657,5.380502496149926,5.1325201438229975
2026-05-21,21.0,IEX,10.0,2462.84,31520.13,3271.95,3,5,0,1,True,False,False,9.633438745599907,5.9970670833333335,5.852642500000001,5.61323625,0.35925091613836657,5.380502496149926,5.1325201438229975
2026-05-21,20.0,IEX,10.0,2736.07,25499.85,3545.18,3,5,0,1,True,False,False,7.192822346981472,5.9970670833333335,5.852642500000001,5.61323625,0.35925091613836657,5.380502496149926,5.1325201438229975
2026-05-21,19.0,IEX,7.18627,4545.68,14298.05,6117.98,3,5,0,1,True,False,False,2.337054056507125,5.9970670833333335,5.852642500000001,5.61323625,0.35925091613836657,5.380502496149926,5.1325201438229975
2026-05-21,18.0,IEX,3.68171,5920.87,14278.65,11464.23,3,5,0,1,True,False,False,1.2454957714164006,5.9970670833333335,5.852642500000001,5.61323625,0.35925091613836657,5.380502496149926,5.1325201438229975
2026-05-21,17.0,IEX,3.16807,7461.07,17399.75,19105.45,3,5,0,1,False,False,True,0.910721809268705,5.9970670833333335,5.852642500000001,5.61323625,0.35925091613836657,5.380502496149926,5.1325201438229975
2026-05-21,16.0,IEX,3.04314,10277.58,19855.43,24898.45,3,5,0,1,False,False,True,0.797456467853438,5.9970670833333335,5.852642500000001,5.61323625,0.35925091613836657,5.380502496149926,5.1325201438229975
2026-05-21,15.0,IEX,2.30902,10940.89,18874.23,36880.13,3,5,0,1,False,False,True,0.5117723282125707,5.9970670833333335,5.852642500000001,5.61323625,0.35925091613836657,5.380502496149926,5.1325201438229975
2026-05-21,14.0,IEX,1.64914,10783.65,16787.68,43231.0,3,5,0,1,False,False,True,0.38832504443840643,5.9970670833333335,5.852642500000001,5.61323625,0.35925091613836657,5.380502496149926,5.1325201438229975
2026-05-21,13.0,IEX,1.74741,11547.64,17781.65,43986.98,3,5,0,1,False,False,True,0.40424802966599477,5.9970670833333335,5.852642500000001,5.61323625,0.35925091613836657,5.380502496149926,5.1325201438229975
2026-05-21,24.0,IEX,10.0,1688.39,40996.88,2175.9,3,5,0,0,False,False,True,18.841343725165014,5.9970670833333335,5.852642500000001,5.61323625,0.35925091613836657,5.380502496149926,5.1325201438229975
2026-05-21,11.0,IEX,1.87036,11176.88,18067.98,43521.15,3,5,0,1,False,False,True,0.41515401123013657,5.9970670833333335,5.852642500000001,5.61323625,0.35925091613836657,5.380502496149926,5.1325201438229975
2026-05-21,1.0,IEX,10.0,2202.1,31087.9,2337.2,3,5,0,0,False,False,True,13.301343431022834,5.9970670833333335,5.852642500000001,5.61323625,0.35925091613836657,5.380502496149926,5.1325201438229975
2026-05-21,2.0,IEX,10.0,2147.37,25220.98,2417.78,3,5,0,0,False,False,True,10.431461876467411,5.9970670833333335,5.852642500000001,5.61323625,0.35925091613836657,5.380502496149926,5.1325201438229975
2026-05-21,3.0,IEX,10.0,2468.69,21012.73,2845.3,3,5,0,0,False,False,True,7.38506657510608,5.9970670833333335,5.852642500000001,5.61323625,0.35925091613836657,5.380502496149926,5.1325201438229975
2026-05-21,4.0,IEX,10.0,3311.84,18503.78,3765.55,3,5,0,0,False,False,True,4.913964746414295,5.9970670833333335,5.852642500000001,5.61323625,0.35925091613836657,5.380502496149926,5.1325201438229975
2026-05-21,5.0,IEX,10.0,3403.92,16366.43,3954.13,3,5,0,0,False,False,True,4.1390723012671,5.9970670833333335,5.852642500000001,5.61323625,0.35925091613836657,5.380502496149926,5.1325201438229975
2026-05-21,12.0,IEX,1.83685,11746.65,18568.78,44108.13,3,5,0,1,False,False,True,0.4209831610587474,5.9970670833333335,5.852642500000001,5.61323625,0.35925091613836657,5.380502496149926,5.1325201438229975
2026-05-21,7.0,IEX,4.79274,4225.95,12533.43,6310.58,3,5,0,0,False,True,False,1.9860979466450028,5.9970670833333335,5.852642500000001,5.61323625,0.35925091613836657,5.380502496149926,5.1325201438229975
2026-05-21,8.0,IEX,3.0598400000000003,4763.2,12653.73,14695.1,3,5,0,0,False,True,False,0.861084986926877,5.9970670833333335,5.852642500000001,5.61323625,0.35925091613836657,5.380502496149926,5.1325201438229975
2026-05-21,9.0,IEX,1.72648,6466.76,13685.2,31407.88,3,5,0,1,False,True,False,0.43572504720607536,5.9970670833333335,5.852642500000001,5.61323625,0.35925091613836657,5.380502496149926,5.1325201438229975
2026-05-21,10.0,IEX,1.78983,9389.27,16896.9,39032.7,3,5,0,1,False,True,False,0.43289088368652673,5.9970670833333335,5.852642500000001,5.61323625,0.35925091613836657,5.380502496149926,5.1325201438229975
2026-05-21,6.0,IEX,6.06875,3497.63,12755.25,4583.35,3,5,0,0,False,True,False,2.7829535104607905,5.9970670833333335,5.852642500000001,5.61323625,0.35925091613836657,5.380502496149926,5.1325201438229975
2026-05-22,14.0,IEX,1.99741,10852.94,21593.15,40929.3,4,5,0,1,False,False,True,0.5275719348907575,6.603319166666666,5.9970670833333335,5.765721011904762,0.514116294810083,5.568628137767886,5.250184065650491
2026-05-22,15.0,IEX,2.66258,11052.89,24223.95,33918.03,4,5,0,1,False,False,True,0.7141909477896591,6.603319166666666,5.9970670833333335,5.765721011904762,0.514116294810083,5.568628137767886,5.250184065650491
2026-05-22,16.0,IEX,3.47861,10926.6,24847.83,21848.13,4,5,0,1,False,False,True,1.1372977910982323,6.603319166666666,5.9970670833333335,5.765721011904762,0.514116294810083,5.568628137767886,5.250184065650491
2026-05-22,17.0,IEX,3.65515,9426.46,22789.13,17039.48,4,5,0,1,False,False,True,1.3374310710553192,6.603319166666666,5.9970670833333335,5.765721011904762,0.514116294810083,5.568628137767886,5.250184065650491
2026-05-22,18.0,IEX,4.91638,7275.58,21344.73,10279.58,4,5,0,1,True,False,False,2.0764204353909204,6.603319166666666,5.9970670833333335,5.765721011904762,0.514116294810083,5.568628137767886,5.250184065650491
2026-05-22,20.0,IEX,10.0,2122.17,32228.88,2931.28,4,5,0,1,True,False,False,10.994814514496005,6.603319166666666,5.9970670833333335,5.765721011904762,0.514116294810083,5.568628137767886,5.250184065650491
2026-05-22,21.0,IEX,10.0,2008.23,38276.18,2817.35,4,5,0,1,True,False,False,13.585880300332297,6.603319166666666,5.9970670833333335,5.765721011904762,0.514116294810083,5.568628137767886,5.250184065650491
2026-05-22,22.0,IEX,10.0,1812.16,44939.58,2621.28,4,5,0,1,True,False,False,17.14413562403049,6.603319166666666,5.9970670833333335,5.765721011904762,0.514116294810083,5.568628137767886,5.250184065650491
2026-05-22,23.0,IEX,10.0,1749.49,52834.65,2558.6,4,5,0,0,False,False,True,20.6498279502469,6.603319166666666,5.9970670833333335,5.765721011904762,0.514116294810083,5.568628137767886,5.250184065650491
2026-05-22,13.0,IEX,1.98251,10918.26,21643.6,41501.78,4,5,0,1,False,False,True,0.5215101616071622,6.603319166666666,5.9970670833333335,5.765721011904762,0.514116294810083,5.568628137767886,5.250184065650491
2026-05-22,19.0,IEX,9.00003,3886.75,21069.88,4805.6,4,5,0,1,True,False,False,4.38444314053512,6.603319166666666,5.9970670833333335,5.765721011904762,0.514116294810083,5.568628137767886,5.250184065650491
2026-05-22,24.0,IEX,10.0,1665.48,52970.63,2153.0,4,5,0,0,False,False,True,24.60317220342233,6.603319166666666,5.9970670833333335,5.765721011904762,0.514116294810083,5.568628137767886,5.250184065650491
2026-05-22,12.0,IEX,1.98565,10788.62,22872.55,40621.73,4,5,0,1,False,False,True,0.5630619374007305,6.603319166666666,5.9970670833333335,5.765721011904762,0.514116294810083,5.568628137767886,5.250184065650491
2026-05-22,10.0,IEX,2.14299,8899.15,21441.23,35199.35,4,5,0,1,False,True,False,0.6091371003699962,6.603319166666666,5.9970670833333335,5.765721011904762,0.514116294810083,5.568628137767886,5.250184065650491
2026-05-22,11.0,IEX,2.09439,9964.33,22462.53,39083.9,4,5,0,1,False,False,True,0.57472591001033,6.603319166666666,5.9970670833333335,5.765721011904762,0.514116294810083,5.568628137767886,5.250184065650491
2026-05-22,1.0,IEX,10.0,1359.33,46940.55,1494.45,4,5,0,0,False,False,True,31.409916481582414,6.603319166666666,5.9970670833333335,5.765721011904762,0.514116294810083,5.568628137767886,5.250184065650491
2026-05-22,2.0,IEX,10.0,1320.54,38276.28,1590.95,4,5,0,0,False,False,True,24.058757195017083,6.603319166666666,5.9970670833333335,5.765721011904762,0.514116294810083,5.568628137767886,5.250184065650491
2026-05-22,3.0,IEX,10.0,1541.32,26985.88,1917.93,4,5,0,0,False,False,True,14.070315318753472,6.603319166666666,5.9970670833333335,5.765721011904762,0.514116294810083,5.568628137767886,5.250184065650491
2026-05-22,4.0,IEX,10.0,1947.17,24217.35,2400.88,4,5,0,0,False,False,True,10.086863941192961,6.603319166666666,5.9970670833333335,5.765721011904762,0.514116294810083,5.568628137767886,5.250184065650491
2026-05-22,6.0,IEX,10.0,2304.97,16553.63,2934.48,4,5,0,0,False,True,False,5.641077786725151,6.603319166666666,5.9970670833333335,5.765721011904762,0.514116294810083,5.568628137767886,5.250184065650491
2026-05-22,7.0,IEX,8.25019,3390.12,15272.88,4220.6,4,5,0,0,False,True,False,3.618651368007744,6.603319166666666,5.9970670833333335,5.765721011904762,0.514116294810083,5.568628137767886,5.250184065650491
2026-05-22,8.0,IEX,3.97153,5745.95,16393.98,12426.15,4,5,0,0,False,True,False,1.3193128995551213,6.603319166666666,5.9970670833333335,5.765721011904762,0.514116294810083,5.568628137767886,5.250184065650491
2026-05-22,9.0,IEX,2.34224,7569.58,17798.5,27875.8,4,5,0,1,False,True,False,0.6384928860737655,6.603319166666666,5.9970670833333335,5.765721011904762,0.514116294810083,5.568628137767886,5.250184065650491
2026-05-22,5.0,IEX,10.0,2261.2,20253.93,2811.4,4,5,0,0,False,False,True,7.204214956234562,6.603319166666666,5.9970670833333335,5.765721011904762,0.514116294810083,5.568628137767886,5.250184065650491
2026-05-23,24.0,IEX,10.0,1865.71,43519.83,1865.73,5,5,1,0,False,False,True,23.325899120848682,6.448627916666666,6.603319166666666,5.902014345238095,0.5550831369266789,5.704012719136929,5.346059573731786
2026-05-23,14.0,IEX,2.00224,12088.31,18591.08,41540.38,5,5,1,1,False,False,True,0.4475423671021926,6.448627916666666,6.603319166666666,5.902014345238095,0.5550831369266789,5.704012719136929,5.346059573731786
2026-05-23,15.0,IEX,2.89087,10657.98,20735.95,31656.88,5,5,1,1,False,False,True,0.655021909722303,6.448627916666666,6.603319166666666,5.902014345238095,0.5550831369266789,5.704012719136929,5.346059573731786
2026-05-23,16.0,IEX,3.54629,10031.54,21279.83,20175.15,5,5,1,1,False,False,True,1.0547544870522625,6.448627916666666,6.603319166666666,5.902014345238095,0.5550831369266789,5.704012719136929,5.346059573731786
2026-05-23,17.0,IEX,3.63107,9134.04,19754.03,16549.58,5,5,1,1,False,False,True,1.1936272695780632,6.448627916666666,6.603319166666666,5.902014345238095,0.5550831369266789,5.704012719136929,5.346059573731786
2026-05-23,20.0,IEX,10.0,3007.59,25378.0,3007.6,5,5,1,1,True,False,False,8.437957147100821,6.448627916666666,6.603319166666666,5.902014345238095,0.5550831369266789,5.704012719136929,5.346059573731786
2026-05-23,19.0,IEX,7.46764,4703.04,16880.0,5665.65,5,5,1,1,True,False,False,2.9793580560405992,6.448627916666666,6.603319166666666,5.902014345238095,0.5550831369266789,5.704012719136929,5.346059573731786
2026-05-23,21.0,IEX,10.0,2634.08,30991.5,2634.08,5,5,1,1,True,False,False,11.765587940512102,6.448627916666666,6.603319166666666,5.902014345238095,0.5550831369266789,5.704012719136929,5.346059573731786
2026-05-23,22.0,IEX,10.0,2329.4,35795.55,2329.4,5,5,1,1,True,False,False,15.366854059556735,6.448627916666666,6.603319166666666,5.902014345238095,0.5550831369266789,5.704012719136929,5.346059573731786
2026-05-23,13.0,IEX,2.13213,12123.66,18998.65,41752.63,5,5,1,1,False,False,True,0.4550288208299624,6.448627916666666,6.603319166666666,5.902014345238095,0.5550831369266789,5.704012719136929,5.346059573731786
2026-05-23,18.0,IEX,4.273029999999999,6692.03,16274.63,10104.35,5,5,1,1,True,False,False,1.6106558050635065,6.448627916666666,6.603319166666666,5.902014345238095,0.5550831369266789,5.704012719136929,5.346059573731786
2026-05-23,23.0,IEX,10.0,2036.27,44600.48,2036.28,5,5,1,0,False,False,True,21.902920905263912,6.448627916666666,6.603319166666666,5.902014345238095,0.5550831369266789,5.704012719136929,5.346059573731786
2026-05-23,12.0,IEX,2.1365700000000003,12586.0,21059.33,42136.75,5,5,1,1,False,False,True,0.4997853416554942,6.448627916666666,6.603319166666666,5.902014345238095,0.5550831369266789,5.704012719136929,5.346059573731786
2026-05-23,10.0,IEX,2.23062,10266.02,20801.58,36267.43,5,5,1,1,False,True,False,0.5735609055911707,6.448627916666666,6.603319166666666,5.902014345238095,0.5550831369266789,5.704012719136929,5.346059573731786
2026-05-23,1.0,IEX,10.0,1788.42,41524.75,1788.43,5,5,1,0,False,False,True,23.218549100504077,6.448627916666666,6.603319166666666,5.902014345238095,0.5550831369266789,5.704012719136929,5.346059573731786
2026-05-23,2.0,IEX,10.0,1801.44,38002.43,1801.45,5,5,1,0,False,False,True,21.095467422934483,6.448627916666666,6.603319166666666,5.902014345238095,0.5550831369266789,5.704012719136929,5.346059573731786
2026-05-23,3.0,IEX,10.0,1877.46,24851.08,1877.48,5,5,1,0,False,False,True,13.236401915139433,6.448627916666666,6.603319166666666,5.902014345238095,0.5550831369266789,5.704012719136929,5.346059573731786
2026-05-23,4.0,IEX,10.0,2325.73,21531.6,2325.73,5,5,1,0,False,False,True,9.257996374222301,6.448627916666666,6.603319166666666,5.902014345238095,0.5550831369266789,5.704012719136929,5.346059573731786
2026-05-23,11.0,IEX,2.25945,12558.1,21464.93,41340.98,5,5,1,1,False,False,True,0.5192167673530678,6.448627916666666,6.603319166666666,5.902014345238095,0.5550831369266789,5.704012719136929,5.346059573731786
2026-05-23,6.0,IEX,10.0,2415.7,16330.78,2415.7,5,5,1,0,False,True,False,6.760268217244409,6.448627916666666,6.603319166666666,5.902014345238095,0.5550831369266789,5.704012719136929,5.346059573731786
2026-05-23,7.0,IEX,6.81916,3119.33,16076.45,3400.13,5,5,1,0,False,True,False,4.728186849537556,6.448627916666666,6.603319166666666,5.902014345238095,0.5550831369266789,5.704012719136929,5.346059573731786
2026-05-23,8.0,IEX,3.59548,5951.8,16641.35,12559.48,5,5,1,0,False,True,False,1.325003104169119,6.448627916666666,6.603319166666666,5.902014345238095,0.5550831369266789,5.704012719136929,5.346059573731786
2026-05-23,9.0,IEX,1.78252,8370.78,17162.15,28737.8,5,5,1,1,False,True,False,0.5971977671926182,6.448627916666666,6.603319166666666,5.902014345238095,0.5550831369266789,5.704012719136929,5.346059573731786
2026-05-23,5.0,IEX,10.0,2334.2,18979.58,2334.2,5,5,1,0,False,False,True,8.131085561943769,6.448627916666666,6.603319166666666,5.902014345238095,0.5550831369266789,5.704012719136929,5.346059573731786
2026-05-24,14.0,IEX,1.46648,10947.02,13445.7,43526.95,6,5,1,1,False,False,True,0.3089051724715596,5.8953075,6.448627916666666,6.043841309523809,0.3437424073550269,5.733442685423556,5.389999407833243
2026-05-24,23.0,IEX,10.0,2358.67,29913.18,2358.68,6,5,1,0,False,False,True,12.682169634362568,5.8953075,6.448627916666666,6.043841309523809,0.3437424073550269,5.733442685423556,5.389999407833243
2026-05-24,22.0,IEX,10.0,2697.22,23176.03,2697.23,6,5,1,1,True,False,False,8.592530082371432,5.8953075,6.448627916666666,6.043841309523809,0.3437424073550269,5.733442685423556,5.389999407833243
2026-05-24,21.0,IEX,10.0,3003.81,21264.25,3003.83,6,5,1,1,True,False,False,7.079045728023737,5.8953075,6.448627916666666,6.043841309523809,0.3437424073550269,5.733442685423556,5.389999407833243
2026-05-24,20.0,IEX,9.00307,3676.05,16562.33,3831.9,6,5,1,1,True,False,False,4.3222239507235996,5.8953075,6.448627916666666,6.043841309523809,0.3437424073550269,5.733442685423556,5.389999407833243
2026-05-24,19.0,IEX,4.47231,4908.17,12341.03,6830.75,6,5,1,1,True,False,False,1.8066874035696119,5.8953075,6.448627916666666,6.043841309523809,0.3437424073550269,5.733442685423556,5.389999407833243
2026-05-24,18.0,IEX,3.64659,5531.15,12676.53,10385.83,6,5,1,1,True,False,False,1.2205601273845614,5.8953075,6.448627916666666,6.043841309523809,0.3437424073550269,5.733442685423556,5.389999407833243
2026-05-24,17.0,IEX,3.33645,7022.98,15879.5,15729.2,6,5,1,1,False,False,True,1.00955547579689,5.8953075,6.448627916666666,6.043841309523809,0.3437424073550269,5.733442685423556,5.389999407833243
2026-05-24,16.0,IEX,2.96167,9125.22,18497.85,22474.25,6,5,1,1,False,False,True,0.8230686226134047,5.8953075,6.448627916666666,6.043841309523809,0.3437424073550269,5.733442685423556,5.389999407833243
2026-05-24,15.0,IEX,2.1699200000000003,11248.27,16607.38,35190.8,6,5,1,1,False,False,True,0.47192391179742316,5.8953075,6.448627916666666,6.043841309523809,0.3437424073550269,5.733442685423556,5.389999407833243
2026-05-24,13.0,IEX,1.5371,10914.93,13337.83,44110.45,6,5,1,1,False,False,True,0.30237347379081975,5.8953075,6.448627916666666,6.043841309523809,0.3437424073550269,5.733442685423556,5.389999407833243
2026-05-24,24.0,IEX,10.0,2214.89,30362.3,2214.9,6,5,1,0,False,False,True,13.708203468742589,5.8953075,6.448627916666666,6.043841309523809,0.3437424073550269,5.733442685423556,5.389999407833243
2026-05-24,11.0,IEX,1.55824,10368.65,13323.03,45111.68,6,5,1,1,False,False,True,0.2953343789689645,5.8953075,6.448627916666666,6.043841309523809,0.3437424073550269,5.733442685423556,5.389999407833243
2026-05-24,1.0,IEX,10.0,2209.92,29781.73,2209.93,6,5,1,0,False,False,True,13.476322718473785,5.8953075,6.448627916666666,6.043841309523809,0.3437424073550269,5.733442685423556,5.389999407833243
2026-05-24,2.0,IEX,10.0,2462.5,26285.8,2462.5,6,5,1,0,False,False,True,10.674436504875384,5.8953075,6.448627916666666,6.043841309523809,0.3437424073550269,5.733442685423556,5.389999407833243
2026-05-24,3.0,IEX,10.0,2945.12,22082.5,2945.13,6,5,1,0,False,False,True,7.497971201617682,5.8953075,6.448627916666666,6.043841309523809,0.3437424073550269,5.733442685423556,5.389999407833243
2026-05-24,4.0,IEX,10.0,3390.52,21530.25,3390.53,6,5,1,0,False,False,True,6.3501133853700935,5.8953075,6.448627916666666,6.043841309523809,0.3437424073550269,5.733442685423556,5.389999407833243
2026-05-24,5.0,IEX,10.0,3830.15,19312.78,3830.15,6,5,1,0,False,False,True,5.042303813056136,5.8953075,6.448627916666666,6.043841309523809,0.3437424073550269,5.733442685423556,5.389999407833243
2026-05-24,12.0,IEX,1.53762,10918.63,14002.65,44921.48,6,5,1,1,False,False,True,0.3117139060619298,5.8953075,6.448627916666666,6.043841309523809,0.3437424073550269,5.733442685423556,5.389999407833243
2026-05-24,7.0,IEX,4.87845,4603.77,14182.18,6424.5,6,5,1,0,False,True,False,2.207514978274551,5.8953075,6.448627916666666,6.043841309523809,0.3437424073550269,5.733442685423556,5.389999407833243
2026-05-24,8.0,IEX,3.07849,6351.9,12970.75,14622.1,6,5,1,0,False,True,False,0.8870647848892671,5.8953075,6.448627916666666,6.043841309523809,0.3437424073550269,5.733442685423556,5.389999407833243
2026-05-24,9.0,IEX,1.77808,7990.85,12134.63,30720.05,6,5,1,1,False,True,False,0.39500684393579866,5.8953075,6.448627916666666,6.043841309523809,0.3437424073550269,5.733442685423556,5.389999407833243
2026-05-24,10.0,IEX,1.88782,8952.83,13025.7,40129.08,6,5,1,1,False,True,False,0.3245950317513895,5.8953075,6.448627916666666,6.043841309523809,0.3437424073550269,5.733442685423556,5.389999407833243
2026-05-24,6.0,IEX,8.17509,4610.57,15884.0,4896.15,6,5,1,0,False,True,False,3.2441816463054,5.8953075,6.448627916666666,6.043841309523809,0.3437424073550269,5.733442685423556,5.389999407833243
2026-05-25,14.0,IEX,1.93585,9078.5,18104.3,40227.4,0,5,0,1,False,False,True,0.45004897148459777,6.17529,5.8953075,6.110570654761905,0.3115543658991818,5.801419195358394,5.4528226552065835
2026-05-25,15.0,IEX,2.70013,9583.75,20614.08,32088.35,0,5,0,1,False,False,True,0.6424163284673671,6.17529,5.8953075,6.110570654761905,0.3115543658991818,5.801419195358394,5.4528226552065835
2026-05-25,16.0,IEX,3.32092,8617.41,20574.2,20617.58,0,5,0,1,False,False,True,0.9978959698481121,6.17529,5.8953075,6.110570654761905,0.3115543658991818,5.801419195358394,5.4528226552065835
2026-05-25,17.0,IEX,3.63155,8412.99,20013.83,15679.53,0,5,0,1,False,False,True,1.276430478926071,6.17529,5.8953075,6.110570654761905,0.3115543658991818,5.801419195358394,5.4528226552065835
2026-05-25,18.0,IEX,4.793189999999999,6868.98,18938.23,9142.13,0,5,0,1,True,False,False,2.071533655645311,6.17529,5.8953075,6.110570654761905,0.3115543658991818,5.801419195358394,5.4528226552065835
2026-05-25,20.0,IEX,10.0,2560.83,26379.68,3000.53,0,5,0,1,True,False,False,8.791673441719716,6.17529,5.8953075,6.110570654761905,0.3115543658991818,5.801419195358394,5.4528226552065835
2026-05-25,21.0,IEX,10.0,2493.81,32937.6,2933.53,0,5,0,1,True,False,False,11.227974449799474,6.17529,5.8953075,6.110570654761905,0.3115543658991818,5.801419195358394,5.4528226552065835
2026-05-25,22.0,IEX,10.0,2167.03,35201.15,2606.73,0,5,0,1,True,False,False,13.503949340729767,6.17529,5.8953075,6.110570654761905,0.3115543658991818,5.801419195358394,5.4528226552065835
2026-05-25,23.0,IEX,10.0,1804.74,45974.53,2244.45,0,5,0,0,False,False,True,20.48365069177905,6.17529,5.8953075,6.110570654761905,0.3115543658991818,5.801419195358394,5.4528226552065835
2026-05-25,13.0,IEX,1.98053,10076.39,18237.5,42027.83,0,5,0,1,False,False,True,0.4339386543549979,6.17529,5.8953075,6.110570654761905,0.3115543658991818,5.801419195358394,5.4528226552065835
2026-05-25,19.0,IEX,7.5858,4105.68,16865.73,5072.5,0,5,0,1,True,False,False,3.324934443913387,6.17529,5.8953075,6.110570654761905,0.3115543658991818,5.801419195358394,5.4528226552065835
2026-05-25,24.0,IEX,10.0,1684.95,46661.33,1936.25,0,5,0,0,False,False,True,24.098814594712387,6.17529,5.8953075,6.110570654761905,0.3115543658991818,5.801419195358394,5.4528226552065835
2026-05-25,12.0,IEX,1.87946,9282.75,19282.08,42238.55,0,5,0,1,False,False,True,0.45650430697632743,6.17529,5.8953075,6.110570654761905,0.3115543658991818,5.801419195358394,5.4528226552065835
2026-05-25,10.0,IEX,2.08167,8512.73,18193.35,36930.4,0,5,0,1,False,True,False,0.49263885566020427,6.17529,5.8953075,6.110570654761905,0.3115543658991818,5.801419195358394,5.4528226552065835
2026-05-25,9.0,IEX,1.99395,7451.05,15334.2,29038.68,0,5,0,1,False,True,False,0.5280611926822909,6.17529,5.8953075,6.110570654761905,0.3115543658991818,5.801419195358394,5.4528226552065835
2026-05-25,8.0,IEX,2.83281,6017.75,15123.33,14807.53,0,5,0,0,False,True,False,1.021326986322954,6.17529,5.8953075,6.110570654761905,0.3115543658991818,5.801419195358394,5.4528226552065835
2026-05-25,7.0,IEX,5.37994,4687.13,14189.53,7383.78,0,5,0,0,False,True,False,1.9217162457146393,6.17529,5.8953075,6.110570654761905,0.3115543658991818,5.801419195358394,5.4528226552065835
2026-05-25,6.0,IEX,6.00073,3533.93,13470.35,4765.88,0,5,0,0,False,True,False,2.82641400365428,6.17529,5.8953075,6.110570654761905,0.3115543658991818,5.801419195358394,5.4528226552065835
2026-05-25,5.0,IEX,10.0,3975.63,16894.0,4284.83,0,5,0,0,False,False,True,3.942746844232451,6.17529,5.8953075,6.110570654761905,0.3115543658991818,5.801419195358394,5.4528226552065835
2026-05-25,4.0,IEX,10.0,3477.19,19166.33,3728.4,0,5,0,0,False,False,True,5.1406313562369075,6.17529,5.8953075,6.110570654761905,0.3115543658991818,5.801419195358394,5.4528226552065835
2026-05-25,3.0,IEX,10.0,2688.52,20808.2,2881.93,0,5,0,0,False,False,True,7.2202308618868924,6.17529,5.8953075,6.110570654761905,0.3115543658991818,5.801419195358394,5.4528226552065835
2026-05-25,2.0,IEX,10.0,2268.5,29872.0,2403.9,0,5,0,0,False,False,True,12.426473595297333,6.17529,5.8953075,6.110570654761905,0.3115543658991818,5.801419195358394,5.4528226552065835
2026-05-25,1.0,IEX,10.0,2197.27,33390.85,2255.28,0,5,0,0,False,False,True,14.805633824599896,6.17529,5.8953075,6.110570654761905,0.3115543658991818,5.801419195358394,5.4528226552065835
2026-05-25,11.0,IEX,2.09043,9829.86,19101.63,40666.38,0,5,0,1,False,False,True,0.46971552410868256,6.17529,5.8953075,6.110570654761905,0.3115543658991818,5.801419195358394,5.4528226552065835
2026-05-26,15.0,IEX,2.85083,11101.46,24864.63,32348.63,1,5,0,1,False,False,True,0.7686455343646251,6.49174375,6.17529,6.20914255952381,0.3066753460305539,5.907622972995564,5.535936342790057
2026-05-26,16.0,IEX,3.47121,9980.89,25365.83,21419.18,1,5,0,1,False,False,True,1.184257753478771,6.49174375,6.17529,6.20914255952381,0.3066753460305539,5.907622972995564,5.535936342790057
2026-05-26,17.0,IEX,3.87066,8854.98,23588.75,15369.98,1,5,0,1,False,False,True,1.5347287364494107,6.49174375,6.17529,6.20914255952381,0.3066753460305539,5.907622972995564,5.535936342790057
2026-05-26,18.0,IEX,5.39415,7141.28,21264.43,10896.48,1,5,0,1,True,False,False,1.951495343494876,6.49174375,6.17529,6.20914255952381,0.3066753460305539,5.907622972995564,5.535936342790057
2026-05-26,14.0,IEX,2.12562,11284.22,21783.55,42313.23,1,5,0,1,False,False,True,0.5148165241663619,6.49174375,6.17529,6.20914255952381,0.3066753460305539,5.907622972995564,5.535936342790057
2026-05-26,20.0,IEX,10.0,2666.37,29412.68,3290.78,1,5,0,1,True,False,False,8.937905271887194,6.49174375,6.17529,6.20914255952381,0.3066753460305539,5.907622972995564,5.535936342790057
2026-05-26,21.0,IEX,10.0,2333.29,36508.75,2957.7,1,5,0,1,True,False,False,12.343628453380571,6.49174375,6.17529,6.20914255952381,0.3066753460305539,5.907622972995564,5.535936342790057
2026-05-26,22.0,IEX,10.0,1859.72,40659.93,2484.13,1,5,0,1,True,False,False,16.367875206338333,6.49174375,6.17529,6.20914255952381,0.3066753460305539,5.907622972995564,5.535936342790057
2026-05-26,23.0,IEX,10.0,1484.11,49223.0,2108.53,1,5,0,0,False,False,True,23.344699751273634,6.49174375,6.17529,6.20914255952381,0.3066753460305539,5.907622972995564,5.535936342790057
2026-05-26,19.0,IEX,8.33307,4550.02,21062.8,5640.05,1,5,0,1,True,False,False,3.7345058931489863,6.49174375,6.17529,6.20914255952381,0.3066753460305539,5.907622972995564,5.535936342790057
2026-05-26,13.0,IEX,2.13062,11385.82,21677.3,43524.35,1,5,0,1,False,False,True,0.4980499420443843,6.49174375,6.17529,6.20914255952381,0.3066753460305539,5.907622972995564,5.535936342790057
2026-05-26,24.0,IEX,10.0,1443.17,48693.83,1812.63,1,5,0,0,False,False,True,26.863634460073847,6.49174375,6.17529,6.20914255952381,0.3066753460305539,5.907622972995564,5.535936342790057
2026-05-26,11.0,IEX,1.88501,9430.63,21951.33,40906.78,1,5,0,1,False,False,True,0.5366183795115093,6.49174375,6.17529,6.20914255952381,0.3066753460305539,5.907622972995564,5.535936342790057
2026-05-26,1.0,IEX,10.0,1890.02,45543.93,1986.63,1,5,0,0,False,False,True,22.925219980946526,6.49174375,6.17529,6.20914255952381,0.3066753460305539,5.907622972995564,5.535936342790057
2026-05-26,2.0,IEX,10.0,1819.43,37706.58,2022.33,1,5,0,0,False,False,True,18.645117173531933,6.49174375,6.17529,6.20914255952381,0.3066753460305539,5.907622972995564,5.535936342790057
2026-05-26,3.0,IEX,10.0,2097.27,27707.03,2382.28,1,5,0,0,False,False,True,11.630467402528385,6.49174375,6.17529,6.20914255952381,0.3066753460305539,5.907622972995564,5.535936342790057
2026-05-26,4.0,IEX,10.0,2757.1,25138.23,3109.6,1,5,0,0,False,False,True,8.08407188035737,6.49174375,6.17529,6.20914255952381,0.3066753460305539,5.907622972995564,5.535936342790057
2026-05-26,5.0,IEX,10.0,3530.02,22740.55,3959.73,1,5,0,0,False,False,True,5.742954681902668,6.49174375,6.17529,6.20914255952381,0.3066753460305539,5.907622972995564,5.535936342790057
2026-05-26,12.0,IEX,2.11963,11042.48,22673.58,42847.83,1,5,0,1,False,False,True,0.5291651874717657,6.49174375,6.17529,6.20914255952381,0.3066753460305539,5.907622972995564,5.535936342790057
2026-05-26,7.0,IEX,6.3594,4704.33,17194.9,6651.75,1,5,0,0,False,True,False,2.585018976081454,6.49174375,6.17529,6.20914255952381,0.3066753460305539,5.907622972995564,5.535936342790057
2026-05-26,8.0,IEX,3.18687,6009.08,17199.3,15934.4,1,5,0,0,False,True,False,1.0793817143542388,6.49174375,6.17529,6.20914255952381,0.3066753460305539,5.907622972995564,5.535936342790057
2026-05-26,9.0,IEX,2.11186,7552.63,18203.93,28263.1,1,5,0,1,False,True,False,0.6440882278857988,6.49174375,6.17529,6.20914255952381,0.3066753460305539,5.907622972995564,5.535936342790057
2026-05-26,10.0,IEX,2.46291,8619.75,20040.75,35928.43,1,5,0,1,False,True,False,0.5577964301368591,6.49174375,6.17529,6.20914255952381,0.3066753460305539,5.907622972995564,5.535936342790057
2026-05-26,6.0,IEX,9.50001,4046.95,18262.35,4547.2,1,5,0,0,False,True,False,4.0161747800488765,6.49174375,6.17529,6.20914255952381,0.3066753460305539,5.907622972995564,5.535936342790057
2026-05-27,24.0,IEX,10.0,1422.49,52785.13,1791.95,2,5,0,0,False,False,True,29.456809456420046,6.582852083333333,6.49174375,6.313458214285715,0.2888750687651445,6.01150437458599,5.619689602033519
2026-05-27,23.0,IEX,10.0,1429.06,50397.25,2053.48,2,5,0,0,False,False,True,24.542362114350457,6.582852083333333,6.49174375,6.313458214285715,0.2888750687651445,6.01150437458599,5.619689602033519
2026-05-27,22.0,IEX,10.0,1589.95,40255.83,2214.35,2,5,0,1,True,False,False,18.17952438332005,6.582852083333333,6.49174375,6.313458214285715,0.2888750687651445,6.01150437458599,5.619689602033519
2026-05-27,21.0,IEX,10.0,1841.53,36958.7,2465.93,2,5,0,1,True,False,False,14.987732762131394,6.582852083333333,6.49174375,6.313458214285715,0.2888750687651445,6.01150437458599,5.619689602033519
2026-05-27,20.0,IEX,10.0,2072.93,29848.8,2697.33,2,5,0,1,True,False,False,11.066054168136437,6.582852083333333,6.49174375,6.313458214285715,0.2888750687651445,6.01150437458599,5.619689602033519
2026-05-27,19.0,IEX,8.68758,4266.4,19418.28,4983.58,2,5,0,1,True,False,False,3.896451940379302,6.582852083333333,6.49174375,6.313458214285715,0.2888750687651445,6.01150437458599,5.619689602033519
2026-05-27,18.0,IEX,5.45963,7520.93,20374.28,9518.33,2,5,0,1,True,False,False,2.140530952235811,6.582852083333333,6.49174375,6.313458214285715,0.2888750687651445,6.01150437458599,5.619689602033519
2026-05-27,17.0,IEX,3.73384,8839.47,22831.9,14444.9,2,5,0,1,False,False,True,1.5806201485779618,6.582852083333333,6.49174375,6.313458214285715,0.2888750687651445,6.01150437458599,5.619689602033519
2026-05-27,15.0,IEX,2.96358,12155.43,23990.48,30752.98,2,5,0,1,False,False,True,0.7801026109404349,6.582852083333333,6.49174375,6.313458214285715,0.2888750687651445,6.01150437458599,5.619689602033519
2026-05-27,14.0,IEX,2.30257,11717.8,21433.38,37170.0,2,5,0,1,False,False,True,0.5766311540014444,6.582852083333333,6.49174375,6.313458214285715,0.2888750687651445,6.01150437458599,5.619689602033519
2026-05-27,13.0,IEX,2.33018,12155.51,21798.88,38216.33,2,5,0,1,False,False,True,0.5704074670251152,6.582852083333333,6.49174375,6.313458214285715,0.2888750687651445,6.01150437458599,5.619689602033519
2026-05-27,16.0,IEX,3.57779,11057.56,24125.35,20215.13,2,5,0,1,False,False,True,1.1934303656749026,6.582852083333333,6.49174375,6.313458214285715,0.2888750687651445,6.01150437458599,5.619689602033519
2026-05-27,11.0,IEX,2.10556,9734.69,21563.88,35020.08,2,5,0,1,False,False,True,0.6157575880421297,6.582852083333333,6.49174375,6.313458214285715,0.2888750687651445,6.01150437458599,5.619689602033519
2026-05-27,12.0,IEX,2.33806,11713.6,22593.53,37237.3,2,5,0,1,False,False,True,0.6067445812111122,6.582852083333333,6.49174375,6.313458214285715,0.2888750687651445,6.01150437458599,5.619689602033519
2026-05-27,2.0,IEX,10.0,1636.17,39150.03,1839.08,2,5,0,0,False,False,True,21.287834018705908,6.582852083333333,6.49174375,6.313458214285715,0.2888750687651445,6.01150437458599,5.619689602033519
2026-05-27,3.0,IEX,10.0,1699.52,27785.63,1984.53,2,5,0,0,False,False,True,14.001113543251483,6.582852083333333,6.49174375,6.313458214285715,0.2888750687651445,6.01150437458599,5.619689602033519
2026-05-27,4.0,IEX,10.0,2077.5,23009.15,2430.0,2,5,0,0,False,False,True,9.468785969264255,6.582852083333333,6.49174375,6.313458214285715,0.2888750687651445,6.01150437458599,5.619689602033519
2026-05-27,5.0,IEX,10.0,2255.5,20522.9,2685.2,2,5,0,0,False,False,True,7.6429688379153555,6.582852083333333,6.49174375,6.313458214285715,0.2888750687651445,6.01150437458599,5.619689602033519
2026-05-27,1.0,IEX,10.0,1549.19,45327.03,1645.8,2,5,0,0,False,False,True,27.541031549756767,6.582852083333333,6.49174375,6.313458214285715,0.2888750687651445,6.01150437458599,5.619689602033519
2026-05-27,7.0,IEX,6.57574,3760.7,17465.68,4545.28,2,5,0,0,False,True,False,3.8425971472767424,6.582852083333333,6.49174375,6.313458214285715,0.2888750687651445,6.01150437458599,5.619689602033519
2026-05-27,8.0,IEX,3.2429,5020.22,15254.5,11824.88,2,5,0,0,False,True,False,1.2900342318145859,6.582852083333333,6.49174375,6.313458214285715,0.2888750687651445,6.01150437458599,5.619689602033519
2026-05-27,9.0,IEX,2.14891,6407.71,16300.43,21766.35,2,5,0,1,False,True,False,0.7488821043726294,6.582852083333333,6.49174375,6.313458214285715,0.2888750687651445,6.01150437458599,5.619689602033519
2026-05-27,10.0,IEX,2.52211,8739.63,19450.4,30003.85,2,5,0,1,False,True,False,0.648263472638257,6.582852083333333,6.49174375,6.313458214285715,0.2888750687651445,6.01150437458599,5.619689602033519
2026-05-27,6.0,IEX,10.0,2995.85,17228.73,3489.45,2,5,0,0,False,True,False,4.937376936372846,6.582852083333333,6.49174375,6.313458214285715,0.2888750687651445,6.01150437458599,5.619689602033519
2026-05-28,15.0,IEX,2.85054,11149.92,18135.2,29622.23,3,5,0,1,False,False,True,0.6122158930599703,6.299615,6.582852083333333,6.356679345238095,0.25419961179986794,6.055829086188146,5.674083633870838
2026-05-28,16.0,IEX,3.54729,9339.25,17834.95,19013.48,3,5,0,1,False,False,True,0.9380160807290323,6.299615,6.582852083333333,6.356679345238095,0.25419961179986794,6.055829086188146,5.674083633870838
2026-05-28,17.0,IEX,3.8185,8422.4,17739.03,13909.13,3,5,0,1,False,False,True,1.275351512801051,6.299615,6.582852083333333,6.356679345238095,0.25419961179986794,6.055829086188146,5.674083633870838
2026-05-28,18.0,IEX,5.34671,7589.83,15868.9,9838.45,3,5,0,1,True,False,False,1.6129471597528602,6.299615,6.582852083333333,6.356679345238095,0.25419961179986794,6.055829086188146,5.674083633870838
2026-05-28,19.0,IEX,7.87535,5757.68,14279.98,6707.03,3,5,0,1,True,False,False,2.1291063225763023,6.299615,6.582852083333333,6.356679345238095,0.25419961179986794,6.055829086188146,5.674083633870838
2026-05-28,21.0,IEX,10.0,3145.82,30700.48,3770.23,3,5,0,1,True,False,False,8.142866593966769,6.299615,6.582852083333333,6.356679345238095,0.25419961179986794,6.055829086188146,5.674083633870838
2026-05-28,22.0,IEX,10.0,2790.5,34036.1,3414.9,3,5,0,1,True,False,False,9.966938973419603,6.299615,6.582852083333333,6.356679345238095,0.25419961179986794,6.055829086188146,5.674083633870838
2026-05-28,23.0,IEX,10.0,2319.22,39844.48,2943.63,3,5,0,0,False,False,True,13.535831563288077,6.299615,6.582852083333333,6.356679345238095,0.25419961179986794,6.055829086188146,5.674083633870838
2026-05-28,24.0,IEX,10.0,2203.74,38893.9,2573.2,3,5,0,0,False,False,True,15.114992946078841,6.299615,6.582852083333333,6.356679345238095,0.25419961179986794,6.055829086188146,5.674083633870838
2026-05-28,14.0,IEX,2.11171,11225.95,16219.53,35842.33,3,5,0,1,False,False,True,0.4525244311816434,6.299615,6.582852083333333,6.356679345238095,0.25419961179986794,6.055829086188146,5.674083633870838
2026-05-28,20.0,IEX,10.0,3707.79,21100.8,4332.2,3,5,0,1,True,False,False,4.87068924594735,6.299615,6.582852083333333,6.356679345238095,0.25419961179986794,6.055829086188146,5.674083633870838
2026-05-28,13.0,IEX,2.21776,11265.07,16200.95,36070.68,3,5,0,1,False,False,True,0.4491445682617725,6.299615,6.582852083333333,6.356679345238095,0.25419961179986794,6.055829086188146,5.674083633870838
2026-05-28,3.0,IEX,10.0,2341.3,24907.3,2726.3,3,5,0,0,False,False,True,9.13593511669319,6.299615,6.582852083333333,6.356679345238095,0.25419961179986794,6.055829086188146,5.674083633870838
2026-05-28,11.0,IEX,2.28806,10659.41,17597.5,34483.6,3,5,0,1,False,False,True,0.5103150481648334,6.299615,6.582852083333333,6.356679345238095,0.25419961179986794,6.055829086188146,5.674083633870838
2026-05-28,12.0,IEX,2.3297600000000003,11622.2,18222.58,35482.25,3,5,0,1,False,False,True,0.513568896979879,6.299615,6.582852083333333,6.356679345238095,0.25419961179986794,6.055829086188146,5.674083633870838
2026-05-28,2.0,IEX,10.0,2146.04,36755.25,2448.95,3,5,0,0,False,False,True,15.00857504233008,6.299615,6.582852083333333,6.356679345238095,0.25419961179986794,6.055829086188146,5.674083633870838
2026-05-28,4.0,IEX,10.0,3019.12,19549.05,3471.63,3,5,0,0,False,False,True,5.631086821950821,6.299615,6.582852083333333,6.356679345238095,0.25419961179986794,6.055829086188146,5.674083633870838
2026-05-28,5.0,IEX,10.0,3344.8,16580.73,3874.5,3,5,0,0,False,False,True,4.279450240600205,6.299615,6.582852083333333,6.356679345238095,0.25419961179986794,6.055829086188146,5.674083633870838
2026-05-28,1.0,IEX,10.0,2109.76,42402.05,2306.38,3,5,0,0,False,False,True,18.384676339611527,6.299615,6.582852083333333,6.356679345238095,0.25419961179986794,6.055829086188146,5.674083633870838
2026-05-28,7.0,IEX,5.26595,5096.78,13301.23,6664.23,3,5,0,0,False,True,False,1.9959140035744356,6.299615,6.582852083333333,6.356679345238095,0.25419961179986794,6.055829086188146,5.674083633870838
2026-05-28,8.0,IEX,3.33448,6517.82,12074.23,14271.45,3,5,0,0,False,True,False,0.8460408712176822,6.299615,6.582852083333333,6.356679345238095,0.25419961179986794,6.055829086188146,5.674083633870838
2026-05-28,9.0,IEX,2.1561,7409.33,13388.6,23731.88,3,5,0,1,False,True,False,0.5641609511913254,6.299615,6.582852083333333,6.356679345238095,0.25419961179986794,6.055829086188146,5.674083633870838
2026-05-28,10.0,IEX,2.46698,9958.7,16719.2,31377.03,3,5,0,1,False,True,False,0.5328483924282036,6.299615,6.582852083333333,6.356679345238095,0.25419961179986794,6.055829086188146,5.674083633870838
2026-05-28,6.0,IEX,5.58157,3897.45,13448.85,5065.45,3,5,0,0,False,True,False,2.6550158373786816,6.299615,6.582852083333333,6.356679345238095,0.25419961179986794,6.055829086188146,5.674083633870838
2026-05-29,14.0,IEX,1.57921,8751.38,9920.93,41394.78,4,5,0,1,False,False,True,0.23966620906315572,5.479500000000001,6.299615,6.19613375,0.3907029649620312,5.967163072928431,5.658516943161172
2026-05-29,23.0,IEX,10.0,2660.72,29385.43,3469.63,4,5,0,0,False,False,True,8.469326676131672,5.479500000000001,6.299615,6.19613375,0.3907029649620312,5.967163072928431,5.658516943161172
2026-05-29,22.0,IEX,10.0,3281.0,28202.13,4089.9,4,5,0,1,True,False,False,6.895554886682914,5.479500000000001,6.299615,6.19613375,0.3907029649620312,5.967163072928431,5.658516943161172
2026-05-29,21.0,IEX,10.0,3386.43,27416.6,4195.33,4,5,0,1,True,False,False,6.53502821819731,5.479500000000001,6.299615,6.19613375,0.3907029649620312,5.967163072928431,5.658516943161172
2026-05-29,20.0,IEX,10.0,4216.0,21547.15,5024.9,4,5,0,1,True,False,False,4.288075376051116,5.479500000000001,6.299615,6.19613375,0.3907029649620312,5.967163072928431,5.658516943161172
2026-05-29,19.0,IEX,6.66799,6884.73,12874.65,8247.33,4,5,0,1,True,False,False,1.561068853118441,5.479500000000001,6.299615,6.19613375,0.3907029649620312,5.967163072928431,5.658516943161172
2026-05-29,18.0,IEX,4.78974,7939.9,12441.63,11213.6,4,5,0,1,True,False,False,1.1095125551923444,5.479500000000001,6.299615,6.19613375,0.3907029649620312,5.967163072928431,5.658516943161172
2026-05-29,17.0,IEX,3.52159,8323.79,13343.13,16222.85,4,5,0,1,False,False,True,0.822489882589995,5.479500000000001,6.299615,6.19613375,0.3907029649620312,5.967163072928431,5.658516943161172
2026-05-29,24.0,IEX,10.0,2569.87,29162.35,3057.98,4,5,0,0,False,False,True,9.53647502751334,5.479500000000001,6.299615,6.19613375,0.3907029649620312,5.967163072928431,5.658516943161172
2026-05-29,15.0,IEX,2.3537,9842.83,12281.03,32781.73,4,5,0,1,False,False,True,0.3746303198840847,5.479500000000001,6.299615,6.19613375,0.3907029649620312,5.967163072928431,5.658516943161172
2026-05-29,13.0,IEX,1.63254,9571.73,10767.78,43472.45,4,5,0,1,False,False,True,0.2476920439847094,5.479500000000001,6.299615,6.19613375,0.3907029649620312,5.967163072928431,5.658516943161172
2026-05-29,16.0,IEX,3.26917,8850.73,12936.9,22339.55,4,5,0,1,False,False,True,0.5791029807766481,5.479500000000001,6.299615,6.19613375,0.3907029649620312,5.967163072928431,5.658516943161172
2026-05-29,11.0,IEX,1.73041,9358.48,11850.05,41885.3,4,5,0,1,False,False,True,0.2829166795312635,5.479500000000001,6.299615,6.19613375,0.3907029649620312,5.967163072928431,5.658516943161172
2026-05-29,1.0,IEX,10.0,2850.1,22880.55,3185.4,4,5,0,0,False,False,True,7.182944034711671,5.479500000000001,6.299615,6.19613375,0.3907029649620312,5.967163072928431,5.658516943161172
2026-05-29,2.0,IEX,10.0,2917.4,20697.03,3388.1,4,5,0,0,False,False,True,6.108742344946305,5.479500000000001,6.299615,6.19613375,0.3907029649620312,5.967163072928431,5.658516943161172
2026-05-29,3.0,IEX,10.0,3855.4,14711.88,4439.9,4,5,0,0,False,False,True,3.3135611087782135,5.479500000000001,6.299615,6.19613375,0.3907029649620312,5.967163072928431,5.658516943161172
2026-05-29,4.0,IEX,5.14843,3877.28,11313.68,6426.95,4,5,0,0,False,False,True,1.7603497743714365,5.479500000000001,6.299615,6.19613375,0.3907029649620312,5.967163072928431,5.658516943161172
2026-05-29,5.0,IEX,5.02249,4513.95,11603.38,7528.15,4,5,0,0,False,False,True,1.5413321977626213,5.479500000000001,6.299615,6.19613375,0.3907029649620312,5.967163072928431,5.658516943161172
2026-05-29,12.0,IEX,1.82269,10241.08,12151.75,44092.13,4,5,0,1,False,False,True,0.27559906943130236,5.479500000000001,6.299615,6.19613375,0.3907029649620312,5.967163072928431,5.658516943161172
2026-05-29,7.0,IEX,4.12317,4767.15,10151.45,8745.95,4,5,0,0,False,True,False,1.1607029526115482,5.479500000000001,6.299615,6.19613375,0.3907029649620312,5.967163072928431,5.658516943161172
2026-05-29,8.0,IEX,2.51273,6182.38,8707.75,17013.05,4,5,0,0,False,True,False,0.5118276849172678,5.479500000000001,6.299615,6.19613375,0.3907029649620312,5.967163072928431,5.658516943161172
2026-05-29,9.0,IEX,1.33206,7022.66,9427.98,31811.3,4,5,0,1,False,True,False,0.29637204380318566,5.479500000000001,6.299615,6.19613375,0.3907029649620312,5.967163072928431,5.658516943161172
2026-05-29,10.0,IEX,1.56014,9030.73,12060.25,38875.38,4,5,0,1,False,True,False,0.3102284787157763,5.479500000000001,6.299615,6.19613375,0.3907029649620312,5.967163072928431,5.658516943161172
2026-05-29,6.0,IEX,4.44194,4332.43,11042.53,7650.95,4,5,0,0,False,True,False,1.4432887400345205,5.479500000000001,6.299615,6.19613375,0.3907029649620312,5.967163072928431,5.658516943161172
2026-05-30,23.0,IEX,10.0,3759.09,17144.28,5436.93,5,5,1,0,False,False,True,3.1533015816769727,3.981029583333333,5.479500000000001,5.843619702380953,0.9026777691571034,5.661604074529185,5.524317954374944
2026-05-30,22.0,IEX,10.0,4583.15,14135.93,6321.45,5,5,1,1,True,False,False,2.236184732559485,3.981029583333333,5.479500000000001,5.843619702380953,0.9026777691571034,5.661604074529185,5.524317954374944
2026-05-30,21.0,IEX,10.0,4472.2,12376.38,6241.0,5,5,1,1,True,False,False,1.9830764268817875,3.981029583333333,5.479500000000001,5.843619702380953,0.9026777691571034,5.661604074529185,5.524317954374944
2026-05-30,20.0,IEX,7.40013,6525.7,12228.73,9180.7,5,5,1,1,True,False,False,1.3320040940973954,3.981029583333333,5.479500000000001,5.843619702380953,0.9026777691571034,5.661604074529185,5.524317954374944
2026-05-30,19.0,IEX,4.07897,6406.28,8891.45,14441.73,5,5,1,1,True,False,False,0.6156776226839322,3.981029583333333,5.479500000000001,5.843619702380953,0.9026777691571034,5.661604074529185,5.524317954374944
2026-05-30,18.0,IEX,3.37469,7661.86,10139.3,21944.33,5,5,1,1,True,False,False,0.4620464600823782,3.981029583333333,5.479500000000001,5.843619702380953,0.9026777691571034,5.661604074529185,5.524317954374944
2026-05-30,17.0,IEX,2.90322,8089.29,10787.03,29388.58,5,5,1,1,False,False,True,0.3670483567538655,3.981029583333333,5.479500000000001,5.843619702380953,0.9026777691571034,5.661604074529185,5.524317954374944
2026-05-30,16.0,IEX,2.63173,7962.67,10445.88,36067.53,5,5,1,1,False,False,True,0.2896200543010236,3.981029583333333,5.479500000000001,5.843619702380953,0.9026777691571034,5.661604074529185,5.524317954374944
2026-05-30,15.0,IEX,1.76896,8941.03,10470.58,49720.55,5,5,1,1,False,False,True,0.2105885795288691,3.981029583333333,5.479500000000001,5.843619702380953,0.9026777691571034,5.661604074529185,5.524317954374944
2026-05-30,14.0,IEX,1.0363699999999998,7606.29,8115.05,57673.73,5,5,1,1,False,False,True,0.140706175907002,3.981029583333333,5.479500000000001,5.843619702380953,0.9026777691571034,5.661604074529185,5.524317954374944
2026-05-30,13.0,IEX,1.04817,7510.13,8043.2,58826.25,5,5,1,1,False,False,True,0.1367280763032272,3.981029583333333,5.479500000000001,5.843619702380953,0.9026777691571034,5.661604074529185,5.524317954374944
2026-05-30,24.0,IEX,10.0,3446.66,16857.1,4432.35,5,5,1,0,False,False,True,3.8031969411188262,3.981029583333333,5.479500000000001,5.843619702380953,0.9026777691571034,5.661604074529185,5.524317954374944
2026-05-30,11.0,IEX,0.85311,7963.52,9407.05,60694.33,5,5,1,1,False,False,True,0.15499058970500362,3.981029583333333,5.479500000000001,5.843619702380953,0.9026777691571034,5.661604074529185,5.524317954374944
2026-05-30,1.0,IEX,5.97487,6077.58,12862.73,7517.58,5,5,1,0,False,False,True,1.7110200334269539,3.981029583333333,5.479500000000001,5.843619702380953,0.9026777691571034,5.661604074529185,5.524317954374944
2026-05-30,2.0,IEX,4.26326,4684.55,11022.08,8538.05,5,5,1,0,False,False,True,1.2909364535333756,3.981029583333333,5.479500000000001,5.843619702380953,0.9026777691571034,5.661604074529185,5.524317954374944
2026-05-30,3.0,IEX,3.65054,4612.98,10279.23,11669.98,5,5,1,0,False,False,True,0.8808267016046072,3.981029583333333,5.479500000000001,5.843619702380953,0.9026777691571034,5.661604074529185,5.524317954374944
2026-05-30,4.0,IEX,3.34064,4392.98,9621.2,13592.28,5,5,1,0,False,False,True,0.7078429809363529,3.981029583333333,5.479500000000001,5.843619702380953,0.9026777691571034,5.661604074529185,5.524317954374944
2026-05-30,5.0,IEX,3.22231,4682.93,9706.85,15593.25,5,5,1,0,False,False,True,0.622503326360763,3.981029583333333,5.479500000000001,5.843619702380953,0.9026777691571034,5.661604074529185,5.524317954374944
2026-05-30,12.0,IEX,1.03605,7870.26,9079.0,61048.05,5,5,1,1,False,False,True,0.14871891892554814,3.981029583333333,5.479500000000001,5.843619702380953,0.9026777691571034,5.661604074529185,5.524317954374944
2026-05-30,7.0,IEX,3.1515,5559.05,9079.15,20024.33,5,5,1,0,False,True,False,0.4534059314576787,3.981029583333333,5.479500000000001,5.843619702380953,0.9026777691571034,5.661604074529185,5.524317954374944
2026-05-30,8.0,IEX,1.67971,4931.75,6545.63,30222.98,5,5,1,0,False,True,False,0.2165779151438482,3.981029583333333,5.479500000000001,5.843619702380953,0.9026777691571034,5.661604074529185,5.524317954374944
2026-05-30,9.0,IEX,0.3505,5687.93,7031.03,46574.65,5,5,1,1,False,True,False,0.15096259442616045,3.981029583333333,5.479500000000001,5.843619702380953,0.9026777691571034,5.661604074529185,5.524317954374944
2026-05-30,10.0,IEX,0.4995799999999999,7419.17,9580.98,55848.53,5,5,1,1,False,True,False,0.1715529486323896,3.981029583333333,5.479500000000001,5.843619702380953,0.9026777691571034,5.661604074529185,5.524317954374944
2026-05-30,6.0,IEX,3.2804,4795.13,9758.38,16313.45,5,5,1,0,False,True,False,0.5981800289955955,3.981029583333333,5.479500000000001,5.843619702380953,0.9026777691571034,5.661604074529185,5.524317954374944
2026-05-31,14.0,IEX,0.02084,4065.93,4105.9,57713.73,6,5,1,1,False,False,True,0.0711425166817077,2.8180595833333335,3.981029583333333,5.404012857142858,1.454162192149945,5.224135691268286,5.307817284691615
2026-05-31,15.0,IEX,0.18753,5251.09,6110.1,49987.03,6,5,1,1,False,False,True,0.12223370739925263,2.8180595833333335,3.981029583333333,5.404012857142858,1.454162192149945,5.224135691268286,5.307817284691615
2026-05-31,16.0,IEX,0.30083,5434.38,6476.7,35862.0,6,5,1,1,False,False,True,0.1806006357200935,2.8180595833333335,3.981029583333333,5.404012857142858,1.454162192149945,5.224135691268286,5.307817284691615
2026-05-31,17.0,IEX,1.72769,5361.82,6989.58,27679.95,6,5,1,1,False,False,True,0.2525141843635866,2.8180595833333335,3.981029583333333,5.404012857142858,1.454162192149945,5.224135691268286,5.307817284691615
2026-05-31,18.0,IEX,2.41752,5282.58,7215.98,20247.75,6,5,1,1,True,False,False,0.35638428943641426,2.8180595833333335,3.981029583333333,5.404012857142858,1.454162192149945,5.224135691268286,5.307817284691615
2026-05-31,20.0,IEX,4.24892,7574.55,12613.08,13774.9,6,5,1,1,True,False,False,0.9156567373152207,2.8180595833333335,3.981029583333333,5.404012857142858,1.454162192149945,5.224135691268286,5.307817284691615
2026-05-31,21.0,IEX,4.596439999999999,7016.7,12813.6,10860.38,6,5,1,1,True,False,False,1.179848217852554,2.8180595833333335,3.981029583333333,5.404012857142858,1.454162192149945,5.224135691268286,5.307817284691615
2026-05-31,22.0,IEX,4.80274,6894.63,12867.65,10310.78,6,5,1,1,True,False,False,1.2479802679836245,2.8180595833333335,3.981029583333333,5.404012857142858,1.454162192149945,5.224135691268286,5.307817284691615
2026-05-31,23.0,IEX,6.92524,6559.26,14336.35,9389.15,6,5,1,0,False,False,True,1.5269060548325397,2.8180595833333335,3.981029583333333,5.404012857142858,1.454162192149945,5.224135691268286,5.307817284691615
2026-05-31,13.0,IEX,0.02093,4455.22,4496.08,60046.25,6,5,1,1,False,False,True,0.07487694900599505,2.8180595833333335,3.981029583333333,5.404012857142858,1.454162192149945,5.224135691268286,5.307817284691615
2026-05-31,19.0,IEX,2.65532,5533.06,8234.18,17406.0,6,5,1,1,True,False,False,0.47306560928813884,2.8180595833333335,3.981029583333333,5.404012857142858,1.454162192149945,5.224135691268286,5.307817284691615
2026-05-31,24.0,IEX,9.33031,6453.74,14801.9,8055.33,6,5,1,0,False,False,True,1.8375286899015575,2.8180595833333335,3.981029583333333,5.404012857142858,1.454162192149945,5.224135691268286,5.307817284691615
2026-05-31,12.0,IEX,0.04965,5456.32,5780.23,61974.88,6,5,1,1,False,False,True,0.09326730441539098,2.8180595833333335,3.981029583333333,5.404012857142858,1.454162192149945,5.224135691268286,5.307817284691615
2026-05-31,10.0,IEX,0.197,5683.29,6713.2,59535.25,6,5,1,1,False,True,False,0.11276008749224029,2.8180595833333335,3.981029583333333,5.404012857142858,1.454162192149945,5.224135691268286,5.307817284691615
2026-05-31,11.0,IEX,0.04979,5468.85,5798.03,62474.05,6,5,1,1,False,False,True,0.09280701345713827,2.8180595833333335,3.981029583333333,5.404012857142858,1.454162192149945,5.224135691268286,5.307817284691615
2026-05-31,1.0,IEX,5.54305,8009.48,14597.35,9695.75,6,5,1,0,False,False,True,1.505541086037139,2.8180595833333335,3.981029583333333,5.404012857142858,1.454162192149945,5.224135691268286,5.307817284691615
2026-05-31,2.0,IEX,4.45897,7484.0,13442.08,11095.35,6,5,1,0,False,False,True,1.2115057197731431,2.8180595833333335,3.981029583333333,5.404012857142858,1.454162192149945,5.224135691268286,5.307817284691615
2026-05-31,3.0,IEX,4.11079,7132.5,12844.58,12691.28,6,5,1,0,False,False,True,1.0120791590666354,2.8180595833333335,3.981029583333333,5.404012857142858,1.454162192149945,5.224135691268286,5.307817284691615
2026-05-31,4.0,IEX,3.72684,6815.75,11838.85,14747.0,6,5,1,0,False,False,True,0.802797178542892,2.8180595833333335,3.981029583333333,5.404012857142858,1.454162192149945,5.224135691268286,5.307817284691615
2026-05-31,6.0,IEX,3.6485,6098.75,10818.78,15948.3,6,5,1,0,False,True,False,0.6783657188049099,2.8180595833333335,3.981029583333333,5.404012857142858,1.454162192149945,5.224135691268286,5.307817284691615
2026-05-31,7.0,IEX,3.25452,6061.14,9809.15,19389.5,6,5,1,0,False,True,False,0.5059001003089816,2.8180595833333335,3.981029583333333,5.404012857142858,1.454162192149945,5.224135691268286,5.307817284691615
2026-05-31,8.0,IEX,1.34516,5389.71,7141.63,32132.25,6,5,1,0,False,True,False,0.22225738931377126,2.8180595833333335,3.981029583333333,5.404012857142858,1.454162192149945,5.224135691268286,5.307817284691615
2026-05-31,9.0,IEX,0.30024,5359.4,6605.2,48860.83,6,5,1,1,False,True,False,0.13518394997891275,2.8180595833333335,3.981029583333333,5.404012857142858,1.454162192149945,5.224135691268286,5.307817284691615
2026-05-31,5.0,IEX,3.71461,7018.35,12079.98,16290.9,6,5,1,0,False,False,True,0.7415170428021061,2.8180595833333335,3.981029583333333,5.404012857142858,1.454162192149945,5.224135691268286,5.307817284691615
2026-06-01,24.0,IEX,10.0,4583.23,19373.98,6344.88,0,6,0,0,False,False,True,3.053482488158196,4.419324583333333,2.8180595833333335,5.153160654761905,1.4503896522359343,5.1003185977398315,5.236737868582953
2026-06-01,14.0,IEX,1.38422,6841.4,7469.58,41282.53,0,6,0,1,False,False,True,0.18093803839519088,4.419324583333333,2.8180595833333335,5.153160654761905,1.4503896522359343,5.1003185977398315,5.236737868582953
2026-06-01,15.0,IEX,1.84298,8941.78,10311.33,37251.0,0,6,0,1,False,False,True,0.2768067970586543,4.419324583333333,2.8180595833333335,5.153160654761905,1.4503896522359343,5.1003185977398315,5.236737868582953
2026-06-01,16.0,IEX,2.40671,8714.38,11085.63,29641.4,0,6,0,1,False,False,True,0.37399144427254055,4.419324583333333,2.8180595833333335,5.153160654761905,1.4503896522359343,5.1003185977398315,5.236737868582953
2026-06-01,17.0,IEX,3.03607,7977.0,11116.73,22806.75,0,6,0,1,False,False,True,0.48743157157971584,4.419324583333333,2.8180595833333335,5.153160654761905,1.4503896522359343,5.1003185977398315,5.236737868582953
2026-06-01,20.0,IEX,10.0,5931.02,17031.83,8674.7,0,6,0,1,True,False,False,1.9633912389323076,4.419324583333333,2.8180595833333335,5.153160654761905,1.4503896522359343,5.1003185977398315,5.236737868582953
2026-06-01,19.0,IEX,5.60729,6717.5,12936.55,11373.38,0,6,0,1,True,False,False,1.137441111492414,4.419324583333333,2.8180595833333335,5.153160654761905,1.4503896522359343,5.1003185977398315,5.236737868582953
2026-06-01,21.0,IEX,10.0,5529.7,16007.73,8277.05,0,6,0,1,True,False,False,1.9339897645489763,4.419324583333333,2.8180595833333335,5.153160654761905,1.4503896522359343,5.1003185977398315,5.236737868582953
2026-06-01,22.0,IEX,10.0,5046.14,15568.48,7790.25,0,6,0,1,True,False,False,1.9984570431007258,4.419324583333333,2.8180595833333335,5.153160654761905,1.4503896522359343,5.1003185977398315,5.236737868582953
2026-06-01,13.0,IEX,1.0488499999999998,6794.44,7283.55,41796.55,0,6,0,1,False,False,True,0.17426199048144833,4.419324583333333,2.8180595833333335,5.153160654761905,1.4503896522359343,5.1003185977398315,5.236737868582953
2026-06-01,18.0,IEX,3.66554,7775.38,11511.38,15477.6,0,6,0,1,True,False,False,0.743744507711955,4.419324583333333,2.8180595833333335,5.153160654761905,1.4503896522359343,5.1003185977398315,5.236737868582953
2026-06-01,23.0,IEX,10.0,4949.12,19330.5,7622.88,0,6,0,0,False,False,True,2.53585258782002,4.419324583333333,2.8180595833333335,5.153160654761905,1.4503896522359343,5.1003185977398315,5.236737868582953
2026-06-01,12.0,IEX,1.0488,6969.9,8109.0,43600.3,0,6,0,1,False,False,True,0.18598495877643387,4.419324583333333,2.8180595833333335,5.153160654761905,1.4503896522359343,5.1003185977398315,5.236737868582953
2026-06-01,10.0,IEX,1.1630999999999998,6652.77,8604.25,44961.98,0,6,0,1,False,True,False,0.19136723956743734,4.419324583333333,2.8180595833333335,5.153160654761905,1.4503896522359343,5.1003185977398315,5.236737868582953
2026-06-01,1.0,IEX,7.22946,8153.92,15047.38,10002.7,0,6,0,0,False,False,True,1.5043318289018646,4.419324583333333,2.8180595833333335,5.153160654761905,1.4503896522359343,5.1003185977398315,5.236737868582953
2026-06-01,2.0,IEX,3.9481,7169.98,13004.13,12242.45,0,6,0,0,False,False,True,1.062216303875273,4.419324583333333,2.8180595833333335,5.153160654761905,1.4503896522359343,5.1003185977398315,5.236737868582953
2026-06-01,3.0,IEX,3.6088,7240.12,12726.18,13624.8,0,6,0,0,False,False,True,0.9340452697037424,4.419324583333333,2.8180595833333335,5.153160654761905,1.4503896522359343,5.1003185977398315,5.236737868582953
2026-06-01,4.0,IEX,3.46599,6379.43,11529.95,14491.03,0,6,0,0,False,False,True,0.7956611774348261,4.419324583333333,2.8180595833333335,5.153160654761905,1.4503896522359343,5.1003185977398315,5.236737868582953
2026-06-01,11.0,IEX,1.04882,6831.4,8170.5,44265.38,0,6,0,1,False,False,True,0.18457991319975567,4.419324583333333,2.8180595833333335,5.153160654761905,1.4503896522359343,5.1003185977398315,5.236737868582953
2026-06-01,6.0,IEX,3.80695,7515.24,12508.73,13283.48,0,6,0,0,False,True,False,0.9416756746412268,4.419324583333333,2.8180595833333335,5.153160654761905,1.4503896522359343,5.1003185977398315,5.236737868582953
2026-06-01,7.0,IEX,3.67484,7775.52,12329.28,15745.18,0,6,0,0,False,True,False,0.7830510665593845,4.419324583333333,2.8180595833333335,5.153160654761905,1.4503896522359343,5.1003185977398315,5.236737868582953
2026-06-01,8.0,IEX,2.63595,6550.78,9836.38,27063.03,0,6,0,0,False,True,False,0.36346188864903084,4.419324583333333,2.8180595833333335,5.153160654761905,1.4503896522359343,5.1003185977398315,5.236737868582953
2026-06-01,9.0,IEX,1.84984,6557.6,9090.95,38659.28,0,6,0,1,False,True,False,0.2351556986485119,4.419324583333333,2.8180595833333335,5.153160654761905,1.4503896522359343,5.1003185977398315,5.236737868582953
2026-06-01,5.0,IEX,3.59148,6955.23,11957.78,14224.38,0,6,0,0,False,False,True,0.840653862705683,4.419324583333333,2.8180595833333335,5.153160654761905,1.4503896522359343,5.1003185977398315,5.236737868582953
2026-06-02,23.0,IEX,10.0,2907.32,24019.85,5190.78,1,6,0,0,False,False,True,4.627406662144405,5.2787774999999995,4.419324583333333,4.979879761904762,1.3313884903878364,5.127773813472165,5.2401010390963165
2026-06-02,22.0,IEX,10.0,3354.07,21086.0,5694.23,1,6,0,1,True,False,False,3.70304676189222,5.2787774999999995,4.419324583333333,4.979879761904762,1.3313884903878364,5.127773813472165,5.2401010390963165
2026-06-02,21.0,IEX,10.0,3988.15,18488.15,6378.3,1,6,0,1,True,False,False,2.8986015036943993,5.2787774999999995,4.419324583333333,4.979879761904762,1.3313884903878364,5.127773813472165,5.2401010390963165
2026-06-02,20.0,IEX,10.0,5510.92,18864.88,7860.85,1,6,0,1,True,False,False,2.399852430208117,5.2787774999999995,4.419324583333333,4.979879761904762,1.3313884903878364,5.127773813472165,5.2401010390963165
2026-06-02,19.0,IEX,5.63112,6725.82,14256.5,11869.65,1,6,0,1,True,False,False,1.201088489381668,5.2787774999999995,4.419324583333333,4.979879761904762,1.3313884903878364,5.127773813472165,5.2401010390963165
2026-06-02,18.0,IEX,3.68687,7997.63,13288.55,16448.48,1,6,0,1,True,False,False,0.8078892391224665,5.2787774999999995,4.419324583333333,4.979879761904762,1.3313884903878364,5.127773813472165,5.2401010390963165
2026-06-02,17.0,IEX,3.13472,8760.3,14023.38,22344.6,1,6,0,1,False,False,True,0.6275959289369262,5.2787774999999995,4.419324583333333,4.979879761904762,1.3313884903878364,5.127773813472165,5.2401010390963165
2026-06-02,16.0,IEX,2.71944,9238.71,14216.48,28768.63,1,6,0,1,False,False,True,0.49416604110304657,5.2787774999999995,4.419324583333333,4.979879761904762,1.3313884903878364,5.127773813472165,5.2401010390963165
2026-06-02,15.0,IEX,1.83698,9601.68,12774.58,39036.88,1,6,0,1,False,False,True,0.3272438780129857,5.2787774999999995,4.419324583333333,4.979879761904762,1.3313884903878364,5.127773813472165,5.2401010390963165
2026-06-02,14.0,IEX,1.54099,8628.0,10483.7,43506.95,1,6,0,1,False,False,True,0.240966098464506,5.2787774999999995,4.419324583333333,4.979879761904762,1.3313884903878364,5.127773813472165,5.2401010390963165
2026-06-02,13.0,IEX,1.53773,8442.78,9682.3,44790.23,1,6,0,1,False,False,True,0.21616991022011495,5.2787774999999995,4.419324583333333,4.979879761904762,1.3313884903878364,5.127773813472165,5.2401010390963165
2026-06-02,24.0,IEX,10.0,2663.54,24623.9,4205.18,1,6,0,0,False,False,True,5.85561139866638,5.2787774999999995,4.419324583333333,4.979879761904762,1.3313884903878364,5.127773813472165,5.2401010390963165
2026-06-02,11.0,IEX,1.54704,8493.15,10408.33,47183.35,1,6,0,1,False,False,True,0.2205932812696442,5.2787774999999995,4.419324583333333,4.979879761904762,1.3313884903878364,5.127773813472165,5.2401010390963165
2026-06-02,1.0,IEX,10.0,3829.29,19266.23,4570.28,1,6,0,0,False,False,True,4.215546959452054,5.2787774999999995,4.419324583333333,4.979879761904762,1.3313884903878364,5.127773813472165,5.2401010390963165
2026-06-02,2.0,IEX,10.0,5122.65,16594.45,6120.35,1,6,0,0,False,False,True,2.711356372247737,5.2787774999999995,4.419324583333333,4.979879761904762,1.3313884903878364,5.127773813472165,5.2401010390963165
2026-06-02,3.0,IEX,9.82494,5908.62,15288.4,7207.4,1,6,0,0,False,False,True,2.1212087547226344,5.2787774999999995,4.419324583333333,4.979879761904762,1.3313884903878364,5.127773813472165,5.2401010390963165
2026-06-02,4.0,IEX,4.66229,6458.47,13884.73,9788.35,1,6,0,0,False,False,True,1.418495454884127,5.2787774999999995,4.419324583333333,4.979879761904762,1.3313884903878364,5.127773813472165,5.2401010390963165
2026-06-02,5.0,IEX,4.16057,6586.83,13724.88,11392.3,1,6,0,0,False,False,True,1.2047505760866983,5.2787774999999995,4.419324583333333,4.979879761904762,1.3313884903878364,5.127773813472165,5.2401010390963165
2026-06-02,12.0,IEX,1.53752,8359.5,10308.18,46514.4,1,6,0,1,False,False,True,0.22161266183770773,5.2787774999999995,4.419324583333333,4.979879761904762,1.3313884903878364,5.127773813472165,5.2401010390963165
2026-06-02,7.0,IEX,3.93235,7739.18,13118.6,14798.2,1,6,0,0,False,True,False,0.88649970882506,5.2787774999999995,4.419324583333333,4.979879761904762,1.3313884903878364,5.127773813472165,5.2401010390963165
2026-06-02,8.0,IEX,2.82128,6953.7,11181.48,24420.05,1,6,0,0,False,True,False,0.457881126182018,5.2787774999999995,4.419324583333333,4.979879761904762,1.3313884903878364,5.127773813472165,5.2401010390963165
2026-06-02,9.0,IEX,2.09371,7140.35,10379.85,37556.38,1,6,0,1,False,True,False,0.27638047110068104,5.2787774999999995,4.419324583333333,4.979879761904762,1.3313884903878364,5.127773813472165,5.2401010390963165
2026-06-02,10.0,IEX,1.70601,8677.83,11061.28,45591.43,1,6,0,1,False,True,False,0.2426175269688585,5.2787774999999995,4.419324583333333,4.979879761904762,1.3313884903878364,5.127773813472165,5.2401010390963165
2026-06-02,6.0,IEX,4.3171,6822.3,13309.73,11565.4,1,6,0,0,False,True,False,1.1508231439026553,5.2787774999999995,4.419324583333333,4.979879761904762,1.3313884903878364,5.127773813472165,5.2401010390963165
2026-06-03,14.0,IEX,1.59314,8983.8,13177.23,43775.13,2,6,0,1,False,False,True,0.30102092208497816,5.5364820833333335,5.2787774999999995,4.830398333333333,1.1704304672898826,5.190652008835421,5.263811522635279
2026-06-03,15.0,IEX,2.08065,9842.86,15668.85,40164.08,2,6,0,1,False,False,True,0.3901209736684816,5.5364820833333335,5.2787774999999995,4.830398333333333,1.1704304672898826,5.190652008835421,5.263811522635279
2026-06-03,16.0,IEX,2.91448,9274.0,16183.03,30625.08,2,6,0,1,False,False,True,0.5284240888420784,5.5364820833333335,5.2787774999999995,4.830398333333333,1.1704304672898826,5.190652008835421,5.263811522635279
2026-06-03,17.0,IEX,3.19772,7732.29,14109.98,23213.95,2,6,0,1,False,False,True,0.6078233128753084,5.5364820833333335,5.2787774999999995,4.830398333333333,1.1704304672898826,5.190652008835421,5.263811522635279
2026-06-03,18.0,IEX,3.51901,7155.04,13167.45,15253.88,2,6,0,1,True,False,False,0.8632197179581722,5.5364820833333335,5.2787774999999995,4.830398333333333,1.1704304672898826,5.190652008835421,5.263811522635279
2026-06-03,20.0,IEX,10.0,5570.12,18378.2,6011.83,2,6,0,1,True,False,False,3.0570059315432974,5.5364820833333335,5.2787774999999995,4.830398333333333,1.1704304672898826,5.190652008835421,5.263811522635279
2026-06-03,21.0,IEX,10.0,4550.67,19252.9,4992.38,2,6,0,1,True,False,False,3.856457233110346,5.5364820833333335,5.2787774999999995,4.830398333333333,1.1704304672898826,5.190652008835421,5.263811522635279
2026-06-03,22.0,IEX,10.0,4292.92,23262.28,4734.63,2,6,0,1,True,False,False,4.913220241258092,5.5364820833333335,5.2787774999999995,4.830398333333333,1.1704304672898826,5.190652008835421,5.263811522635279
2026-06-03,23.0,IEX,10.0,2884.55,25949.43,3326.25,2,6,0,0,False,False,True,7.8014069663993775,5.5364820833333335,5.2787774999999995,4.830398333333333,1.1704304672898826,5.190652008835421,5.263811522635279
2026-06-03,13.0,IEX,1.55789,9411.65,13176.28,45450.83,2,6,0,1,False,False,True,0.28990185651397304,5.5364820833333335,5.2787774999999995,4.830398333333333,1.1704304672898826,5.190652008835421,5.263811522635279
2026-06-03,19.0,IEX,5.35558,5488.2,12609.5,9777.48,2,6,0,1,True,False,False,1.2896472288466485,5.5364820833333335,5.2787774999999995,4.830398333333333,1.1704304672898826,5.190652008835421,5.263811522635279
2026-06-03,24.0,IEX,10.0,1958.76,24995.2,2216.88,2,6,0,0,False,False,True,11.274944916842836,5.5364820833333335,5.2787774999999995,4.830398333333333,1.1704304672898826,5.190652008835421,5.263811522635279
2026-06-03,12.0,IEX,1.5377,9537.35,13237.05,46203.23,2,6,0,1,False,False,True,0.28649620377482343,5.5364820833333335,5.2787774999999995,4.830398333333333,1.1704304672898826,5.190652008835421,5.263811522635279
2026-06-03,10.0,IEX,1.94429,9414.33,14107.98,43148.48,2,6,0,1,False,True,False,0.32696354533764255,5.5364820833333335,5.2787774999999995,4.830398333333333,1.1704304672898826,5.190652008835421,5.263811522635279
2026-06-03,11.0,IEX,1.6563,9575.68,13488.75,45294.15,2,6,0,1,False,False,True,0.2978033586461379,5.5364820833333335,5.2787774999999995,4.830398333333333,1.1704304672898826,5.190652008835421,5.263811522635279
2026-06-03,1.0,IEX,10.0,2084.49,22851.35,2149.3,2,6,0,0,False,False,True,10.631996414497758,5.5364820833333335,5.2787774999999995,4.830398333333333,1.1704304672898826,5.190652008835421,5.263811522635279
2026-06-03,2.0,IEX,10.0,3399.35,19436.0,3541.55,2,6,0,0,False,False,True,5.487992530140778,5.5364820833333335,5.2787774999999995,4.830398333333333,1.1704304672898826,5.190652008835421,5.263811522635279
2026-06-03,4.0,IEX,8.09767,4931.4,13795.45,5772.58,2,6,0,0,False,False,True,2.3898239567232955,5.5364820833333335,5.2787774999999995,4.830398333333333,1.1704304672898826,5.190652008835421,5.263811522635279
2026-06-03,3.0,IEX,10.0,4330.57,16193.33,4530.78,2,6,0,0,False,False,True,3.5740711233516724,5.5364820833333335,5.2787774999999995,4.830398333333333,1.1704304672898826,5.190652008835421,5.263811522635279
2026-06-03,6.0,IEX,4.6284,5623.15,13107.48,7666.28,2,6,0,0,False,True,False,1.7097575333672166,5.5364820833333335,5.2787774999999995,4.830398333333333,1.1704304672898826,5.190652008835421,5.263811522635279
2026-06-03,7.0,IEX,4.242859999999999,7583.28,14208.28,13157.03,2,6,0,0,False,True,False,1.0799002502237205,5.5364820833333335,5.2787774999999995,4.830398333333333,1.1704304672898826,5.190652008835421,5.263811522635279
2026-06-03,8.0,IEX,3.21767,6692.23,12435.53,22689.98,2,6,0,0,False,True,False,0.5480626247585664,5.5364820833333335,5.2787774999999995,4.830398333333333,1.1704304672898826,5.190652008835421,5.263811522635279
2026-06-03,9.0,IEX,2.53167,8187.48,13678.35,34597.48,2,6,0,1,False,True,False,0.39535682934266975,5.5364820833333335,5.2787774999999995,4.830398333333333,1.1704304672898826,5.190652008835421,5.263811522635279
2026-06-03,5.0,IEX,4.80054,5142.85,13251.68,6704.9,2,6,0,0,False,False,True,1.9764172441402301,5.5364820833333335,5.2787774999999995,4.830398333333333,1.1704304672898826,5.190652008835421,5.263811522635279
2026-06-04,24.0,IEX,10.0,1094.76,30647.4,1101.58,3,6,0,0,False,False,True,27.821310954980024,5.619047083333334,5.5364820833333335,4.733174345238096,1.0501306730434323,5.2565589433735616,5.292230367491124
2026-06-04,23.0,IEX,10.0,1853.61,30730.93,1860.43,3,6,0,0,False,False,True,16.5181865669862,5.619047083333334,5.5364820833333335,4.733174345238096,1.0501306730434323,5.2565589433735616,5.292230367491124
2026-06-04,22.0,IEX,10.0,2540.4,28281.93,2547.2,3,6,0,1,True,False,False,11.103144585807378,5.619047083333334,5.5364820833333335,4.733174345238096,1.0501306730434323,5.2565589433735616,5.292230367491124
2026-06-04,21.0,IEX,10.0,3309.0,22374.28,3315.8,3,6,0,1,True,False,False,6.747777288293089,5.619047083333334,5.5364820833333335,4.733174345238096,1.0501306730434323,5.2565589433735616,5.292230367491124
2026-06-04,20.0,IEX,10.0,4044.42,20816.73,4051.23,3,6,0,1,True,False,False,5.138372777802364,5.619047083333334,5.5364820833333335,4.733174345238096,1.0501306730434323,5.2565589433735616,5.292230367491124
2026-06-04,19.0,IEX,5.54461,4909.59,14079.13,7711.95,3,6,0,1,True,False,False,1.8256251637709981,5.619047083333334,5.5364820833333335,4.733174345238096,1.0501306730434323,5.2565589433735616,5.292230367491124
2026-06-04,18.0,IEX,3.48714,5915.99,15049.93,14099.05,3,6,0,1,True,False,False,1.0674428411365002,5.619047083333334,5.5364820833333335,4.733174345238096,1.0501306730434323,5.2565589433735616,5.292230367491124
2026-06-04,17.0,IEX,3.08325,6810.97,15668.23,20037.35,3,6,0,1,False,False,True,0.7819512057323194,5.619047083333334,5.5364820833333335,4.733174345238096,1.0501306730434323,5.2565589433735616,5.292230367491124
2026-06-04,16.0,IEX,2.65686,7938.32,16243.7,26018.38,3,6,0,1,False,False,True,0.6243163484335627,5.619047083333334,5.5364820833333335,4.733174345238096,1.0501306730434323,5.2565589433735616,5.292230367491124
2026-06-04,15.0,IEX,1.78203,8250.5,15886.53,37632.33,3,6,0,1,False,False,True,0.42215111303973174,5.619047083333334,5.5364820833333335,4.733174345238096,1.0501306730434323,5.2565589433735616,5.292230367491124
2026-06-04,14.0,IEX,1.28393,8091.33,14393.83,43035.63,3,6,0,1,False,False,True,0.3344630948043602,5.619047083333334,5.5364820833333335,4.733174345238096,1.0501306730434323,5.2565589433735616,5.292230367491124
2026-06-04,13.0,IEX,1.50714,8151.4,14490.88,42998.7,3,6,0,1,False,False,True,0.3370073978196998,5.619047083333334,5.5364820833333335,4.733174345238096,1.0501306730434323,5.2565589433735616,5.292230367491124
2026-06-04,11.0,IEX,1.58284,8567.28,15215.28,43285.0,3,6,0,1,False,False,True,0.3515139192903976,5.619047083333334,5.5364820833333335,4.733174345238096,1.0501306730434323,5.2565589433735616,5.292230367491124
2026-06-04,1.0,IEX,10.0,1156.52,26503.18,1163.33,3,6,0,0,False,False,True,22.782168234446218,5.619047083333334,5.5364820833333335,4.733174345238096,1.0501306730434323,5.2565589433735616,5.292230367491124
2026-06-04,2.0,IEX,10.0,1920.24,21938.65,1927.05,3,6,0,0,False,False,True,11.384577403883775,5.619047083333334,5.5364820833333335,4.733174345238096,1.0501306730434323,5.2565589433735616,5.292230367491124
2026-06-04,3.0,IEX,10.0,2750.8,18637.68,2757.6,3,6,0,0,False,False,True,6.758659679581304,5.619047083333334,5.5364820833333335,4.733174345238096,1.0501306730434323,5.2565589433735616,5.292230367491124
2026-06-04,4.0,IEX,10.0,2991.82,15940.58,2998.63,3,6,0,0,False,False,True,5.315954268062567,5.619047083333334,5.5364820833333335,4.733174345238096,1.0501306730434323,5.2565589433735616,5.292230367491124
2026-06-04,5.0,IEX,5.47532,3554.65,15156.53,3934.05,3,6,0,0,False,False,True,3.852653108494673,5.619047083333334,5.5364820833333335,4.733174345238096,1.0501306730434323,5.2565589433735616,5.292230367491124
2026-06-04,12.0,IEX,1.51047,8441.9,15118.7,44105.3,3,6,0,1,False,False,True,0.342786467761746,5.619047083333334,5.5364820833333335,4.733174345238096,1.0501306730434323,5.2565589433735616,5.292230367491124
2026-06-04,7.0,IEX,4.38072,6087.15,15586.75,10113.3,3,6,0,0,False,True,False,1.5412130545507274,5.619047083333334,5.5364820833333335,4.733174345238096,1.0501306730434323,5.2565589433735616,5.292230367491124
2026-06-04,8.0,IEX,3.20209,5964.5,14842.03,18734.2,3,6,0,0,False,True,False,0.7922425292821458,5.619047083333334,5.5364820833333335,4.733174345238096,1.0501306730434323,5.2565589433735616,5.292230367491124
2026-06-04,9.0,IEX,2.40996,7198.1,14693.8,30663.13,3,6,0,1,False,True,False,0.4792009163842044,5.619047083333334,5.5364820833333335,4.733174345238096,1.0501306730434323,5.2565589433735616,5.292230367491124
2026-06-04,10.0,IEX,1.80793,8589.3,15157.83,40526.43,3,6,0,1,False,True,False,0.3740233224653582,5.619047083333334,5.5364820833333335,4.733174345238096,1.0501306730434323,5.2565589433735616,5.292230367491124
2026-06-04,6.0,IEX,5.1428400000000005,4149.09,14402.15,4813.2,3,6,0,0,False,True,False,2.992219307337698,5.619047083333334,5.5364820833333335,4.733174345238096,1.0501306730434323,5.2565589433735616,5.292230367491124
2026-06-05,14.0,IEX,1.18835,7944.89,14300.93,41802.35,4,6,0,1,False,False,True,0.34210827851972236,5.8703529166666675,5.619047083333334,4.789010476190477,1.1053653987499898,5.350988785418655,5.338480171425167
2026-06-05,23.0,IEX,10.0,1266.7,29760.35,1273.5,4,6,0,0,False,False,True,23.368943672014577,5.8703529166666675,5.619047083333334,4.789010476190477,1.1053653987499898,5.350988785418655,5.338480171425167
2026-06-05,22.0,IEX,10.0,1293.39,25014.18,1300.2,4,6,0,1,True,False,False,19.238716972475643,5.8703529166666675,5.619047083333334,4.789010476190477,1.1053653987499898,5.350988785418655,5.338480171425167
2026-06-05,21.0,IEX,10.0,1879.05,19986.7,1885.85,4,6,0,1,True,False,False,10.598244767090465,5.8703529166666675,5.619047083333334,4.789010476190477,1.1053653987499898,5.350988785418655,5.338480171425167
2026-06-05,20.0,IEX,10.0,2674.8,17081.38,2681.6,4,6,0,1,True,False,False,6.36984633662796,5.8703529166666675,5.619047083333334,4.789010476190477,1.1053653987499898,5.350988785418655,5.338480171425167
2026-06-05,19.0,IEX,5.6119,4086.42,11378.7,6081.55,4,6,0,1,True,False,False,1.8710197205136525,5.8703529166666675,5.619047083333334,4.789010476190477,1.1053653987499898,5.350988785418655,5.338480171425167
2026-06-05,18.0,IEX,3.82319,5718.35,13302.95,11936.03,4,6,0,1,True,False,False,1.1145204887097968,5.8703529166666675,5.619047083333334,4.789010476190477,1.1053653987499898,5.350988785418655,5.338480171425167
2026-06-05,17.0,IEX,3.07383,6146.98,15003.35,18022.65,4,6,0,1,False,False,True,0.8324719168199616,5.8703529166666675,5.619047083333334,4.789010476190477,1.1053653987499898,5.350988785418655,5.338480171425167
2026-06-05,16.0,IEX,2.91058,7628.74,17005.33,24741.53,4,6,0,1,False,False,True,0.6873192560495172,5.8703529166666675,5.619047083333334,4.789010476190477,1.1053653987499898,5.350988785418655,5.338480171425167
2026-06-05,15.0,IEX,2.07259,8395.62,16810.95,35371.35,4,6,0,1,False,False,True,0.47527023976317834,5.8703529166666675,5.619047083333334,4.789010476190477,1.1053653987499898,5.350988785418655,5.338480171425167
2026-06-05,13.0,IEX,1.04852,8572.95,14871.38,43182.0,4,6,0,1,False,False,True,0.34438840249539426,5.8703529166666675,5.619047083333334,4.789010476190477,1.1053653987499898,5.350988785418655,5.338480171425167
2026-06-05,24.0,IEX,10.0,964.46,31775.15,971.28,4,6,0,0,False,False,True,32.71471632572774,5.8703529166666675,5.619047083333334,4.789010476190477,1.1053653987499898,5.350988785418655,5.338480171425167
2026-06-05,11.0,IEX,1.27564,8667.82,15068.25,44587.8,4,6,0,1,False,False,True,0.337945581450992,5.8703529166666675,5.619047083333334,4.789010476190477,1.1053653987499898,5.350988785418655,5.338480171425167
2026-06-05,1.0,IEX,10.0,1351.02,28634.1,1357.83,4,6,0,0,False,False,True,21.08813311616231,5.8703529166666675,5.619047083333334,4.789010476190477,1.1053653987499898,5.350988785418655,5.338480171425167
2026-06-05,2.0,IEX,10.0,2237.45,22461.08,2244.25,4,6,0,0,False,False,True,10.00827889046105,5.8703529166666675,5.619047083333334,4.789010476190477,1.1053653987499898,5.350988785418655,5.338480171425167
2026-06-05,3.0,IEX,10.0,2792.69,17442.3,2799.5,4,6,0,0,False,False,True,6.230505425145542,5.8703529166666675,5.619047083333334,4.789010476190477,1.1053653987499898,5.350988785418655,5.338480171425167
2026-06-05,4.0,IEX,10.0,3031.5,13757.48,3038.3,4,6,0,0,False,False,True,4.528018943066783,5.8703529166666675,5.619047083333334,4.789010476190477,1.1053653987499898,5.350988785418655,5.338480171425167
2026-06-05,5.0,IEX,9.50016,3464.75,15005.0,3491.48,4,6,0,0,False,False,True,4.297604441962708,5.8703529166666675,5.619047083333334,4.789010476190477,1.1053653987499898,5.350988785418655,5.338480171425167
2026-06-05,12.0,IEX,1.0483,8470.9,15066.53,45371.75,4,6,0,1,False,False,True,0.33206852274111787,5.8703529166666675,5.619047083333334,4.789010476190477,1.1053653987499898,5.350988785418655,5.338480171425167
2026-06-05,7.0,IEX,4.840020000000001,5659.08,14994.4,8300.98,4,6,0,0,False,True,False,1.8063409358818587,5.8703529166666675,5.619047083333334,4.789010476190477,1.1053653987499898,5.350988785418655,5.338480171425167
2026-06-05,8.0,IEX,3.17877,5950.2,13618.9,19467.3,4,6,0,0,False,True,False,0.6995782667860575,5.8703529166666675,5.619047083333334,4.789010476190477,1.1053653987499898,5.350988785418655,5.338480171425167
2026-06-05,9.0,IEX,1.99972,6972.1,13320.5,32244.65,4,6,0,1,False,True,False,0.41310729053870726,5.8703529166666675,5.619047083333334,4.789010476190477,1.1053653987499898,5.350988785418655,5.338480171425167
2026-06-05,10.0,IEX,1.5668,8508.14,14766.7,41868.3,4,6,0,1,False,True,False,0.3526940429029375,5.8703529166666675,5.619047083333334,4.789010476190477,1.1053653987499898,5.350988785418655,5.338480171425167
2026-06-05,6.0,IEX,7.750100000000001,4173.35,15435.58,4367.13,4,6,0,0,False,True,False,3.5344906070245434,5.8703529166666675,5.619047083333334,4.789010476190477,1.1053653987499898,5.350988785418655,5.338480171425167
2026-06-06,14.0,IEX,1.04814,8001.67,10199.45,46330.25,5,6,1,1,False,False,True,0.22014666438878558,4.813677916666667,5.8703529166666675,4.907960238095238,1.0471968954403452,5.268325574841425,5.2964959910444875
2026-06-06,15.0,IEX,1.71365,8888.02,12214.25,37964.6,5,6,1,1,False,False,True,0.3217273459165308,4.813677916666667,5.8703529166666675,4.907960238095238,1.0471968954403452,5.268325574841425,5.2964959910444875
2026-06-06,16.0,IEX,2.65565,8016.63,12110.5,27698.7,5,6,1,1,False,False,True,0.43722268538334913,4.813677916666667,5.8703529166666675,4.907960238095238,1.0471968954403452,5.268325574841425,5.2964959910444875
2026-06-06,17.0,IEX,2.90923,7316.84,11627.0,22616.35,5,6,1,1,False,False,True,0.514097102090259,4.813677916666667,5.8703529166666675,4.907960238095238,1.0471968954403452,5.268325574841425,5.2964959910444875
2026-06-06,18.0,IEX,3.34506,6934.67,11721.25,15873.7,5,6,1,1,True,False,False,0.7384069241963708,4.813677916666667,5.8703529166666675,4.907960238095238,1.0471968954403452,5.268325574841425,5.2964959910444875
2026-06-06,20.0,IEX,7.95925,4779.85,13102.7,5079.85,5,6,1,1,True,False,False,2.5793478103106433,4.813677916666667,5.8703529166666675,4.907960238095238,1.0471968954403452,5.268325574841425,5.2964959910444875
2026-06-06,21.0,IEX,10.0,3404.95,14910.03,3411.75,5,6,1,1,True,False,False,4.370200031156444,4.813677916666667,5.8703529166666675,4.907960238095238,1.0471968954403452,5.268325574841425,5.2964959910444875
2026-06-06,22.0,IEX,10.0,2274.32,18963.08,2281.13,5,6,1,1,True,False,False,8.313020264899325,4.813677916666667,5.8703529166666675,4.907960238095238,1.0471968954403452,5.268325574841425,5.2964959910444875
2026-06-06,23.0,IEX,10.0,2441.28,23244.63,2448.1,5,6,1,0,False,False,True,9.494967487051316,4.813677916666667,5.8703529166666675,4.907960238095238,1.0471968954403452,5.268325574841425,5.2964959910444875
2026-06-06,13.0,IEX,1.04815,8080.47,10289.0,47652.15,5,6,1,1,False,False,True,0.21591890392859106,4.813677916666667,5.8703529166666675,4.907960238095238,1.0471968954403452,5.268325574841425,5.2964959910444875
2026-06-06,19.0,IEX,3.33433,4489.16,10098.75,9492.9,5,6,1,1,True,False,False,1.063821381175593,4.813677916666667,5.8703529166666675,4.907960238095238,1.0471968954403452,5.268325574841425,5.2964959910444875
2026-06-06,24.0,IEX,10.0,1765.03,23398.68,1771.83,5,6,1,0,False,False,True,13.20593954721424,4.813677916666667,5.8703529166666675,4.907960238095238,1.0471968954403452,5.268325574841425,5.2964959910444875
2026-06-06,12.0,IEX,1.04826,8700.89,11260.95,49233.98,5,6,1,1,False,False,True,0.22872312979191947,4.813677916666667,5.8703529166666675,4.907960238095238,1.0471968954403452,5.268325574841425,5.2964959910444875
2026-06-06,10.0,IEX,1.14108,9200.87,11811.63,46961.65,5,6,1,1,False,True,False,0.2515165033060983,4.813677916666667,5.8703529166666675,4.907960238095238,1.0471968954403452,5.268325574841425,5.2964959910444875
2026-06-06,9.0,IEX,1.97667,7722.08,11310.63,37011.85,5,6,1,1,False,True,False,0.3055948296814142,4.813677916666667,5.8703529166666675,4.907960238095238,1.0471968954403452,5.268325574841425,5.2964959910444875
2026-06-06,8.0,IEX,2.92734,6520.58,11130.7,23238.83,5,6,1,0,False,True,False,0.4789698962990091,4.813677916666667,5.8703529166666675,4.907960238095238,1.0471968954403452,5.268325574841425,5.2964959910444875
2026-06-06,7.0,IEX,3.79504,7419.45,13649.35,13773.5,5,6,1,0,False,True,False,0.9909863135797101,4.813677916666667,5.8703529166666675,4.907960238095238,1.0471968954403452,5.268325574841425,5.2964959910444875
2026-06-06,6.0,IEX,4.5651,6902.34,14739.65,8529.78,5,6,1,0,False,True,False,1.7280222916323489,4.813677916666667,5.8703529166666675,4.907960238095238,1.0471968954403452,5.268325574841425,5.2964959910444875
2026-06-06,5.0,IEX,4.7773,6523.65,14370.8,7582.78,5,6,1,0,False,False,True,1.8951888332574744,4.813677916666667,5.8703529166666675,4.907960238095238,1.0471968954403452,5.268325574841425,5.2964959910444875
2026-06-06,4.0,IEX,4.435560000000001,4946.38,12703.48,6691.1,5,6,1,0,False,False,True,1.8985637609682058,4.813677916666667,5.8703529166666675,4.907960238095238,1.0471968954403452,5.268325574841425,5.2964959910444875
2026-06-06,3.0,IEX,5.80019,5126.08,13637.0,5582.5,5,6,1,0,False,False,True,2.4428123556779,4.813677916666667,5.8703529166666675,4.907960238095238,1.0471968954403452,5.268325574841425,5.2964959910444875
2026-06-06,2.0,IEX,10.0,3470.67,15444.98,3477.48,5,6,1,0,False,False,True,4.441428838005024,4.813677916666667,5.8703529166666675,4.907960238095238,1.0471968954403452,5.268325574841425,5.2964959910444875
2026-06-06,1.0,IEX,10.0,2580.47,17905.68,2587.28,5,6,1,0,False,False,True,6.92065796156327,4.813677916666667,5.8703529166666675,4.907960238095238,1.0471968954403452,5.268325574841425,5.2964959910444875
2026-06-06,11.0,IEX,1.04827,9007.08,11535.35,48908.35,5,6,1,1,False,False,True,0.23585645391106907,4.813677916666667,5.8703529166666675,4.907960238095238,1.0471968954403452,5.268325574841425,5.2964959910444875
2026-06-07,15.0,IEX,1.30163,7562.95,10772.6,39915.45,6,6,1,1,False,False,True,0.2698854703454714,4.59262125,4.813677916666667,5.161469047619048,0.5570180939632716,5.16437106332736,5.240186011760929
2026-06-07,16.0,IEX,2.00292,6751.03,10340.3,29258.4,6,6,1,1,False,False,True,0.3534130368190287,4.59262125,4.813677916666667,5.161469047619048,0.5570180939632716,5.16437106332736,5.240186011760929
2026-06-07,17.0,IEX,2.44543,6051.75,9901.7,22415.8,6,6,1,1,False,False,True,0.44172860194963887,4.59262125,4.813677916666667,5.161469047619048,0.5570180939632716,5.16437106332736,5.240186011760929
2026-06-07,18.0,IEX,3.13966,6207.6,9455.2,16122.2,6,6,1,1,True,False,False,0.5864708286794167,4.59262125,4.813677916666667,5.161469047619048,0.5570180939632716,5.16437106332736,5.240186011760929
2026-06-07,24.0,IEX,10.0,1789.99,17777.55,1796.8,6,6,1,0,False,False,True,9.89400595562107,4.59262125,4.813677916666667,5.161469047619048,0.5570180939632716,5.16437106332736,5.240186011760929
2026-06-07,23.0,IEX,10.0,2579.62,18940.5,2586.43,6,6,1,0,False,False,True,7.323028238448254,4.59262125,4.813677916666667,5.161469047619048,0.5570180939632716,5.16437106332736,5.240186011760929
2026-06-07,20.0,IEX,4.51022,4468.75,9173.63,7192.78,6,6,1,1,True,False,False,1.2753942129810807,4.59262125,4.813677916666667,5.161469047619048,0.5570180939632716,5.16437106332736,5.240186011760929
2026-06-07,21.0,IEX,7.1626,3682.75,10396.13,4446.83,6,6,1,1,True,False,False,2.3378743906605957,4.59262125,4.813677916666667,5.161469047619048,0.5570180939632716,5.16437106332736,5.240186011760929
2026-06-07,22.0,IEX,10.0,2628.75,12900.05,2642.55,6,6,1,1,True,False,False,4.88166731043247,4.59262125,4.813677916666667,5.161469047619048,0.5570180939632716,5.16437106332736,5.240186011760929
2026-06-07,14.0,IEX,0.63685,7855.38,9169.68,45390.98,6,6,1,1,False,False,True,0.20201546646447915,4.59262125,4.813677916666667,5.161469047619048,0.5570180939632716,5.16437106332736,5.240186011760929
2026-06-07,19.0,IEX,1.97738,4120.98,7875.4,12037.9,6,6,1,1,True,False,False,0.6542170971230721,4.59262125,4.813677916666667,5.161469047619048,0.5570180939632716,5.16437106332736,5.240186011760929
2026-06-07,13.0,IEX,0.49999,7665.67,8994.08,45784.3,6,6,1,1,False,False,True,0.19644463272422102,4.59262125,4.813677916666667,5.161469047619048,0.5570180939632716,5.16437106332736,5.240186011760929
2026-06-07,6.0,IEX,5.62111,6198.4,12412.58,6717.05,6,6,1,0,False,True,False,1.8479213317633167,4.59262125,4.813677916666667,5.161469047619048,0.5570180939632716,5.16437106332736,5.240186011760929
2026-06-07,11.0,IEX,1.03608,7700.89,9837.35,46545.4,6,6,1,1,False,False,True,0.2113495640361132,4.59262125,4.813677916666667,5.161469047619048,0.5570180939632716,5.16437106332736,5.240186011760929
2026-06-07,10.0,IEX,1.30036,7645.81,10042.18,43599.2,6,6,1,1,False,True,False,0.23032945553351222,4.59262125,4.813677916666667,5.161469047619048,0.5570180939632716,5.16437106332736,5.240186011760929
2026-06-07,9.0,IEX,1.79436,6798.75,9917.88,34039.88,6,6,1,1,False,True,False,0.29136060400584235,4.59262125,4.813677916666667,5.161469047619048,0.5570180939632716,5.16437106332736,5.240186011760929
2026-06-07,8.0,IEX,2.54596,6013.6,9852.2,21468.88,6,6,1,0,False,True,False,0.45890610015105304,4.59262125,4.813677916666667,5.161469047619048,0.5570180939632716,5.16437106332736,5.240186011760929
2026-06-07,7.0,IEX,4.28708,7295.14,12398.03,10800.3,6,6,1,0,False,True,False,1.1479338526263774,4.59262125,4.813677916666667,5.161469047619048,0.5570180939632716,5.16437106332736,5.240186011760929
2026-06-07,5.0,IEX,6.7503400000000005,5424.9,12639.08,5636.53,6,6,1,0,False,False,True,2.242351229848238,4.59262125,4.813677916666667,5.161469047619048,0.5570180939632716,5.16437106332736,5.240186011760929
2026-06-07,4.0,IEX,4.65457,3971.63,10264.68,4745.85,6,6,1,0,False,False,True,2.1628749282786544,4.59262125,4.813677916666667,5.161469047619048,0.5570180939632716,5.16437106332736,5.240186011760929
2026-06-07,3.0,IEX,8.04991,2921.4,10919.73,3040.53,6,6,1,0,False,False,True,3.59139030500804,4.59262125,4.813677916666667,5.161469047619048,0.5570180939632716,5.16437106332736,5.240186011760929
2026-06-07,2.0,IEX,10.0,2557.97,13433.95,2564.78,6,6,1,0,False,False,True,5.237856637848639,4.59262125,4.813677916666667,5.161469047619048,0.5570180939632716,5.16437106332736,5.240186011760929
2026-06-07,1.0,IEX,10.0,2195.5,17316.6,2202.3,6,6,1,0,False,False,True,7.862961413690406,4.59262125,4.813677916666667,5.161469047619048,0.5570180939632716,5.16437106332736,5.240186011760929
2026-06-07,12.0,IEX,0.50646,7727.94,9391.0,46899.25,6,6,1,1,False,False,True,0.20023774363124403,4.59262125,4.813677916666667,5.161469047619048,0.5570180939632716,5.16437106332736,5.240186011760929
2026-06-08,15.0,IEX,2.09139,8899.13,14045.55,34836.4,0,6,0,1,False,False,True,0.403186035180677,5.29412375,4.59262125,5.286440357142857,0.45076028529216655,5.184333015123151,5.244501030820055
2026-06-08,16.0,IEX,2.7163000000000004,7266.53,13925.6,25429.33,0,6,0,1,False,False,True,0.5476196185477086,5.29412375,4.59262125,5.286440357142857,0.45076028529216655,5.184333015123151,5.244501030820055
2026-06-08,17.0,IEX,3.01655,6426.43,13620.9,18869.28,0,6,0,1,False,False,True,0.7218558414937635,5.29412375,4.59262125,5.286440357142857,0.45076028529216655,5.184333015123151,5.244501030820055
2026-06-08,18.0,IEX,3.53763,6128.55,11795.88,12634.1,0,6,0,1,True,False,False,0.9336541574519323,5.29412375,4.59262125,5.286440357142857,0.45076028529216655,5.184333015123151,5.244501030820055
2026-06-08,19.0,IEX,4.05923,4390.85,10490.78,7485.3,0,6,0,1,True,False,False,1.401517639371144,5.29412375,4.59262125,5.286440357142857,0.45076028529216655,5.184333015123151,5.244501030820055
2026-06-08,24.0,IEX,10.0,1111.43,34251.13,1118.23,0,6,0,0,False,False,True,30.629771776559636,5.29412375,4.59262125,5.286440357142857,0.45076028529216655,5.184333015123151,5.244501030820055
2026-06-08,21.0,IEX,10.0,2381.2,18044.45,2388.0,0,6,0,1,True,False,False,7.556302313415819,5.29412375,4.59262125,5.286440357142857,0.45076028529216655,5.184333015123151,5.244501030820055
2026-06-08,22.0,IEX,10.0,2036.47,25013.43,2043.28,0,6,0,1,True,False,False,12.241802336234866,5.29412375,4.59262125,5.286440357142857,0.45076028529216655,5.184333015123151,5.244501030820055
2026-06-08,23.0,IEX,10.0,1486.2,35056.53,1493.0,0,6,0,0,False,False,True,23.480595957933048,5.29412375,4.59262125,5.286440357142857,0.45076028529216655,5.184333015123151,5.244501030820055
2026-06-08,14.0,IEX,1.12152,7917.14,11361.65,40841.03,0,6,0,1,False,False,True,0.27819205336442493,5.29412375,4.59262125,5.286440357142857,0.45076028529216655,5.184333015123151,5.244501030820055
2026-06-08,20.0,IEX,10.0,2721.77,14071.6,2728.58,0,6,0,1,True,False,False,5.157114670791714,5.29412375,4.59262125,5.286440357142857,0.45076028529216655,5.184333015123151,5.244501030820055
2026-06-08,13.0,IEX,1.0485,7708.6,11007.63,41694.18,0,6,0,1,False,False,True,0.2640087896526544,5.29412375,4.59262125,5.286440357142857,0.45076028529216655,5.184333015123151,5.244501030820055
2026-06-08,12.0,IEX,1.04826,7695.34,11343.8,43917.2,0,6,0,1,False,False,True,0.25829970939442864,5.29412375,4.59262125,5.286440357142857,0.45076028529216655,5.184333015123151,5.244501030820055
2026-06-08,11.0,IEX,1.04825,7866.84,11159.43,45163.63,0,6,0,1,False,False,True,0.24708886326296428,5.29412375,4.59262125,5.286440357142857,0.45076028529216655,5.184333015123151,5.244501030820055
2026-06-08,2.0,IEX,10.0,2931.1,12685.95,2931.1,0,6,0,0,False,False,True,4.328050887625633,5.29412375,4.59262125,5.286440357142857,0.45076028529216655,5.184333015123151,5.244501030820055
2026-06-08,3.0,IEX,10.0,3456.7,11226.6,3481.7,0,6,0,0,False,False,True,3.2244593065902882,5.29412375,4.59262125,5.286440357142857,0.45076028529216655,5.184333015123151,5.244501030820055
2026-06-08,4.0,IEX,6.68328,3753.4,10666.68,4270.3,0,6,0,0,False,False,True,2.497876021595963,5.29412375,4.59262125,5.286440357142857,0.45076028529216655,5.184333015123151,5.244501030820055
2026-06-08,5.0,IEX,5.588550000000001,4359.15,12147.33,5165.63,0,6,0,0,False,False,True,2.351567955212495,5.29412375,4.59262125,5.286440357142857,0.45076028529216655,5.184333015123151,5.244501030820055
2026-06-08,1.0,IEX,10.0,1744.19,17915.5,1744.2,0,6,0,0,False,False,True,10.271471102674743,5.29412375,4.59262125,5.286440357142857,0.45076028529216655,5.184333015123151,5.244501030820055
2026-06-08,7.0,IEX,4.39236,5527.8,12764.83,9035.4,0,6,0,0,False,True,False,1.4127575963291525,5.29412375,4.59262125,5.286440357142857,0.45076028529216655,5.184333015123151,5.244501030820055
2026-06-08,8.0,IEX,2.6295300000000004,5393.13,10832.73,18695.23,0,6,0,0,False,True,False,0.5794381772358841,5.29412375,4.59262125,5.286440357142857,0.45076028529216655,5.184333015123151,5.244501030820055
2026-06-08,9.0,IEX,1.99912,7189.08,11292.78,31862.35,0,6,0,1,False,True,False,0.35442395166884305,5.29412375,4.59262125,5.286440357142857,0.45076028529216655,5.184333015123151,5.244501030820055
2026-06-08,10.0,IEX,1.46376,7912.33,11450.15,41605.28,0,6,0,1,False,True,False,0.27520905993777495,5.29412375,4.59262125,5.286440357142857,0.45076028529216655,5.184333015123151,5.244501030820055
2026-06-08,6.0,IEX,4.614739999999999,4566.28,12426.88,6333.13,0,6,0,0,False,True,False,1.962201941279901,5.29412375,4.59262125,5.286440357142857,0.45076028529216655,5.184333015123151,5.244501030820055
2026-06-09,14.0,IEX,1.20072,8657.87,11504.33,44812.13,1,6,0,1,False,False,True,0.2567235701010589,5.232112916666667,5.29412375,5.279773988095238,0.4512373131836507,5.191683769206769,5.243509981687784
2026-06-09,23.0,IEX,10.0,2642.15,26747.4,2648.95,1,6,0,0,False,False,True,10.097359292937355,5.232112916666667,5.29412375,5.279773988095238,0.4512373131836507,5.191683769206769,5.243509981687784
2026-06-09,22.0,IEX,10.0,3389.1,22691.6,3395.9,1,6,0,1,True,False,False,6.682057755876032,5.232112916666667,5.29412375,5.279773988095238,0.4512373131836507,5.191683769206769,5.243509981687784
2026-06-09,21.0,IEX,10.0,3361.5,16733.9,3368.3,1,6,0,1,True,False,False,4.968055087230784,5.232112916666667,5.29412375,5.279773988095238,0.4512373131836507,5.191683769206769,5.243509981687784
2026-06-09,20.0,IEX,10.0,4361.87,13595.25,4368.68,1,6,0,1,True,False,False,3.111981186280567,5.232112916666667,5.29412375,5.279773988095238,0.4512373131836507,5.191683769206769,5.243509981687784
2026-06-09,19.0,IEX,4.00543,4858.33,9794.7,8567.85,1,6,0,1,True,False,False,1.1431922814437785,5.232112916666667,5.29412375,5.279773988095238,0.4512373131836507,5.191683769206769,5.243509981687784
2026-06-09,18.0,IEX,3.61627,6973.47,11082.6,14334.13,1,6,0,1,True,False,False,0.7731616772185256,5.232112916666667,5.29412375,5.279773988095238,0.4512373131836507,5.191683769206769,5.243509981687784
2026-06-09,17.0,IEX,3.28382,7506.75,12895.28,22253.03,1,6,0,1,False,False,True,0.5794842317745116,5.232112916666667,5.29412375,5.279773988095238,0.4512373131836507,5.191683769206769,5.243509981687784
2026-06-09,16.0,IEX,3.05331,8215.05,13897.35,27734.8,1,6,0,1,False,False,True,0.5010798705953965,5.232112916666667,5.29412375,5.279773988095238,0.4512373131836507,5.191683769206769,5.243509981687784
2026-06-09,15.0,IEX,2.2145900000000003,9560.73,14373.28,37996.78,1,6,0,1,False,False,True,0.3782762643628549,5.232112916666667,5.29412375,5.279773988095238,0.4512373131836507,5.191683769206769,5.243509981687784
2026-06-09,13.0,IEX,1.04886,9221.63,10970.2,45884.05,1,6,0,1,False,False,True,0.2390852594225912,5.232112916666667,5.29412375,5.279773988095238,0.4512373131836507,5.191683769206769,5.243509981687784
2026-06-09,24.0,IEX,10.0,1824.74,27767.88,1831.55,1,6,0,0,False,False,True,15.160863666507256,5.232112916666667,5.29412375,5.279773988095238,0.4512373131836507,5.191683769206769,5.243509981687784
2026-06-09,11.0,IEX,1.04838,8125.46,10683.1,48066.95,1,6,0,1,False,False,True,0.22225458444476828,5.232112916666667,5.29412375,5.279773988095238,0.4512373131836507,5.191683769206769,5.243509981687784
2026-06-09,1.0,IEX,10.0,2243.09,17084.83,2249.9,1,6,0,0,False,False,True,7.593595237150116,5.232112916666667,5.29412375,5.279773988095238,0.4512373131836507,5.191683769206769,5.243509981687784
2026-06-09,2.0,IEX,10.0,3001.98,13539.8,3008.78,1,6,0,0,False,False,True,4.500096369624576,5.232112916666667,5.29412375,5.279773988095238,0.4512373131836507,5.191683769206769,5.243509981687784
2026-06-09,3.0,IEX,8.00023,4309.92,11720.75,4599.43,1,6,0,0,False,False,True,2.548304893110005,5.232112916666667,5.29412375,5.279773988095238,0.4512373131836507,5.191683769206769,5.243509981687784
2026-06-09,4.0,IEX,5.03951,4181.18,10462.6,5590.0,1,6,0,0,False,False,True,1.871663681803822,5.232112916666667,5.29412375,5.279773988095238,0.4512373131836507,5.191683769206769,5.243509981687784
2026-06-09,5.0,IEX,5.596229999999999,5323.03,11640.98,6528.05,1,6,0,0,False,False,True,1.7832246968340857,5.232112916666667,5.29412375,5.279773988095238,0.4512373131836507,5.191683769206769,5.243509981687784
2026-06-09,12.0,IEX,1.0483399999999998,8035.41,11019.38,47641.63,1,6,0,1,False,False,True,0.23129729183671982,5.232112916666667,5.29412375,5.279773988095238,0.4512373131836507,5.191683769206769,5.243509981687784
2026-06-09,7.0,IEX,4.53701,6399.0,11944.75,9576.58,1,6,0,0,False,True,False,1.247287652536409,5.232112916666667,5.29412375,5.279773988095238,0.4512373131836507,5.191683769206769,5.243509981687784
2026-06-09,8.0,IEX,3.33148,5904.39,10176.63,19976.1,1,6,0,0,False,True,False,0.5094402808809326,5.232112916666667,5.29412375,5.279773988095238,0.4512373131836507,5.191683769206769,5.243509981687784
2026-06-09,9.0,IEX,2.30038,7914.54,10807.68,35142.05,1,6,0,1,False,True,False,0.30754267314868006,5.232112916666667,5.29412375,5.279773988095238,0.4512373131836507,5.191683769206769,5.243509981687784
2026-06-09,10.0,IEX,1.22383,8640.59,10827.03,45212.65,1,6,0,1,False,True,False,0.23946904234999075,5.232112916666667,5.29412375,5.279773988095238,0.4512373131836507,5.191683769206769,5.243509981687784
2026-06-09,6.0,IEX,5.02232,5277.28,11652.65,6622.58,1,6,0,0,False,True,False,1.7595332910141768,5.232112916666667,5.29412375,5.279773988095238,0.4512373131836507,5.191683769206769,5.243509981687784
2026-06-10,14.0,IEX,1.6131300000000002,9684.52,12677.15,43696.78,2,6,0,1,False,False,True,0.29011634260233443,5.428420416666667,5.232112916666667,5.264336607142858,0.4427601311294837,5.228104791892907,5.258302816486095
2026-06-10,23.0,IEX,10.0,1878.65,28666.55,1885.45,2,6,0,0,False,False,True,15.204089128833493,5.428420416666667,5.232112916666667,5.264336607142858,0.4427601311294837,5.228104791892907,5.258302816486095
2026-06-10,22.0,IEX,10.0,2768.75,25728.05,2775.55,2,6,0,1,True,False,False,9.269532131399064,5.428420416666667,5.232112916666667,5.264336607142858,0.4427601311294837,5.228104791892907,5.258302816486095
2026-06-10,21.0,IEX,10.0,2992.03,19521.63,2998.83,2,6,0,1,True,False,False,6.509748780325165,5.428420416666667,5.232112916666667,5.264336607142858,0.4427601311294837,5.228104791892907,5.258302816486095
2026-06-10,20.0,IEX,10.0,3806.62,15563.88,3813.43,2,6,0,1,True,False,False,4.081333591854751,5.428420416666667,5.232112916666667,5.264336607142858,0.4427601311294837,5.228104791892907,5.258302816486095
2026-06-10,19.0,IEX,4.178319999999999,4992.46,11658.65,7478.63,2,6,0,1,True,False,False,1.5589285717318164,5.428420416666667,5.232112916666667,5.264336607142858,0.4427601311294837,5.228104791892907,5.258302816486095
2026-06-10,18.0,IEX,3.5889,7013.61,12463.2,13237.68,2,6,0,1,True,False,False,0.9414942792532421,5.428420416666667,5.232112916666667,5.264336607142858,0.4427601311294837,5.228104791892907,5.258302816486095
2026-06-10,17.0,IEX,3.41915,8011.73,13798.53,20938.8,2,6,0,1,False,False,True,0.6589933517398355,5.428420416666667,5.232112916666667,5.264336607142858,0.4427601311294837,5.228104791892907,5.258302816486095
2026-06-10,16.0,IEX,3.23145,8663.81,15250.9,27214.08,2,6,0,1,False,False,True,0.560404760858936,5.428420416666667,5.232112916666667,5.264336607142858,0.4427601311294837,5.228104791892907,5.258302816486095
2026-06-10,15.0,IEX,2.47969,10365.3,15718.73,37408.83,2,6,0,1,False,False,True,0.4201876935418221,5.428420416666667,5.232112916666667,5.264336607142858,0.4427601311294837,5.228104791892907,5.258302816486095
2026-06-10,13.0,IEX,1.10732,8895.16,11770.2,44467.23,2,6,0,1,False,False,True,0.26469379804752985,5.428420416666667,5.232112916666667,5.264336607142858,0.4427601311294837,5.228104791892907,5.258302816486095
2026-06-10,24.0,IEX,10.0,1577.67,28616.45,1584.48,2,6,0,0,False,False,True,18.060467673555568,5.428420416666667,5.232112916666667,5.264336607142858,0.4427601311294837,5.228104791892907,5.258302816486095
2026-06-10,11.0,IEX,1.20134,8624.9,11590.33,46085.0,2,6,0,1,False,False,True,0.25149896924129345,5.428420416666667,5.232112916666667,5.264336607142858,0.4427601311294837,5.228104791892907,5.258302816486095
2026-06-10,1.0,IEX,10.0,1868.79,21010.53,1875.6,2,6,0,0,False,False,True,11.202031290242955,5.428420416666667,5.232112916666667,5.264336607142858,0.4427601311294837,5.228104791892907,5.258302816486095
2026-06-10,2.0,IEX,10.0,2636.23,14306.93,2643.03,2,6,0,0,False,False,True,5.413078907870592,5.428420416666667,5.232112916666667,5.264336607142858,0.4427601311294837,5.228104791892907,5.258302816486095
2026-06-10,3.0,IEX,10.0,2913.28,12140.3,2920.08,2,6,0,0,False,False,True,4.157523067321706,5.428420416666667,5.232112916666667,5.264336607142858,0.4427601311294837,5.228104791892907,5.258302816486095
2026-06-10,4.0,IEX,6.06233,3042.26,11225.2,3676.6,2,6,0,0,False,False,True,3.053146920923824,5.428420416666667,5.232112916666667,5.264336607142858,0.4427601311294837,5.228104791892907,5.258302816486095
2026-06-10,5.0,IEX,6.12432,3889.5,11551.08,4468.08,2,6,0,0,False,False,True,2.58524466306502,5.428420416666667,5.232112916666667,5.264336607142858,0.4427601311294837,5.228104791892907,5.258302816486095
2026-06-10,12.0,IEX,1.09261,8503.22,11768.7,46242.55,2,6,0,1,False,False,True,0.25449937335754635,5.428420416666667,5.232112916666667,5.264336607142858,0.4427601311294837,5.228104791892907,5.258302816486095
2026-06-10,7.0,IEX,4.30309,5324.77,12151.7,9599.95,2,6,0,0,False,True,False,1.265808674768297,5.428420416666667,5.232112916666667,5.264336607142858,0.4427601311294837,5.228104791892907,5.258302816486095
2026-06-10,8.0,IEX,2.97769,5470.53,11083.08,19079.5,2,6,0,0,False,True,False,0.5808894360015255,5.428420416666667,5.232112916666667,5.264336607142858,0.4427601311294837,5.228104791892907,5.258302816486095
2026-06-10,9.0,IEX,2.25856,7751.36,10849.53,33718.58,2,6,0,1,False,True,False,0.3217671087211362,5.428420416666667,5.232112916666667,5.264336607142858,0.4427601311294837,5.228104791892907,5.258302816486095
2026-06-10,10.0,IEX,1.57941,8723.0,11640.98,43178.38,2,6,0,1,False,True,False,0.2696020554106935,5.428420416666667,5.232112916666667,5.264336607142858,0.4427601311294837,5.228104791892907,5.258302816486095
2026-06-10,6.0,IEX,5.06478,4387.75,11520.03,5281.9,2,6,0,0,False,True,False,2.181039015920334,5.428420416666667,5.232112916666667,5.264336607142858,0.4427601311294837,5.228104791892907,5.258302816486095
2026-06-11,14.0,IEX,1.45932,9342.41,11838.85,42178.45,3,6,0,1,False,False,True,0.28068480461451645,4.5864658333333335,5.428420416666667,5.1168249999999995,0.4756733379606099,5.129391105960665,5.204555857833874
2026-06-11,15.0,IEX,2.33064,10085.01,13551.15,35073.3,3,6,0,1,False,False,True,0.3863665522245221,4.5864658333333335,5.428420416666667,5.1168249999999995,0.4756733379606099,5.129391105960665,5.204555857833874
2026-06-11,16.0,IEX,3.07381,8724.02,13700.23,26230.1,3,6,0,1,False,False,True,0.522309483943138,4.5864658333333335,5.428420416666667,5.1168249999999995,0.4756733379606099,5.129391105960665,5.204555857833874
2026-06-11,17.0,IEX,3.20509,7848.08,13120.98,22554.3,3,6,0,1,False,False,True,0.5817507080327251,4.5864658333333335,5.428420416666667,5.1168249999999995,0.4756733379606099,5.129391105960665,5.204555857833874
2026-06-11,18.0,IEX,3.40817,8052.88,12822.53,17160.93,3,6,0,1,True,False,False,0.7471931878125526,4.5864658333333335,5.428420416666667,5.1168249999999995,0.4756733379606099,5.129391105960665,5.204555857833874
2026-06-11,20.0,IEX,5.50342,4862.86,11706.8,6929.13,3,6,0,1,True,False,False,1.6895050292179465,4.5864658333333335,5.428420416666667,5.1168249999999995,0.4756733379606099,5.129391105960665,5.204555857833874
2026-06-11,21.0,IEX,8.89988,4036.15,11834.73,4874.8,3,6,0,1,True,False,False,2.427736517543824,4.5864658333333335,5.428420416666667,5.1168249999999995,0.4756733379606099,5.129391105960665,5.204555857833874
2026-06-11,22.0,IEX,10.0,3663.1,16742.83,4114.5,3,6,0,1,True,False,False,4.0692258984828635,4.5864658333333335,5.428420416666667,5.1168249999999995,0.4756733379606099,5.129391105960665,5.204555857833874
2026-06-11,23.0,IEX,10.0,3302.44,22298.08,3748.85,3,6,0,0,False,False,True,5.94797869760599,4.5864658333333335,5.428420416666667,5.1168249999999995,0.4756733379606099,5.129391105960665,5.204555857833874
2026-06-11,13.0,IEX,1.15201,9384.24,12058.0,44992.35,3,6,0,1,False,False,True,0.2680011156856663,4.5864658333333335,5.428420416666667,5.1168249999999995,0.4756733379606099,5.129391105960665,5.204555857833874
2026-06-11,19.0,IEX,3.27231,4423.68,9663.75,11485.0,3,6,0,1,True,False,False,0.8414235952621475,4.5864658333333335,5.428420416666667,5.1168249999999995,0.4756733379606099,5.129391105960665,5.204555857833874
2026-06-11,24.0,IEX,10.0,2676.65,15951.85,2935.75,3,6,0,0,False,False,True,5.433654073290797,4.5864658333333335,5.428420416666667,5.1168249999999995,0.4756733379606099,5.129391105960665,5.204555857833874
2026-06-11,12.0,IEX,1.1503,9020.12,11941.4,48753.05,3,6,0,1,False,False,True,0.2449364705910837,4.5864658333333335,5.428420416666667,5.1168249999999995,0.4756733379606099,5.129391105960665,5.204555857833874
2026-06-11,10.0,IEX,1.36348,7984.48,10555.6,46349.98,3,6,0,1,False,True,False,0.22773688354822655,4.5864658333333335,5.428420416666667,5.1168249999999995,0.4756733379606099,5.129391105960665,5.204555857833874
2026-06-11,9.0,IEX,2.10935,7731.05,10246.08,35534.85,3,6,0,1,False,True,False,0.2883389122823541,4.5864658333333335,5.428420416666667,5.1168249999999995,0.4756733379606099,5.129391105960665,5.204555857833874
2026-06-11,8.0,IEX,3.17194,5953.91,10739.38,21763.63,3,6,0,0,False,True,False,0.493455365445261,4.5864658333333335,5.428420416666667,5.1168249999999995,0.4756733379606099,5.129391105960665,5.204555857833874
2026-06-11,7.0,IEX,3.96722,6083.3,12149.73,12987.7,3,6,0,0,False,True,False,0.9354797224023654,4.5864658333333335,5.428420416666667,5.1168249999999995,0.4756733379606099,5.129391105960665,5.204555857833874
2026-06-11,6.0,IEX,4.40699,4929.9,11531.8,7934.53,3,6,0,0,False,True,False,1.453369006792628,4.5864658333333335,5.428420416666667,5.1168249999999995,0.4756733379606099,5.129391105960665,5.204555857833874
2026-06-11,5.0,IEX,4.22762,3974.62,10596.1,7155.05,3,6,0,0,False,False,True,1.4809260571471534,4.5864658333333335,5.428420416666667,5.1168249999999995,0.4756733379606099,5.129391105960665,5.204555857833874
2026-06-11,4.0,IEX,4.05292,2725.98,9471.53,5523.1,3,6,0,0,False,False,True,1.714893806530945,4.5864658333333335,5.428420416666667,5.1168249999999995,0.4756733379606099,5.129391105960665,5.204555857833874
2026-06-11,3.0,IEX,4.343520000000001,2942.85,9825.43,5324.05,3,6,0,0,False,False,True,1.845480410879912,4.5864658333333335,5.428420416666667,5.1168249999999995,0.4756733379606099,5.129391105960665,5.204555857833874
2026-06-11,2.0,IEX,7.62506,3445.98,11460.2,4115.45,3,6,0,0,False,False,True,2.784677246024913,4.5864658333333335,5.428420416666667,5.1168249999999995,0.4756733379606099,5.129391105960665,5.204555857833874
2026-06-11,1.0,IEX,10.0,2742.5,14728.78,2808.3,3,6,0,0,False,False,True,5.244731669534125,4.5864658333333335,5.428420416666667,5.1168249999999995,0.4756733379606099,5.129391105960665,5.204555857833874
2026-06-11,11.0,IEX,1.35213,8910.32,11781.48,49632.28,3,6,0,1,False,False,True,0.23737535325047016,4.5864658333333335,5.428420416666667,5.1168249999999995,0.4756733379606099,5.129391105960665,5.204555857833874
2026-06-12,15.0,IEX,1.84613,8016.85,11067.55,42102.4,4,6,0,1,False,False,True,0.2628721877463346,3.7550558333333335,4.5864658333333335,4.814639702380952,0.5780700664117513,4.9179549101718445,5.088595855873831
2026-06-12,16.0,IEX,2.51899,7059.31,11360.25,31522.68,4,6,0,1,False,False,True,0.3603833809941339,3.7550558333333335,4.5864658333333335,4.814639702380952,0.5780700664117513,4.9179549101718445,5.088595855873831
2026-06-12,17.0,IEX,2.66039,6983.78,12080.55,26415.18,4,6,0,1,False,False,True,0.45733362390211474,3.7550558333333335,4.5864658333333335,4.814639702380952,0.5780700664117513,4.9179549101718445,5.088595855873831
2026-06-12,18.0,IEX,2.82838,6189.35,11604.38,18747.38,4,6,0,1,True,False,False,0.6189867594197233,3.7550558333333335,4.5864658333333335,4.814639702380952,0.5780700664117513,4.9179549101718445,5.088595855873831
2026-06-12,14.0,IEX,1.09238,7055.85,9082.88,51283.3,4,6,0,1,False,False,True,0.1771118472919816,3.7550558333333335,4.5864658333333335,4.814639702380952,0.5780700664117513,4.9179549101718445,5.088595855873831
2026-06-12,20.0,IEX,4.83371,4901.3,11970.23,6724.3,4,6,0,1,True,False,False,1.7801451425722452,3.7550558333333335,4.5864658333333335,4.814639702380952,0.5780700664117513,4.9179549101718445,5.088595855873831
2026-06-12,21.0,IEX,6.05018,3722.1,11293.08,4858.2,4,6,0,1,True,False,False,2.324539948284262,3.7550558333333335,4.5864658333333335,4.814639702380952,0.5780700664117513,4.9179549101718445,5.088595855873831
2026-06-12,22.0,IEX,9.74962,3763.97,13152.1,4688.8,4,6,0,1,True,False,False,2.8050034064046168,3.7550558333333335,4.5864658333333335,4.814639702380952,0.5780700664117513,4.9179549101718445,5.088595855873831
2026-06-12,23.0,IEX,10.0,3555.13,14764.03,4001.53,4,6,0,0,False,False,True,3.6895962202217745,3.7550558333333335,4.5864658333333335,4.814639702380952,0.5780700664117513,4.9179549101718445,5.088595855873831
2026-06-12,19.0,IEX,3.41927,5057.3,10920.6,11828.7,4,6,0,1,True,False,False,0.923229094555421,3.7550558333333335,4.5864658333333335,4.814639702380952,0.5780700664117513,4.9179549101718445,5.088595855873831
2026-06-12,13.0,IEX,1.09205,6599.85,8670.48,53296.6,4,6,0,1,False,False,True,0.1626835482633632,3.7550558333333335,4.5864658333333335,4.814639702380952,0.5780700664117513,4.9179549101718445,5.088595855873831
2026-06-12,24.0,IEX,10.0,3035.87,14093.63,3294.98,4,6,0,0,False,False,True,4.277303642883101,3.7550558333333335,4.5864658333333335,4.814639702380952,0.5780700664117513,4.9179549101718445,5.088595855873831
2026-06-12,11.0,IEX,0.94001,6778.05,8665.75,55119.5,4,6,0,1,False,False,True,0.15721750013022295,3.7550558333333335,4.5864658333333335,4.814639702380952,0.5780700664117513,4.9179549101718445,5.088595855873831
2026-06-12,1.0,IEX,6.06292,2940.08,11163.08,4276.83,4,6,0,0,False,False,True,2.6101294589447575,3.7550558333333335,4.5864658333333335,4.814639702380952,0.5780700664117513,4.9179549101718445,5.088595855873831
2026-06-12,2.0,IEX,4.38995,3060.15,10029.45,5399.98,4,6,0,0,False,False,True,1.8573124310510183,3.7550558333333335,4.5864658333333335,4.814639702380952,0.5780700664117513,4.9179549101718445,5.088595855873831
2026-06-12,3.0,IEX,3.57676,3590.83,10043.7,8782.53,4,6,0,0,False,False,True,1.1435998497658422,3.7550558333333335,4.5864658333333335,4.814639702380952,0.5780700664117513,4.9179549101718445,5.088595855873831
2026-06-12,4.0,IEX,3.40368,4100.38,10387.53,11264.7,4,6,0,0,False,False,True,0.922131081234182,3.7550558333333335,4.5864658333333335,4.814639702380952,0.5780700664117513,4.9179549101718445,5.088595855873831
2026-06-12,5.0,IEX,3.38837,4935.88,11194.08,13689.65,4,6,0,0,False,False,True,0.8177038851850092,3.7550558333333335,4.5864658333333335,4.814639702380952,0.5780700664117513,4.9179549101718445,5.088595855873831
2026-06-12,12.0,IEX,1.04746,6799.8,9148.03,56180.43,4,6,0,1,False,False,True,0.1628330363148105,3.7550558333333335,4.5864658333333335,4.814639702380952,0.5780700664117513,4.9179549101718445,5.088595855873831
2026-06-12,7.0,IEX,3.10235,6483.13,11585.85,19601.0,4,6,0,0,False,True,False,0.5910846382372916,3.7550558333333335,4.5864658333333335,4.814639702380952,0.5780700664117513,4.9179549101718445,5.088595855873831
2026-06-12,8.0,IEX,2.40358,6655.4,10422.55,27882.35,4,6,0,0,False,True,False,0.37380457516177634,3.7550558333333335,4.5864658333333335,4.814639702380952,0.5780700664117513,4.9179549101718445,5.088595855873831
2026-06-12,9.0,IEX,1.39935,6935.2,8962.78,42654.03,4,6,0,1,False,True,False,0.21012739002384362,3.7550558333333335,4.5864658333333335,4.814639702380952,0.5780700664117513,4.9179549101718445,5.088595855873831
2026-06-12,10.0,IEX,0.87679,6683.92,8324.1,51990.2,4,6,0,1,False,True,False,0.16010902051538387,3.7550558333333335,4.5864658333333335,4.814639702380952,0.5780700664117513,4.9179549101718445,5.088595855873831
2026-06-12,6.0,IEX,3.43902,5324.53,11438.53,14342.2,4,6,0,0,False,True,False,0.797543611999872,3.7550558333333335,4.5864658333333335,4.814639702380952,0.5780700664117513,4.9179549101718445,5.088595855873831
2026-06-13,23.0,IEX,9.39983,5129.68,15376.4,6564.8,5,6,1,0,False,False,True,2.3422495699149257,3.318119583333333,3.7550558333333335,4.600988511904761,0.8088091795377299,4.671826398350535,4.946957754070592
2026-06-13,22.0,IEX,5.7107,4901.9,13296.78,6990.65,5,6,1,1,True,False,False,1.9020806335575655,3.318119583333333,3.7550558333333335,4.600988511904761,0.8088091795377299,4.671826398350535,4.946957754070592
2026-06-13,21.0,IEX,4.597189999999999,6044.78,12524.35,8784.23,5,6,1,1,True,False,False,1.4257766458462762,3.318119583333333,3.7550558333333335,4.600988511904761,0.8088091795377299,4.671826398350535,4.946957754070592
2026-06-13,20.0,IEX,4.37341,6304.03,12414.28,9756.5,5,6,1,1,True,False,False,1.2724112117332946,3.318119583333333,3.7550558333333335,4.600988511904761,0.8088091795377299,4.671826398350535,4.946957754070592
2026-06-13,19.0,IEX,2.93269,5763.03,10457.48,14347.05,5,6,1,1,True,False,False,0.7288940927027548,3.318119583333333,3.7550558333333335,4.600988511904761,0.8088091795377299,4.671826398350535,4.946957754070592
2026-06-13,18.0,IEX,2.52261,6089.67,10380.88,18686.65,5,6,1,1,True,False,False,0.5555238629954946,3.318119583333333,3.7550558333333335,4.600988511904761,0.8088091795377299,4.671826398350535,4.946957754070592
2026-06-13,17.0,IEX,2.40061,6867.95,10744.48,23486.25,5,6,1,1,False,False,True,0.45747958892650825,3.318119583333333,3.7550558333333335,4.600988511904761,0.8088091795377299,4.671826398350535,4.946957754070592
2026-06-13,16.0,IEX,2.26458,6476.21,9552.35,28984.68,5,6,1,1,False,False,True,0.32956548068511865,3.318119583333333,3.7550558333333335,4.600988511904761,0.8088091795377299,4.671826398350535,4.946957754070592
2026-06-13,15.0,IEX,1.71534,6495.19,8994.03,41521.25,5,6,1,1,False,False,True,0.21661269826495766,3.318119583333333,3.7550558333333335,4.600988511904761,0.8088091795377299,4.671826398350535,4.946957754070592
2026-06-13,14.0,IEX,1.23152,5581.3,6838.3,49763.55,5,6,1,1,False,False,True,0.13741583947740546,3.318119583333333,3.7550558333333335,4.600988511904761,0.8088091795377299,4.671826398350535,4.946957754070592
2026-06-13,13.0,IEX,1.09247,5638.93,6781.78,52796.83,5,6,1,1,False,False,True,0.1284505149024192,3.318119583333333,3.7550558333333335,4.600988511904761,0.8088091795377299,4.671826398350535,4.946957754070592
2026-06-13,24.0,IEX,10.0,4699.29,16022.28,5705.13,5,6,1,0,False,False,True,2.8083987519856715,3.318119583333333,3.7550558333333335,4.600988511904761,0.8088091795377299,4.671826398350535,4.946957754070592
2026-06-13,11.0,IEX,0.49198,5366.33,6549.8,54511.53,5,6,1,1,False,False,True,0.12015439667164829,3.318119583333333,3.7550558333333335,4.600988511904761,0.8088091795377299,4.671826398350535,4.946957754070592
2026-06-13,1.0,IEX,5.53337,5359.95,12596.45,7175.0,5,6,1,0,False,False,True,1.755602785009613,3.318119583333333,3.7550558333333335,4.600988511904761,0.8088091795377299,4.671826398350535,4.946957754070592
2026-06-13,2.0,IEX,4.24505,5758.3,12432.15,9630.4,5,6,1,0,False,False,True,1.2909276859830041,3.318119583333333,3.7550558333333335,4.600988511904761,0.8088091795377299,4.671826398350535,4.946957754070592
2026-06-13,3.0,IEX,4.03239,5478.85,11788.1,11219.85,5,6,1,0,False,False,True,1.050646843718368,3.318119583333333,3.7550558333333335,4.600988511904761,0.8088091795377299,4.671826398350535,4.946957754070592
2026-06-13,4.0,IEX,3.40502,4812.0,10509.23,12810.35,5,6,1,0,False,False,True,0.820370246854793,3.318119583333333,3.7550558333333335,4.600988511904761,0.8088091795377299,4.671826398350535,4.946957754070592
2026-06-13,5.0,IEX,3.45488,5391.18,11075.48,13714.25,5,6,1,0,False,False,True,0.8075891858413043,3.318119583333333,3.7550558333333335,4.600988511904761,0.8088091795377299,4.671826398350535,4.946957754070592
2026-06-13,12.0,IEX,0.55231,5481.6,6878.25,54933.33,5,6,1,1,False,False,True,0.12521086922543911,3.318119583333333,3.7550558333333335,4.600988511904761,0.8088091795377299,4.671826398350535,4.946957754070592
2026-06-13,7.0,IEX,2.80637,6315.7,11282.73,19005.7,5,6,1,0,False,True,False,0.5936497994845494,3.318119583333333,3.7550558333333335,4.600988511904761,0.8088091795377299,4.671826398350535,4.946957754070592
2026-06-13,8.0,IEX,2.17737,7131.28,9995.78,27801.35,5,6,1,0,False,True,False,0.3595429717047759,3.318119583333333,3.7550558333333335,4.600988511904761,0.8088091795377299,4.671826398350535,4.946957754070592
2026-06-13,9.0,IEX,1.14861,6499.51,8371.25,40946.95,5,6,1,1,False,True,False,0.20444135638809696,3.318119583333333,3.7550558333333335,4.600988511904761,0.8088091795377299,4.671826398350535,4.946957754070592
2026-06-13,10.0,IEX,0.4993999999999999,5687.04,6835.68,50857.15,5,6,1,1,False,True,False,0.13440941929809094,3.318119583333333,3.7550558333333335,4.600988511904761,0.8088091795377299,4.671826398350535,4.946957754070592
2026-06-13,6.0,IEX,3.04717,5219.75,10717.98,14060.58,5,6,1,0,False,True,False,0.7622715415990865,3.318119583333333,3.7550558333333335,4.600988511904761,0.8088091795377299,4.671826398350535,4.946957754070592
2026-06-14,14.0,IEX,0.19982,6365.73,6536.38,54007.15,6,6,1,1,False,False,True,0.1210280490414643,2.461095,3.318119583333333,4.296484761904762,1.1441918711692551,4.331713875527376,4.748088733744945
2026-06-14,15.0,IEX,0.95707,7550.8,9175.0,47552.8,6,6,1,1,False,False,True,0.19294342284934987,2.461095,3.318119583333333,4.296484761904762,1.1441918711692551,4.331713875527376,4.748088733744945
2026-06-14,16.0,IEX,1.82197,6802.03,8893.8,35261.75,6,6,1,1,False,False,True,0.2522223088042362,2.461095,3.318119583333333,4.296484761904762,1.1441918711692551,4.331713875527376,4.748088733744945
2026-06-14,17.0,IEX,1.47474,6180.6,8066.95,29909.98,6,6,1,1,False,False,True,0.2697076359563906,2.461095,3.318119583333333,4.296484761904762,1.1441918711692551,4.331713875527376,4.748088733744945
2026-06-14,18.0,IEX,1.4317,5633.53,7426.53,24511.05,6,6,1,1,True,False,False,0.3029870200162837,2.461095,3.318119583333333,4.296484761904762,1.1441918711692551,4.331713875527376,4.748088733744945
2026-06-14,20.0,IEX,2.77137,5184.03,9616.63,16098.48,6,6,1,1,True,False,False,0.5973626077757884,2.461095,3.318119583333333,4.296484761904762,1.1441918711692551,4.331713875527376,4.748088733744945
2026-06-14,21.0,IEX,3.14736,5273.18,9957.5,14376.0,6,6,1,1,True,False,False,0.6926474675204177,2.461095,3.318119583333333,4.296484761904762,1.1441918711692551,4.331713875527376,4.748088733744945
2026-06-14,22.0,IEX,4.12073,6786.02,11995.73,12400.18,6,6,1,1,True,False,False,0.9673835372007635,2.461095,3.318119583333333,4.296484761904762,1.1441918711692551,4.331713875527376,4.748088733744945
2026-06-14,23.0,IEX,6.2637,6854.49,13761.4,11077.85,6,6,1,0,False,False,True,1.2422446582665005,2.461095,3.318119583333333,4.296484761904762,1.1441918711692551,4.331713875527376,4.748088733744945
2026-06-14,13.0,IEX,0.19975,6361.47,6532.65,56057.73,6,6,1,1,False,False,True,0.11653432985664341,2.461095,3.318119583333333,4.296484761904762,1.1441918711692551,4.331713875527376,4.748088733744945
2026-06-14,19.0,IEX,2.15688,6161.51,8341.7,18653.08,6,6,1,1,True,False,False,0.44720228485204466,2.461095,3.318119583333333,4.296484761904762,1.1441918711692551,4.331713875527376,4.748088733744945
2026-06-14,24.0,IEX,6.62445,6787.43,13757.03,10035.93,6,6,1,0,False,False,True,1.3707777940153252,2.461095,3.318119583333333,4.296484761904762,1.1441918711692551,4.331713875527376,4.748088733744945
2026-06-14,12.0,IEX,0.19971,6385.11,6900.63,58062.48,6,6,1,1,False,False,True,0.11884835092837089,2.461095,3.318119583333333,4.296484761904762,1.1441918711692551,4.331713875527376,4.748088733744945
2026-06-14,10.0,IEX,0.19968,5425.05,5946.1,54681.13,6,6,1,1,False,True,False,0.10874135188706939,2.461095,3.318119583333333,4.296484761904762,1.1441918711692551,4.331713875527376,4.748088733744945
2026-06-14,11.0,IEX,0.19956,5498.44,6019.38,58147.2,6,6,1,1,False,False,True,0.10351968794653574,2.461095,3.318119583333333,4.296484761904762,1.1441918711692551,4.331713875527376,4.748088733744945
2026-06-14,1.0,IEX,4.90569,7687.31,15168.35,11025.73,6,6,1,0,False,False,True,1.375722966755287,2.461095,3.318119583333333,4.296484761904762,1.1441918711692551,4.331713875527376,4.748088733744945
2026-06-14,2.0,IEX,4.32325,7510.03,13974.48,12356.73,6,6,1,0,False,False,True,1.1309205581647244,2.461095,3.318119583333333,4.296484761904762,1.1441918711692551,4.331713875527376,4.748088733744945
2026-06-14,3.0,IEX,3.49068,6228.33,11832.3,13920.33,6,6,1,0,False,False,True,0.8500014002182409,2.461095,3.318119583333333,4.296484761904762,1.1441918711692551,4.331713875527376,4.748088733744945
2026-06-14,4.0,IEX,3.33387,5115.56,10743.38,15009.25,6,6,1,0,False,False,True,0.7157839327642727,2.461095,3.318119583333333,4.296484761904762,1.1441918711692551,4.331713875527376,4.748088733744945
2026-06-14,6.0,IEX,3.13757,4895.38,10380.4,15866.48,6,6,1,0,False,True,False,0.6542345872214665,2.461095,3.318119583333333,4.296484761904762,1.1441918711692551,4.331713875527376,4.748088733744945
2026-06-14,7.0,IEX,2.60001,5962.88,10202.38,21681.43,6,6,1,0,False,True,False,0.4705584454205472,2.461095,3.318119583333333,4.296484761904762,1.1441918711692551,4.331713875527376,4.748088733744945
2026-06-14,8.0,IEX,1.9057,6336.48,8756.35,29454.63,6,6,1,0,False,True,False,0.29728263424212675,2.461095,3.318119583333333,4.296484761904762,1.1441918711692551,4.331713875527376,4.748088733744945
2026-06-14,9.0,IEX,0.41629,5900.61,7165.98,44706.0,6,6,1,1,False,True,False,0.16029123603984,2.461095,3.318119583333333,4.296484761904762,1.1441918711692551,4.331713875527376,4.748088733744945
2026-06-14,5.0,IEX,3.18473,4865.42,10463.75,15820.6,6,6,1,0,False,False,True,0.661400325738973,2.461095,3.318119583333333,4.296484761904762,1.1441918711692551,4.331713875527376,4.748088733744945
2026-06-15,24.0,IEX,10.0,3888.7,18217.98,4664.73,0,6,0,0,False,False,True,3.905473620326421,3.7292645833333338,2.461095,4.072933452380953,1.067058190601698,4.239029369035984,4.666582801712017
2026-06-15,14.0,IEX,1.09261,5949.83,7606.23,47705.28,0,6,0,1,False,False,True,0.15944209945745164,3.7292645833333338,2.461095,4.072933452380953,1.067058190601698,4.239029369035984,4.666582801712017
2026-06-15,15.0,IEX,1.73655,7605.08,10420.25,40962.63,0,6,0,1,False,False,True,0.2543843009459148,3.7292645833333338,2.461095,4.072933452380953,1.067058190601698,4.239029369035984,4.666582801712017
2026-06-15,16.0,IEX,2.50421,6265.97,10576.15,28634.18,0,6,0,1,False,False,True,0.3693540375979497,3.7292645833333338,2.461095,4.072933452380953,1.067058190601698,4.239029369035984,4.666582801712017
2026-06-15,17.0,IEX,2.8325,6384.2,11694.9,24309.85,0,6,0,1,False,False,True,0.4810766004392966,3.7292645833333338,2.461095,4.072933452380953,1.067058190601698,4.239029369035984,4.666582801712017
2026-06-15,20.0,IEX,4.6146,6009.48,13243.03,9177.78,0,6,0,1,True,False,False,1.442944806431463,3.7292645833333338,2.461095,4.072933452380953,1.067058190601698,4.239029369035984,4.666582801712017
2026-06-15,19.0,IEX,3.75283,5635.5,11084.85,11147.3,0,6,0,1,True,False,False,0.9943977456474683,3.7292645833333338,2.461095,4.072933452380953,1.067058190601698,4.239029369035984,4.666582801712017
2026-06-15,21.0,IEX,5.167680000000001,5770.18,13546.9,8112.4,0,6,0,1,True,False,False,1.669900397330136,3.7292645833333338,2.461095,4.072933452380953,1.067058190601698,4.239029369035984,4.666582801712017
2026-06-15,22.0,IEX,9.24988,5324.14,14763.35,6484.75,0,6,0,1,True,False,False,2.276625926555957,3.7292645833333338,2.461095,4.072933452380953,1.067058190601698,4.239029369035984,4.666582801712017
2026-06-15,13.0,IEX,1.09238,5961.34,7622.78,49871.33,0,6,0,1,False,False,True,0.15284894143531985,3.7292645833333338,2.461095,4.072933452380953,1.067058190601698,4.239029369035984,4.666582801712017
2026-06-15,18.0,IEX,3.24166,6796.2,11854.6,17084.0,0,6,0,1,True,False,False,0.6939007254191637,3.7292645833333338,2.461095,4.072933452380953,1.067058190601698,4.239029369035984,4.666582801712017
2026-06-15,23.0,IEX,10.0,4861.23,17341.18,5912.93,0,6,0,0,False,False,True,2.932755836898533,3.7292645833333338,2.461095,4.072933452380953,1.067058190601698,4.239029369035984,4.666582801712017
2026-06-15,12.0,IEX,1.09209,5982.6,7970.95,52136.38,0,6,0,1,False,False,True,0.15288652565581143,3.7292645833333338,2.461095,4.072933452380953,1.067058190601698,4.239029369035984,4.666582801712017
2026-06-15,10.0,IEX,0.92789,6081.64,7726.38,48940.68,0,6,0,1,False,True,False,0.15787234665356664,3.7292645833333338,2.461095,4.072933452380953,1.067058190601698,4.239029369035984,4.666582801712017
2026-06-15,1.0,IEX,5.2056700000000005,6116.2,13687.03,8774.58,0,6,0,0,False,False,True,1.5598501562925517,3.7292645833333338,2.461095,4.072933452380953,1.067058190601698,4.239029369035984,4.666582801712017
2026-06-15,2.0,IEX,4.7563,6555.0,12784.68,9896.9,0,6,0,0,False,False,True,1.2917863156222795,3.7292645833333338,2.461095,4.072933452380953,1.067058190601698,4.239029369035984,4.666582801712017
2026-06-15,3.0,IEX,3.99542,5983.3,11125.83,11686.95,0,6,0,0,False,False,True,0.9519874723927222,3.7292645833333338,2.461095,4.072933452380953,1.067058190601698,4.239029369035984,4.666582801712017
2026-06-15,4.0,IEX,3.6397,5928.93,10700.08,13388.18,0,6,0,0,False,False,True,0.7992184144527349,3.7292645833333338,2.461095,4.072933452380953,1.067058190601698,4.239029369035984,4.666582801712017
2026-06-15,11.0,IEX,0.75271,5918.86,7520.58,53001.88,0,6,0,1,False,False,True,0.14189270264717163,3.7292645833333338,2.461095,4.072933452380953,1.067058190601698,4.239029369035984,4.666582801712017
2026-06-15,6.0,IEX,3.50671,5698.38,10414.93,14654.28,0,6,0,0,False,True,False,0.7107090892826471,3.7292645833333338,2.461095,4.072933452380953,1.067058190601698,4.239029369035984,4.666582801712017
2026-06-15,7.0,IEX,3.14027,5790.82,10920.03,18973.48,0,6,0,0,False,True,False,0.5755417558742298,3.7292645833333338,2.461095,4.072933452380953,1.067058190601698,4.239029369035984,4.666582801712017
2026-06-15,8.0,IEX,2.3051,5857.5,9514.48,28835.08,0,6,0,0,False,True,False,0.3299619767554097,3.7292645833333338,2.461095,4.072933452380953,1.067058190601698,4.239029369035984,4.666582801712017
2026-06-15,9.0,IEX,1.28326,5931.73,8185.43,41364.93,0,6,0,1,False,True,False,0.19788332768896663,3.7292645833333338,2.461095,4.072933452380953,1.067058190601698,4.239029369035984,4.666582801712017
2026-06-15,5.0,IEX,3.61233,5911.25,10560.13,14503.35,0,6,0,0,False,False,True,0.728116607040362,3.7292645833333338,2.461095,4.072933452380953,1.067058190601698,4.239029369035984,4.666582801712017
2026-06-16,14.0,IEX,1.51269,7392.15,10257.48,51495.5,1,6,0,1,False,False,True,0.1991917739998268,4.2894274999999995,3.7292645833333338,3.938264107142857,0.9493770683265388,4.246782927645833,4.636410377575055
2026-06-16,23.0,IEX,10.0,3757.62,19349.85,4595.43,1,6,0,0,False,False,True,4.210672332707336,4.2894274999999995,3.7292645833333338,3.938264107142857,0.9493770683265388,4.246782927645833,4.636410377575055
2026-06-16,22.0,IEX,10.0,4152.15,16255.03,4989.95,1,6,0,1,True,False,False,3.2575536763744055,4.2894274999999995,3.7292645833333338,3.938264107142857,0.9493770683265388,4.246782927645833,4.636410377575055
2026-06-16,21.0,IEX,5.82239,5368.77,15328.63,6535.48,1,6,0,1,True,False,False,2.345448226686566,4.2894274999999995,3.7292645833333338,3.938264107142857,0.9493770683265388,4.246782927645833,4.636410377575055
2026-06-16,20.0,IEX,4.527310000000001,5866.04,14725.9,8811.18,1,6,0,1,True,False,False,1.671274447155461,4.2894274999999995,3.7292645833333338,3.938264107142857,0.9493770683265388,4.246782927645833,4.636410377575055
2026-06-16,19.0,IEX,3.5265500000000003,4975.98,11638.4,13304.9,1,6,0,1,True,False,False,0.8747453938964251,4.2894274999999995,3.7292645833333338,3.938264107142857,0.9493770683265388,4.246782927645833,4.636410377575055
2026-06-16,18.0,IEX,3.38827,6207.38,11965.58,19848.33,1,6,0,1,True,False,False,0.6028507181194334,4.2894274999999995,3.7292645833333338,3.938264107142857,0.9493770683265388,4.246782927645833,4.636410377575055
2026-06-16,17.0,IEX,2.76579,6987.59,13552.63,26479.58,1,6,0,1,False,False,True,0.5118143865907939,4.2894274999999995,3.7292645833333338,3.938264107142857,0.9493770683265388,4.246782927645833,4.636410377575055
2026-06-16,16.0,IEX,2.51134,6902.57,12542.35,30958.5,1,6,0,1,False,False,True,0.4051342925512753,4.2894274999999995,3.7292645833333338,3.938264107142857,0.9493770683265388,4.246782927645833,4.636410377575055
2026-06-16,15.0,IEX,1.95776,7891.45,12882.1,44954.85,1,6,0,1,False,False,True,0.2865564004136247,4.2894274999999995,3.7292645833333338,3.938264107142857,0.9493770683265388,4.246782927645833,4.636410377575055
2026-06-16,13.0,IEX,1.20485,7347.54,9990.33,53617.45,1,6,0,1,False,False,True,0.18632609342922385,4.2894274999999995,3.7292645833333338,3.938264107142857,0.9493770683265388,4.246782927645833,4.636410377575055
2026-06-16,24.0,IEX,10.0,2859.9,19056.0,3510.4,1,6,0,0,False,False,True,5.4284411878177945,4.2894274999999995,3.7292645833333338,3.938264107142857,0.9493770683265388,4.246782927645833,4.636410377575055
2026-06-16,11.0,IEX,1.1803800000000002,6865.58,9608.15,55064.15,1,6,0,1,False,False,True,0.17449011740406595,4.2894274999999995,3.7292645833333338,3.938264107142857,0.9493770683265388,4.246782927645833,4.636410377575055
2026-06-16,1.0,IEX,10.0,5112.3,18961.25,5669.5,1,6,0,0,False,False,True,3.344430719914577,4.2894274999999995,3.7292645833333338,3.938264107142857,0.9493770683265388,4.246782927645833,4.636410377575055
2026-06-16,2.0,IEX,7.188,5321.07,17040.0,6730.13,1,6,0,0,False,False,True,2.531897597027253,4.2894274999999995,3.7292645833333338,3.938264107142857,0.9493770683265388,4.246782927645833,4.636410377575055
2026-06-16,3.0,IEX,5.58986,6048.66,15413.93,8750.98,1,6,0,0,False,False,True,1.7613947217781385,4.2894274999999995,3.7292645833333338,3.938264107142857,0.9493770683265388,4.246782927645833,4.636410377575055
2026-06-16,4.0,IEX,4.448510000000001,5713.0,13362.63,11353.75,1,6,0,0,False,False,True,1.1769353727385794,4.2894274999999995,3.7292645833333338,3.938264107142857,0.9493770683265388,4.246782927645833,4.636410377575055
2026-06-16,5.0,IEX,3.95449,4904.5,11889.23,12121.93,1,6,0,0,False,False,True,0.9808033861102948,4.2894274999999995,3.7292645833333338,3.938264107142857,0.9493770683265388,4.246782927645833,4.636410377575055
2026-06-16,12.0,IEX,1.11974,7481.7,10416.0,54974.75,1,6,0,1,False,False,True,0.18946880155171805,4.2894274999999995,3.7292645833333338,3.938264107142857,0.9493770683265388,4.246782927645833,4.636410377575055
2026-06-16,7.0,IEX,3.16564,6634.84,13281.63,18954.15,1,6,0,0,False,True,False,0.7007241154571826,4.2894274999999995,3.7292645833333338,3.938264107142857,0.9493770683265388,4.246782927645833,4.636410377575055
2026-06-16,8.0,IEX,2.48972,6155.63,11712.85,27583.68,1,6,0,0,False,True,False,0.4246297084273637,4.2894274999999995,3.7292645833333338,3.938264107142857,0.9493770683265388,4.246782927645833,4.636410377575055
2026-06-16,9.0,IEX,1.80315,6454.48,10156.5,41436.58,1,6,0,1,False,True,False,0.24510951428783223,4.2894274999999995,3.7292645833333338,3.938264107142857,0.9493770683265388,4.246782927645833,4.636410377575055
2026-06-16,10.0,IEX,1.20039,5936.4,8817.95,52109.03,1,6,0,1,False,True,False,0.1692211503132526,4.2894274999999995,3.7292645833333338,3.938264107142857,0.9493770683265388,4.246782927645833,4.636410377575055
2026-06-16,6.0,IEX,3.58943,5439.54,12254.6,12930.23,1,6,0,0,False,True,False,0.9477480284977545,4.2894274999999995,3.7292645833333338,3.938264107142857,0.9493770683265388,4.246782927645833,4.636410377575055
2026-06-17,14.0,IEX,1.25897,8725.0,12763.98,43419.43,2,6,0,1,False,False,True,0.29396931274916105,4.990726666666666,4.2894274999999995,3.875736428571429,0.8433706723083287,4.361235810572115,4.664755680702385
2026-06-17,15.0,IEX,2.02152,9100.81,15527.9,36716.55,2,6,0,1,False,False,True,0.4229128280236261,4.990726666666666,4.2894274999999995,3.875736428571429,0.8433706723083287,4.361235810572115,4.664755680702385
2026-06-17,16.0,IEX,2.61021,7191.46,15677.85,26314.05,2,6,0,1,False,False,True,0.5957976820003772,4.990726666666666,4.2894274999999995,3.875736428571429,0.8433706723083287,4.361235810572115,4.664755680702385
2026-06-17,17.0,IEX,3.12759,7222.6,17342.43,21734.75,2,6,0,1,False,False,True,0.7979125590136015,4.990726666666666,4.2894274999999995,3.875736428571429,0.8433706723083287,4.361235810572115,4.664755680702385
2026-06-17,18.0,IEX,3.51899,6866.5,16420.15,14971.0,2,6,0,1,True,False,False,1.096797140406922,4.990726666666666,4.2894274999999995,3.875736428571429,0.8433706723083287,4.361235810572115,4.664755680702385
2026-06-17,20.0,IEX,7.1502,4466.13,16321.98,4571.33,2,6,0,1,True,False,False,3.5705101063136766,4.990726666666666,4.2894274999999995,3.875736428571429,0.8433706723083287,4.361235810572115,4.664755680702385
2026-06-17,21.0,IEX,10.0,2728.24,17473.58,2735.05,2,6,0,1,True,False,False,6.3887606939955,4.990726666666666,4.2894274999999995,3.875736428571429,0.8433706723083287,4.361235810572115,4.664755680702385
2026-06-17,22.0,IEX,10.0,2124.88,19894.85,2131.68,2,6,0,1,True,False,False,9.332943925293927,4.990726666666666,4.2894274999999995,3.875736428571429,0.8433706723083287,4.361235810572115,4.664755680702385
2026-06-17,23.0,IEX,10.0,1988.97,25922.0,1995.78,2,6,0,0,False,False,True,12.988405470600942,4.990726666666666,4.2894274999999995,3.875736428571429,0.8433706723083287,4.361235810572115,4.664755680702385
2026-06-17,13.0,IEX,1.09267,8568.18,12618.78,46156.88,2,6,0,1,False,False,True,0.2733889291751546,4.990726666666666,4.2894274999999995,3.875736428571429,0.8433706723083287,4.361235810572115,4.664755680702385
2026-06-17,19.0,IEX,4.09405,5481.47,14408.05,8923.18,2,6,0,1,True,False,False,1.614676604512431,4.990726666666666,4.2894274999999995,3.875736428571429,0.8433706723083287,4.361235810572115,4.664755680702385
2026-06-17,24.0,IEX,10.0,1755.34,26852.15,1762.15,2,6,0,0,False,False,True,15.238288367969309,4.990726666666666,4.2894274999999995,3.875736428571429,0.8433706723083287,4.361235810572115,4.664755680702385
2026-06-17,12.0,IEX,1.09265,8659.06,12979.85,47355.2,2,6,0,1,False,False,True,0.2740955586136062,4.990726666666666,4.2894274999999995,3.875736428571429,0.8433706723083287,4.361235810572115,4.664755680702385
2026-06-17,10.0,IEX,1.29228,7694.67,12202.65,44943.83,2,6,0,1,False,True,False,0.27150890338640277,4.990726666666666,4.2894274999999995,3.875736428571429,0.8433706723083287,4.361235810572115,4.664755680702385
2026-06-17,9.0,IEX,2.32129,7718.51,14516.25,34394.85,2,6,0,1,False,True,False,0.42204719589646494,4.990726666666666,4.2894274999999995,3.875736428571429,0.8433706723083287,4.361235810572115,4.664755680702385
2026-06-17,8.0,IEX,3.12508,6815.2,15914.83,22573.98,2,6,0,0,False,True,False,0.7050077121070331,4.990726666666666,4.2894274999999995,3.875736428571429,0.8433706723083287,4.361235810572115,4.664755680702385
2026-06-17,7.0,IEX,4.05562,8179.95,17240.25,12994.38,2,6,0,0,False,True,False,1.3267466386801474,4.990726666666666,4.2894274999999995,3.875736428571429,0.8433706723083287,4.361235810572115,4.664755680702385
2026-06-17,6.0,IEX,4.400810000000001,5900.77,15978.4,8039.6,2,6,0,0,False,True,False,1.9874620603171027,4.990726666666666,4.2894274999999995,3.875736428571429,0.8433706723083287,4.361235810572115,4.664755680702385
2026-06-17,5.0,IEX,4.37507,5748.2,15059.08,7984.23,2,6,0,0,False,False,True,1.886102978138026,4.990726666666666,4.2894274999999995,3.875736428571429,0.8433706723083287,4.361235810572115,4.664755680702385
2026-06-17,4.0,IEX,5.26977,5804.4,16076.93,6562.5,2,6,0,0,False,False,True,2.449817901028849,4.990726666666666,4.2894274999999995,3.875736428571429,0.8433706723083287,4.361235810572115,4.664755680702385
2026-06-17,3.0,IEX,8.075479999999999,5636.18,16789.73,5988.53,2,6,0,0,False,False,True,2.8036479690280456,4.990726666666666,4.2894274999999995,3.875736428571429,0.8433706723083287,4.361235810572115,4.664755680702385
2026-06-17,2.0,IEX,9.80248,5237.15,17625.1,5250.55,2,6,0,0,False,False,True,3.356810232534096,4.990726666666666,4.2894274999999995,3.875736428571429,0.8433706723083287,4.361235810572115,4.664755680702385
2026-06-17,1.0,IEX,10.0,3696.74,19577.85,3703.55,2,6,0,0,False,False,True,5.286238864640037,4.990726666666666,4.2894274999999995,3.875736428571429,0.8433706723083287,4.361235810572115,4.664755680702385
2026-06-17,11.0,IEX,1.09271,8223.25,12603.53,47559.85,2,6,0,1,False,False,True,0.26500356913131484,4.990726666666666,4.2894274999999995,3.875736428571429,0.8433706723083287,4.361235810572115,4.664755680702385
2026-06-18,15.0,IEX,2.12099,9011.37,19598.68,33176.38,3,6,0,1,False,False,True,0.5907419674507158,5.840587083333333,4.990726666666666,4.054896607142857,1.1104396852211058,4.588828314073841,4.758822192912861
2026-06-18,16.0,IEX,2.98868,8788.6,20655.98,25399.58,3,6,0,1,False,False,True,0.8132410060271701,5.840587083333333,4.990726666666666,4.054896607142857,1.1104396852211058,4.588828314073841,4.758822192912861
2026-06-18,17.0,IEX,3.4657,9479.82,22331.73,22410.08,3,6,0,1,False,False,True,0.9965038049857458,5.840587083333333,4.990726666666666,4.054896607142857,1.1104396852211058,4.588828314073841,4.758822192912861
2026-06-18,18.0,IEX,3.91424,9213.76,22553.48,15887.93,3,6,0,1,True,False,False,1.4195354577849124,5.840587083333333,4.990726666666666,4.054896607142857,1.1104396852211058,4.588828314073841,4.758822192912861
2026-06-18,14.0,IEX,1.54469,8762.37,17145.88,38257.9,3,6,0,1,False,False,True,0.4481657382009557,5.840587083333333,4.990726666666666,4.054896607142857,1.1104396852211058,4.588828314073841,4.758822192912861
2026-06-18,20.0,IEX,9.12523,4886.35,20975.48,5606.03,3,6,0,1,True,False,False,3.7415925285066396,5.840587083333333,4.990726666666666,4.054896607142857,1.1104396852211058,4.588828314073841,4.758822192912861
2026-06-18,21.0,IEX,10.0,3952.3,23560.05,4203.38,3,6,0,1,True,False,False,5.605024990352942,5.840587083333333,4.990726666666666,4.054896607142857,1.1104396852211058,4.588828314073841,4.758822192912861
2026-06-18,22.0,IEX,10.0,2910.6,31130.98,3136.7,3,6,0,1,True,False,False,9.924755284455781,5.840587083333333,4.990726666666666,4.054896607142857,1.1104396852211058,4.588828314073841,4.758822192912861
2026-06-18,23.0,IEX,10.0,2878.29,35000.4,3111.9,3,6,0,0,False,False,True,11.247276547294975,5.840587083333333,4.990726666666666,4.054896607142857,1.1104396852211058,4.588828314073841,4.758822192912861
2026-06-18,24.0,IEX,10.0,2647.61,33356.13,2780.08,3,6,0,0,False,False,True,11.998262596766054,5.840587083333333,4.990726666666666,4.054896607142857,1.1104396852211058,4.588828314073841,4.758822192912861
2026-06-18,13.0,IEX,1.43785,8661.08,16917.3,39664.03,3,6,0,1,False,False,True,0.4265149052109644,5.840587083333333,4.990726666666666,4.054896607142857,1.1104396852211058,4.588828314073841,4.758822192912861
2026-06-18,19.0,IEX,3.97774,5829.68,18179.55,9659.05,3,6,0,1,True,False,False,1.8821260870560501,5.840587083333333,4.990726666666666,4.054896607142857,1.1104396852211058,4.588828314073841,4.758822192912861
2026-06-18,11.0,IEX,1.66271,9001.0,17050.0,42448.95,3,6,0,1,False,False,True,0.40165893375415435,5.840587083333333,4.990726666666666,4.054896607142857,1.1104396852211058,4.588828314073841,4.758822192912861
2026-06-18,1.0,IEX,10.0,1806.09,28071.83,1841.9,3,6,0,0,False,False,True,15.240691594328185,5.840587083333333,4.990726666666666,4.054896607142857,1.1104396852211058,4.588828314073841,4.758822192912861
2026-06-18,2.0,IEX,10.0,2976.9,22792.25,3051.4,3,6,0,0,False,False,True,7.469440232452512,5.840587083333333,4.990726666666666,4.054896607142857,1.1104396852211058,4.588828314073841,4.758822192912861
2026-06-18,3.0,IEX,10.0,4167.37,18755.25,4270.88,3,6,0,0,False,False,True,4.391425176096202,5.840587083333333,4.990726666666666,4.054896607142857,1.1104396852211058,4.588828314073841,4.758822192912861
2026-06-18,4.0,IEX,9.000860000000001,4604.15,18275.3,4875.83,3,6,0,0,False,False,True,3.748141334402263,5.840587083333333,4.990726666666666,4.054896607142857,1.1104396852211058,4.588828314073841,4.758822192912861
2026-06-18,5.0,IEX,6.97383,5533.28,19102.88,6271.48,3,6,0,0,False,False,True,3.0459923286911668,5.840587083333333,4.990726666666666,4.054896607142857,1.1104396852211058,4.588828314073841,4.758822192912861
2026-06-18,12.0,IEX,1.5763900000000002,9078.4,17475.15,41536.75,3,6,0,1,False,False,True,0.4207153904865654,5.840587083333333,4.990726666666666,4.054896607142857,1.1104396852211058,4.588828314073841,4.758822192912861
2026-06-18,7.0,IEX,5.28971,10711.1,23170.1,13090.78,3,6,0,0,False,True,False,1.76995564682169,5.840587083333333,4.990726666666666,4.054896607142857,1.1104396852211058,4.588828314073841,4.758822192912861
2026-06-18,8.0,IEX,3.32072,7922.83,19934.43,22363.73,3,6,0,0,False,True,False,0.8913732186485112,5.840587083333333,4.990726666666666,4.054896607142857,1.1104396852211058,4.588828314073841,4.758822192912861
2026-06-18,9.0,IEX,2.64677,7861.14,18724.58,32147.23,3,6,0,1,False,True,False,0.5824632478187194,5.840587083333333,4.990726666666666,4.054896607142857,1.1104396852211058,4.588828314073841,4.758822192912861
2026-06-18,10.0,IEX,2.00369,8742.78,17055.48,40249.28,3,6,0,1,False,True,False,0.42374621349158387,5.840587083333333,4.990726666666666,4.054896607142857,1.1104396852211058,4.588828314073841,4.758822192912861
2026-06-18,6.0,IEX,9.12429,7340.18,22629.98,7737.18,3,6,0,0,False,True,False,2.924835659859489,5.840587083333333,4.990726666666666,4.054896607142857,1.1104396852211058,4.588828314073841,4.758822192912861
2026-06-19,14.0,IEX,1.66329,9528.71,19835.43,38984.25,4,6,0,1,False,False,True,0.5088062485468345,6.398294583333333,5.840587083333333,4.4325021428571425,1.4024957378452267,4.867207740113763,4.889979984146499
2026-06-19,23.0,IEX,10.0,1289.74,40921.85,1296.55,4,6,0,0,False,False,True,31.562106887030144,6.398294583333333,5.840587083333333,4.4325021428571425,1.4024957378452267,4.867207740113763,4.889979984146499
2026-06-19,22.0,IEX,10.0,1388.06,37813.88,1394.88,4,6,0,1,True,False,False,27.109055781794446,6.398294583333333,5.840587083333333,4.4325021428571425,1.4024957378452267,4.867207740113763,4.889979984146499
2026-06-19,21.0,IEX,10.0,1631.24,32513.28,1638.05,4,6,0,1,True,False,False,19.848771283851097,6.398294583333333,5.840587083333333,4.4325021428571425,1.4024957378452267,4.867207740113763,4.889979984146499
2026-06-19,20.0,IEX,10.0,2098.87,27080.5,2105.68,4,6,0,1,True,False,False,12.860691022089343,6.398294583333333,5.840587083333333,4.4325021428571425,1.4024957378452267,4.867207740113763,4.889979984146499
2026-06-19,19.0,IEX,7.27796,5071.1,21217.13,5723.23,4,6,0,1,True,False,False,3.7071950564503005,6.398294583333333,5.840587083333333,4.4325021428571425,1.4024957378452267,4.867207740113763,4.889979984146499
2026-06-19,18.0,IEX,4.13733,7506.95,23894.0,12374.55,4,6,0,1,True,False,False,1.9308984957587159,6.398294583333333,5.840587083333333,4.4325021428571425,1.4024957378452267,4.867207740113763,4.889979984146499
2026-06-19,17.0,IEX,3.2441,7056.93,23231.23,19616.15,4,6,0,1,False,False,True,1.18429100451195,6.398294583333333,5.840587083333333,4.4325021428571425,1.4024957378452267,4.867207740113763,4.889979984146499
2026-06-19,16.0,IEX,2.94483,8143.5,22665.4,24886.25,4,6,0,1,False,False,True,0.9107599574420574,6.398294583333333,5.840587083333333,4.4325021428571425,1.4024957378452267,4.867207740113763,4.889979984146499
2026-06-19,15.0,IEX,2.37573,9617.63,22792.7,33460.15,4,6,0,1,False,False,True,0.6811894146675405,6.398294583333333,5.840587083333333,4.4325021428571425,1.4024957378452267,4.867207740113763,4.889979984146499
2026-06-19,13.0,IEX,1.56831,9514.3,19696.7,39985.2,4,6,0,1,False,False,True,0.4925997617887119,6.398294583333333,5.840587083333333,4.4325021428571425,1.4024957378452267,4.867207740113763,4.889979984146499
2026-06-19,24.0,IEX,10.0,1179.47,41560.28,1186.28,4,6,0,0,False,False,True,35.03412318310919,6.398294583333333,5.840587083333333,4.4325021428571425,1.4024957378452267,4.867207740113763,4.889979984146499
2026-06-19,11.0,IEX,1.6399,8918.5,18639.53,40788.13,4,6,0,1,False,False,True,0.4569841764118668,6.398294583333333,5.840587083333333,4.4325021428571425,1.4024957378452267,4.867207740113763,4.889979984146499
2026-06-19,1.0,IEX,10.0,1242.37,34276.33,1249.18,4,6,0,0,False,False,True,27.439063806344453,6.398294583333333,5.840587083333333,4.4325021428571425,1.4024957378452267,4.867207740113763,4.889979984146499
2026-06-19,2.0,IEX,10.0,1515.6,27640.65,1522.4,4,6,0,0,False,False,True,18.155970716263987,6.398294583333333,5.840587083333333,4.4325021428571425,1.4024957378452267,4.867207740113763,4.889979984146499
2026-06-19,3.0,IEX,10.0,1974.62,23148.65,1981.43,4,6,0,0,False,False,True,11.682799737145396,6.398294583333333,5.840587083333333,4.4325021428571425,1.4024957378452267,4.867207740113763,4.889979984146499
2026-06-19,4.0,IEX,10.0,2908.3,21054.03,2915.1,4,6,0,0,False,False,True,7.222404009391087,6.398294583333333,5.840587083333333,4.4325021428571425,1.4024957378452267,4.867207740113763,4.889979984146499
2026-06-19,5.0,IEX,10.0,3914.8,21681.35,3921.6,4,6,0,0,False,False,True,5.528700006301764,6.398294583333333,5.840587083333333,4.4325021428571425,1.4024957378452267,4.867207740113763,4.889979984146499
2026-06-19,12.0,IEX,1.55572,8888.03,19335.73,41376.35,4,6,0,1,False,False,True,0.4673135739456685,6.398294583333333,5.840587083333333,4.4325021428571425,1.4024957378452267,4.867207740113763,4.889979984146499
2026-06-19,7.0,IEX,8.78269,6646.78,24988.53,6808.5,4,6,0,0,False,True,False,3.6701960730407635,6.398294583333333,5.840587083333333,4.4325021428571425,1.4024957378452267,4.867207740113763,4.889979984146499
2026-06-19,8.0,IEX,3.8669,6589.25,22710.4,14366.05,4,6,0,0,False,True,False,1.5808381555258142,6.398294583333333,5.840587083333333,4.4325021428571425,1.4024957378452267,4.867207740113763,4.889979984146499
2026-06-19,9.0,IEX,2.63616,6912.17,20129.5,25083.35,4,6,0,1,False,True,False,0.802504449843221,6.398294583333333,5.840587083333333,4.4325021428571425,1.4024957378452267,4.867207740113763,4.889979984146499
2026-06-19,10.0,IEX,1.86615,8506.52,18009.9,35535.63,4,6,0,1,False,True,False,0.5068124582266271,6.398294583333333,5.840587083333333,4.4325021428571425,1.4024957378452267,4.867207740113763,4.889979984146499
2026-06-19,6.0,IEX,10.0,4217.99,24168.38,4224.8,4,6,0,0,False,True,False,5.720597411189648,6.398294583333333,5.840587083333333,4.4325021428571425,1.4024957378452267,4.867207740113763,4.889979984146499
2026-06-20,14.0,IEX,1.89831,9651.74,16988.95,38553.08,5,6,1,1,False,False,True,0.4406638845869995,6.228482083333334,6.398294583333333,4.8482682142857145,1.4477356597233837,5.076634562147543,4.9970601520814455
2026-06-20,15.0,IEX,2.36852,9390.78,18252.43,31523.2,5,6,1,1,False,False,True,0.5790157723267257,6.228482083333334,6.398294583333333,4.8482682142857145,1.4477356597233837,5.076634562147543,4.9970601520814455
2026-06-20,16.0,IEX,2.93845,8321.5,18797.95,23553.93,5,6,1,1,False,False,True,0.7980812540420723,6.228482083333334,6.398294583333333,4.8482682142857145,1.4477356597233837,5.076634562147543,4.9970601520814455
2026-06-20,17.0,IEX,3.34044,7330.13,20045.08,17072.13,5,6,1,1,False,False,True,1.1741405429936742,6.228482083333334,6.398294583333333,4.8482682142857145,1.4477356597233837,5.076634562147543,4.9970601520814455
2026-06-20,18.0,IEX,3.73287,7384.73,20163.45,11979.7,5,6,1,1,True,False,False,1.6831348016368233,6.228482083333334,6.398294583333333,4.8482682142857145,1.4477356597233837,5.076634562147543,4.9970601520814455
2026-06-20,20.0,IEX,10.0,3697.97,22770.28,3704.78,5,6,1,1,True,False,False,6.146189500736373,6.228482083333334,6.398294583333333,4.8482682142857145,1.4477356597233837,5.076634562147543,4.9970601520814455
2026-06-20,21.0,IEX,10.0,2547.79,28448.05,2554.6,5,6,1,1,True,False,False,11.13600950780549,6.228482083333334,6.398294583333333,4.8482682142857145,1.4477356597233837,5.076634562147543,4.9970601520814455
2026-06-20,22.0,IEX,10.0,1878.87,32899.08,1885.68,5,6,1,1,True,False,False,17.4467989401871,6.228482083333334,6.398294583333333,4.8482682142857145,1.4477356597233837,5.076634562147543,4.9970601520814455
2026-06-20,23.0,IEX,10.0,1481.05,37286.78,1487.85,5,6,1,0,False,False,True,25.06084601901505,6.228482083333334,6.398294583333333,4.8482682142857145,1.4477356597233837,5.076634562147543,4.9970601520814455
2026-06-20,13.0,IEX,1.79308,10002.89,17361.5,40717.55,5,6,1,1,False,False,True,0.4263886210181141,6.228482083333334,6.398294583333333,4.8482682142857145,1.4477356597233837,5.076634562147543,4.9970601520814455
2026-06-20,19.0,IEX,6.04006,5509.02,17721.53,6652.58,5,6,1,1,True,False,False,2.6638582284409082,6.228482083333334,6.398294583333333,4.8482682142857145,1.4477356597233837,5.076634562147543,4.9970601520814455
2026-06-20,24.0,IEX,10.0,1276.88,38322.3,1283.7,5,6,1,0,False,False,True,29.853002805538658,6.228482083333334,6.398294583333333,4.8482682142857145,1.4477356597233837,5.076634562147543,4.9970601520814455
2026-06-20,12.0,IEX,1.81983,9859.38,17065.8,40833.38,5,6,1,1,False,False,True,0.41793748143848547,6.228482083333334,6.398294583333333,4.8482682142857145,1.4477356597233837,5.076634562147543,4.9970601520814455
2026-06-20,10.0,IEX,2.22369,9275.94,17083.83,35068.73,5,6,1,1,False,True,False,0.4871527995204979,6.228482083333334,6.398294583333333,4.8482682142857145,1.4477356597233837,5.076634562147543,4.9970601520814455
2026-06-20,9.0,IEX,2.67144,8002.67,18018.83,24677.75,5,6,1,1,False,True,False,0.7301650269047362,6.228482083333334,6.398294583333333,4.8482682142857145,1.4477356597233837,5.076634562147543,4.9970601520814455
2026-06-20,8.0,IEX,3.64559,7266.53,18663.48,13756.23,5,6,1,0,False,True,False,1.3567292773116404,6.228482083333334,6.398294583333333,4.8482682142857145,1.4477356597233837,5.076634562147543,4.9970601520814455
2026-06-20,7.0,IEX,5.79959,7058.25,18070.78,7796.33,5,6,1,0,False,True,False,2.317857245245061,6.228482083333334,6.398294583333333,4.8482682142857145,1.4477356597233837,5.076634562147543,4.9970601520814455
2026-06-20,6.0,IEX,9.25,4481.77,16063.5,4603.93,5,6,1,0,False,True,False,3.4890843182040467,6.228482083333334,6.398294583333333,4.8482682142857145,1.4477356597233837,5.076634562147543,4.9970601520814455
2026-06-20,5.0,IEX,10.0,5039.2,16816.55,5046.0,5,6,1,0,False,False,True,3.3326496168595927,6.228482083333334,6.398294583333333,4.8482682142857145,1.4477356597233837,5.076634562147543,4.9970601520814455
2026-06-20,4.0,IEX,10.0,4508.72,16871.73,4515.53,5,6,1,0,False,False,True,3.736378667096933,6.228482083333334,6.398294583333333,4.8482682142857145,1.4477356597233837,5.076634562147543,4.9970601520814455
2026-06-20,3.0,IEX,10.0,3492.1,16951.1,3498.9,5,6,1,0,False,False,True,4.844694032854056,6.228482083333334,6.398294583333333,4.8482682142857145,1.4477356597233837,5.076634562147543,4.9970601520814455
2026-06-20,2.0,IEX,10.0,2404.7,20129.6,2411.5,5,6,1,0,False,False,True,8.347335648570036,6.228482083333334,6.398294583333333,4.8482682142857145,1.4477356597233837,5.076634562147543,4.9970601520814455
2026-06-20,1.0,IEX,10.0,1533.12,23364.85,1539.93,5,6,1,0,False,False,True,15.172670087778858,6.228482083333334,6.398294583333333,4.8482682142857145,1.4477356597233837,5.076634562147543,4.9970601520814455
2026-06-20,11.0,IEX,1.9617,9687.35,16882.7,39390.23,5,6,1,1,False,False,True,0.428601203793783,6.228482083333334,6.398294583333333,4.8482682142857145,1.4477356597233837,5.076634562147543,4.9970601520814455
2026-06-21,15.0,IEX,1.7291800000000002,9209.22,12256.38,36496.23,6,6,1,1,False,False,True,0.335825919461866,5.710398333333334,6.228482083333334,5.312454404761906,1.0092919873003843,5.174136680791511,5.0541272065815965
2026-06-21,16.0,IEX,2.46452,8192.56,13286.2,27851.0,6,6,1,1,False,False,True,0.47704570734370555,5.710398333333334,6.228482083333334,5.312454404761906,1.0092919873003843,5.174136680791511,5.0541272065815965
2026-06-21,17.0,IEX,2.71809,7674.93,14290.38,21484.75,6,6,1,1,False,False,True,0.6651406226904476,5.710398333333334,6.228482083333334,5.312454404761906,1.0092919873003843,5.174136680791511,5.0541272065815965
2026-06-21,18.0,IEX,2.95999,6594.22,13778.33,15920.75,6,6,1,1,True,False,False,0.8654322184159463,5.710398333333334,6.228482083333334,5.312454404761906,1.0092919873003843,5.174136680791511,5.0541272065815965
2026-06-21,19.0,IEX,3.63863,5897.83,13683.4,10292.38,6,6,1,1,True,False,False,1.3294689845016712,5.710398333333334,6.228482083333334,5.312454404761906,1.0092919873003843,5.174136680791511,5.0541272065815965
2026-06-21,24.0,IEX,10.0,1957.45,21563.18,1957.45,6,6,1,0,False,False,True,11.015954374232015,5.710398333333334,6.228482083333334,5.312454404761906,1.0092919873003843,5.174136680791511,5.0541272065815965
2026-06-21,21.0,IEX,10.0,4690.85,17129.0,4695.55,6,6,1,1,True,False,False,3.6479219609035747,5.710398333333334,6.228482083333334,5.312454404761906,1.0092919873003843,5.174136680791511,5.0541272065815965
2026-06-21,22.0,IEX,10.0,3136.85,19228.65,3136.85,6,6,1,1,True,False,False,6.12992331118822,5.710398333333334,6.228482083333334,5.312454404761906,1.0092919873003843,5.174136680791511,5.0541272065815965
2026-06-21,23.0,IEX,10.0,2647.6,20405.9,2647.6,6,6,1,0,False,False,True,7.707319807722769,5.710398333333334,6.228482083333334,5.312454404761906,1.0092919873003843,5.174136680791511,5.0541272065815965
2026-06-21,14.0,IEX,1.09268,8604.82,10035.33,44499.23,6,6,1,1,False,False,True,0.225516935860347,5.710398333333334,6.228482083333334,5.312454404761906,1.0092919873003843,5.174136680791511,5.0541272065815965
2026-06-21,20.0,IEX,5.7458800000000005,6169.9,15481.43,6868.23,6,6,1,1,True,False,False,2.25406399865167,5.710398333333334,6.228482083333334,5.312454404761906,1.0092919873003843,5.174136680791511,5.0541272065815965
2026-06-21,13.0,IEX,1.09225,8291.47,9796.7,46716.2,6,6,1,1,False,False,True,0.20970669698954397,5.710398333333334,6.228482083333334,5.312454404761906,1.0092919873003843,5.174136680791511,5.0541272065815965
2026-06-21,12.0,IEX,1.0922,7998.94,9775.78,46578.5,6,6,1,1,False,False,True,0.20987751855257736,5.710398333333334,6.228482083333334,5.312454404761906,1.0092919873003843,5.174136680791511,5.0541272065815965
2026-06-21,11.0,IEX,1.0691,7557.14,9171.15,45027.25,6,6,1,1,False,False,True,0.20367999373630855,5.710398333333334,6.228482083333334,5.312454404761906,1.0092919873003843,5.174136680791511,5.0541272065815965
2026-06-21,2.0,IEX,10.0,2039.97,18276.7,2039.98,6,6,1,0,False,False,True,8.959254458576778,5.710398333333334,6.228482083333334,5.312454404761906,1.0092919873003843,5.174136680791511,5.0541272065815965
2026-06-21,3.0,IEX,10.0,2963.67,16953.8,2963.68,6,6,1,0,False,False,True,5.720523114099622,5.710398333333334,6.228482083333334,5.312454404761906,1.0092919873003843,5.174136680791511,5.0541272065815965
2026-06-21,4.0,IEX,10.0,4076.82,16476.98,4076.83,6,6,1,0,False,False,True,4.0416156571610395,5.710398333333334,6.228482083333334,5.312454404761906,1.0092919873003843,5.174136680791511,5.0541272065815965
2026-06-21,5.0,IEX,9.39997,4821.82,16058.23,4832.63,6,6,1,0,False,False,True,3.322875942658809,5.710398333333334,6.228482083333334,5.312454404761906,1.0092919873003843,5.174136680791511,5.0541272065815965
2026-06-21,1.0,IEX,10.0,1554.81,21274.3,1554.83,6,6,1,0,False,False,True,13.682717636765965,5.710398333333334,6.228482083333334,5.312454404761906,1.0092919873003843,5.174136680791511,5.0541272065815965
2026-06-21,7.0,IEX,7.96824,7396.5,18325.85,7627.48,6,6,1,0,False,True,False,2.402608722143344,5.710398333333334,6.228482083333334,5.312454404761906,1.0092919873003843,5.174136680791511,5.0541272065815965
2026-06-21,8.0,IEX,3.20608,6986.11,15944.23,15074.7,6,6,1,0,False,True,False,1.0576814125271603,5.710398333333334,6.228482083333334,5.312454404761906,1.0092919873003843,5.174136680791511,5.0541272065815965
2026-06-21,9.0,IEX,1.82703,8149.35,11712.6,27513.88,6,6,1,1,False,True,False,0.4256978657951195,5.710398333333334,6.228482083333334,5.312454404761906,1.0092919873003843,5.174136680791511,5.0541272065815965
2026-06-21,10.0,IEX,1.04572,7528.44,9103.95,39312.1,6,6,1,1,False,True,False,0.2315813705623507,5.710398333333334,6.228482083333334,5.312454404761906,1.0092919873003843,5.174136680791511,5.0541272065815965
2026-06-21,6.0,IEX,10.0,5290.22,17393.68,5290.23,6,6,1,0,False,True,False,3.287887287910191,5.710398333333334,6.228482083333334,5.312454404761906,1.0092919873003843,5.174136680791511,5.0541272065815965
2026-06-22,15.0,IEX,2.4785,10896.78,20210.18,36329.53,0,6,0,1,False,False,True,0.5563017191369385,6.2532266666666665,5.710398333333334,5.673020416666667,0.7724991250567469,5.340150524772304,5.150055163388402
2026-06-22,24.0,IEX,10.0,1396.17,33835.08,1402.98,0,6,0,0,False,False,True,24.116580249778472,6.2532266666666665,5.710398333333334,5.673020416666667,0.7724991250567469,5.340150524772304,5.150055163388402
2026-06-22,23.0,IEX,10.0,1676.13,34195.83,1684.2,0,6,0,0,False,False,True,20.30390084132585,6.2532266666666665,5.710398333333334,5.673020416666667,0.7724991250567469,5.340150524772304,5.150055163388402
2026-06-22,22.0,IEX,10.0,1945.58,29101.08,1952.38,0,6,0,1,True,False,False,14.905438414112835,6.2532266666666665,5.710398333333334,5.673020416666667,0.7724991250567469,5.340150524772304,5.150055163388402
2026-06-22,21.0,IEX,10.0,2308.88,21274.4,2315.68,0,6,0,1,True,False,False,9.18710698720416,6.2532266666666665,5.710398333333334,5.673020416666667,0.7724991250567469,5.340150524772304,5.150055163388402
2026-06-22,20.0,IEX,10.0,3159.47,19381.65,3166.28,0,6,0,1,True,False,False,6.121268472398939,6.2532266666666665,5.710398333333334,5.673020416666667,0.7724991250567469,5.340150524772304,5.150055163388402
2026-06-22,19.0,IEX,5.39897,5769.83,17145.0,7568.78,0,6,0,1,True,False,False,2.2652263610975267,6.2532266666666665,5.710398333333334,5.673020416666667,0.7724991250567469,5.340150524772304,5.150055163388402
2026-06-22,18.0,IEX,3.74487,8410.42,21145.5,12849.35,0,6,0,1,True,False,False,1.645647443920784,6.2532266666666665,5.710398333333334,5.673020416666667,0.7724991250567469,5.340150524772304,5.150055163388402
2026-06-22,17.0,IEX,3.35283,8114.96,20774.18,18625.73,0,6,0,1,False,False,True,1.1153484984935633,6.2532266666666665,5.710398333333334,5.673020416666667,0.7724991250567469,5.340150524772304,5.150055163388402
2026-06-22,16.0,IEX,2.99745,9324.6,20218.6,25395.53,0,6,0,1,False,False,True,0.7961479832095854,6.2532266666666665,5.710398333333334,5.673020416666667,0.7724991250567469,5.340150524772304,5.150055163388402
2026-06-22,14.0,IEX,1.66069,10557.03,17732.35,42368.13,0,6,0,1,False,False,True,0.41853039055098007,6.2532266666666665,5.710398333333334,5.673020416666667,0.7724991250567469,5.340150524772304,5.150055163388402
2026-06-22,13.0,IEX,1.55653,10467.8,17507.28,43574.83,0,6,0,1,False,False,True,0.4017750613366075,6.2532266666666665,5.710398333333334,5.673020416666667,0.7724991250567469,5.340150524772304,5.150055163388402
2026-06-22,1.0,IEX,10.0,1821.63,21747.73,1828.43,0,6,0,0,False,False,True,11.894209721486686,6.2532266666666665,5.710398333333334,5.673020416666667,0.7724991250567469,5.340150524772304,5.150055163388402
2026-06-22,12.0,IEX,1.39727,10127.48,17523.63,44409.38,0,6,0,1,False,False,True,0.3945929890499275,6.2532266666666665,5.710398333333334,5.673020416666667,0.7724991250567469,5.340150524772304,5.150055163388402
2026-06-22,2.0,IEX,10.0,2660.47,18147.05,2667.28,0,6,0,0,False,False,True,6.80357890133927,6.2532266666666665,5.710398333333334,5.673020416666667,0.7724991250567469,5.340150524772304,5.150055163388402
2026-06-22,3.0,IEX,10.0,3301.75,16096.73,3308.55,0,6,0,0,False,False,True,4.865191685586762,6.2532266666666665,5.710398333333334,5.673020416666667,0.7724991250567469,5.340150524772304,5.150055163388402
2026-06-22,5.0,IEX,9.99989,3939.65,16837.2,3952.05,0,6,0,0,False,False,True,4.260371188976933,6.2532266666666665,5.710398333333334,5.673020416666667,0.7724991250567469,5.340150524772304,5.150055163388402
2026-06-22,6.0,IEX,9.24976,4328.82,17792.3,4385.9,0,6,0,0,False,True,False,4.056704429976278,6.2532266666666665,5.710398333333334,5.673020416666667,0.7724991250567469,5.340150524772304,5.150055163388402
2026-06-22,4.0,IEX,10.0,3677.33,16138.6,3684.13,0,6,0,0,False,False,True,4.380572877774202,6.2532266666666665,5.710398333333334,5.673020416666667,0.7724991250567469,5.340150524772304,5.150055163388402
2026-06-22,8.0,IEX,3.68279,7169.31,19750.35,13260.15,0,6,0,0,False,True,False,1.489451475669995,6.2532266666666665,5.710398333333334,5.673020416666667,0.7724991250567469,5.340150524772304,5.150055163388402
2026-06-22,9.0,IEX,2.39367,8220.63,17034.7,25712.85,0,6,0,1,False,True,False,0.6624975447441659,6.2532266666666665,5.710398333333334,5.673020416666667,0.7724991250567469,5.340150524772304,5.150055163388402
2026-06-22,10.0,IEX,1.66243,8513.84,15979.1,38066.95,0,6,0,1,False,True,False,0.4197630752083466,6.2532266666666665,5.710398333333334,5.673020416666667,0.7724991250567469,5.340150524772304,5.150055163388402
2026-06-22,11.0,IEX,1.50162,9616.7,17170.13,43454.2,0,6,0,1,False,False,True,0.39513165576742143,6.2532266666666665,5.710398333333334,5.673020416666667,0.7724991250567469,5.340150524772304,5.150055163388402
2026-06-22,7.0,IEX,9.00017,6350.39,20729.95,6456.83,0,6,0,0,False,True,False,3.2105460369708574,6.2532266666666665,5.710398333333334,5.673020416666667,0.7724991250567469,5.340150524772304,5.150055163388402
2026-06-23,18.0,IEX,3.40914,6823.78,16263.05,15162.33,1,6,0,1,True,False,False,1.0725957019319619,5.7150533333333335,6.2532266666666665,5.87668125,0.479169881335733,5.39782787993554,5.195255016983997
2026-06-23,15.0,IEX,1.88984,10455.1,16587.9,39333.15,1,6,0,1,False,False,True,0.4217282367616811,5.7150533333333335,6.2532266666666665,5.87668125,0.479169881335733,5.39782787993554,5.195255016983997
2026-06-23,16.0,IEX,2.67296,8592.46,16874.18,29208.9,1,6,0,1,False,False,True,0.5777067946489917,5.7150533333333335,6.2532266666666665,5.87668125,0.479169881335733,5.39782787993554,5.195255016983997
2026-06-23,17.0,IEX,2.98145,7600.98,16952.68,22232.7,1,6,0,1,False,False,True,0.7625110756846847,5.7150533333333335,6.2532266666666665,5.87668125,0.479169881335733,5.39782787993554,5.195255016983997
2026-06-23,19.0,IEX,4.04779,5088.13,13308.55,8277.93,1,6,0,1,True,False,False,1.6077147286728508,5.7150533333333335,6.2532266666666665,5.87668125,0.479169881335733,5.39782787993554,5.195255016983997
2026-06-23,14.0,IEX,1.28513,9926.91,15548.68,46589.5,1,6,0,1,False,False,True,0.3337378593172844,5.7150533333333335,6.2532266666666665,5.87668125,0.479169881335733,5.39782787993554,5.195255016983997
2026-06-23,21.0,IEX,10.0,2594.39,16147.43,2605.2,1,6,0,1,True,False,False,6.198153668823301,5.7150533333333335,6.2532266666666665,5.87668125,0.479169881335733,5.39782787993554,5.195255016983997
2026-06-23,22.0,IEX,10.0,1924.35,18617.1,1931.15,1,6,0,1,True,False,False,9.640421460578299,5.7150533333333335,6.2532266666666665,5.87668125,0.479169881335733,5.39782787993554,5.195255016983997
2026-06-23,23.0,IEX,10.0,1730.26,24370.1,1737.08,1,6,0,0,False,False,True,14.029348020647593,5.7150533333333335,6.2532266666666665,5.87668125,0.479169881335733,5.39782787993554,5.195255016983997
2026-06-23,24.0,IEX,10.0,1504.5,25389.05,1511.3,1,6,0,0,False,False,True,16.799477160064335,5.7150533333333335,6.2532266666666665,5.87668125,0.479169881335733,5.39782787993554,5.195255016983997
2026-06-23,20.0,IEX,7.93195,3761.45,14787.35,4057.0,1,6,0,1,True,False,False,3.6448976986815436,5.7150533333333335,6.2532266666666665,5.87668125,0.479169881335733,5.39782787993554,5.195255016983997
2026-06-23,13.0,IEX,1.35343,10371.08,15507.93,48032.98,1,6,0,1,False,False,True,0.32286004317807054,5.7150533333333335,6.2532266666666665,5.87668125,0.479169881335733,5.39782787993554,5.195255016983997
2026-06-23,1.0,IEX,10.0,2167.07,19749.33,2173.88,1,6,0,0,False,False,True,9.084829847623466,5.7150533333333335,6.2532266666666665,5.87668125,0.479169881335733,5.39782787993554,5.195255016983997
2026-06-23,11.0,IEX,1.32298,9231.6,14712.7,48277.98,1,6,0,1,False,False,True,0.3047497015606805,5.7150533333333335,6.2532266666666665,5.87668125,0.479169881335733,5.39782787993554,5.195255016983997
2026-06-23,10.0,IEX,1.3853,8723.83,13750.95,41357.0,1,6,0,1,False,True,False,0.3324938945444558,5.7150533333333335,6.2532266666666665,5.87668125,0.479169881335733,5.39782787993554,5.195255016983997
2026-06-23,9.0,IEX,2.26097,8876.96,15017.05,29084.43,1,6,0,1,False,True,False,0.5163260890736637,5.7150533333333335,6.2532266666666665,5.87668125,0.479169881335733,5.39782787993554,5.195255016983997
2026-06-23,8.0,IEX,3.18826,7390.58,17926.48,15841.55,1,6,0,0,False,True,False,1.131611489322944,5.7150533333333335,6.2532266666666665,5.87668125,0.479169881335733,5.39782787993554,5.195255016983997
2026-06-23,7.0,IEX,5.50937,7752.05,19204.8,9136.3,1,6,0,0,False,True,False,2.10203254916976,5.7150533333333335,6.2532266666666665,5.87668125,0.479169881335733,5.39782787993554,5.195255016983997
2026-06-23,6.0,IEX,7.394819999999999,5702.48,15678.68,6161.25,1,6,0,0,False,True,False,2.5447238749527714,5.7150533333333335,6.2532266666666665,5.87668125,0.479169881335733,5.39782787993554,5.195255016983997
2026-06-23,5.0,IEX,9.24979,5702.52,15321.83,5791.63,1,6,0,0,False,False,True,2.645512571339135,5.7150533333333335,6.2532266666666665,5.87668125,0.479169881335733,5.39782787993554,5.195255016983997
2026-06-23,4.0,IEX,10.0,5117.2,14811.55,5124.0,1,6,0,0,False,False,True,2.89062255485827,5.7150533333333335,6.2532266666666665,5.87668125,0.479169881335733,5.39782787993554,5.195255016983997
2026-06-23,3.0,IEX,10.0,4575.15,14653.25,4581.95,1,6,0,0,False,False,True,3.198037946293526,5.7150533333333335,6.2532266666666665,5.87668125,0.479169881335733,5.39782787993554,5.195255016983997
2026-06-23,2.0,IEX,10.0,2915.34,16116.6,2922.15,1,6,0,0,False,False,True,5.515322603167795,5.7150533333333335,6.2532266666666665,5.87668125,0.479169881335733,5.39782787993554,5.195255016983997
2026-06-23,12.0,IEX,1.2781,9181.12,14734.0,48287.68,1,6,0,1,False,False,True,0.305129589927466,5.7150533333333335,6.2532266666666665,5.87668125,0.479169881335733,5.39782787993554,5.195255016983997
2026-06-24,15.0,IEX,1.7288800000000002,11148.48,14149.68,40078.75,2,6,0,1,False,False,True,0.35304693875107207,4.767675833333334,5.7150533333333335,5.844816845238095,0.5500746554645486,5.3008814112275076,5.161048682291944
2026-06-24,16.0,IEX,2.5246,9876.7,13970.05,31771.93,2,6,0,1,False,False,True,0.4396978715363851,4.767675833333334,5.7150533333333335,5.844816845238095,0.5500746554645486,5.3008814112275076,5.161048682291944
2026-06-24,17.0,IEX,2.83032,8786.84,13896.03,26052.95,2,6,0,1,False,False,True,0.5333764504467339,4.767675833333334,5.7150533333333335,5.844816845238095,0.5500746554645486,5.3008814112275076,5.161048682291944
2026-06-24,18.0,IEX,3.34696,8123.02,14586.65,17787.73,2,6,0,1,True,False,False,0.8200399933999223,4.767675833333334,5.7150533333333335,5.844816845238095,0.5500746554645486,5.3008814112275076,5.161048682291944
2026-06-24,24.0,IEX,10.0,2247.86,23362.23,2254.68,2,6,0,0,False,False,True,10.36166103233425,4.767675833333334,5.7150533333333335,5.844816845238095,0.5500746554645486,5.3008814112275076,5.161048682291944
2026-06-24,23.0,IEX,10.0,2556.12,22826.3,2562.93,2,6,0,0,False,False,True,8.906329829896524,4.767675833333334,5.7150533333333335,5.844816845238095,0.5500746554645486,5.3008814112275076,5.161048682291944
2026-06-24,20.0,IEX,5.69385,4332.23,13061.33,4827.85,2,6,0,1,True,False,False,2.705413377164963,4.767675833333334,5.7150533333333335,5.844816845238095,0.5500746554645486,5.3008814112275076,5.161048682291944
2026-06-24,21.0,IEX,10.0,3098.2,13647.55,3109.0,2,6,0,1,True,False,False,4.3896912049221894,4.767675833333334,5.7150533333333335,5.844816845238095,0.5500746554645486,5.3008814112275076,5.161048682291944
2026-06-24,22.0,IEX,10.0,2558.74,17589.05,2565.55,2,6,0,1,True,False,False,6.855859340664343,4.767675833333334,5.7150533333333335,5.844816845238095,0.5500746554645486,5.3008814112275076,5.161048682291944
2026-06-24,14.0,IEX,1.21592,9818.83,11599.28,45981.03,2,6,0,1,False,False,True,0.25226229159019226,4.767675833333334,5.7150533333333335,5.844816845238095,0.5500746554645486,5.3008814112275076,5.161048682291944
2026-06-24,19.0,IEX,3.89522,6409.84,12896.15,9523.9,2,6,0,1,True,False,False,1.3540828847908075,4.767675833333334,5.7150533333333335,5.844816845238095,0.5500746554645486,5.3008814112275076,5.161048682291944
2026-06-24,13.0,IEX,1.15152,9921.22,11372.65,46466.9,2,6,0,1,False,False,True,0.2447473362232584,4.767675833333334,5.7150533333333335,5.844816845238095,0.5500746554645486,5.3008814112275076,5.161048682291944
2026-06-24,6.0,IEX,5.89016,6421.77,15279.5,6946.78,2,6,0,0,False,True,False,2.1995082582153054,4.767675833333334,5.7150533333333335,5.844816845238095,0.5500746554645486,5.3008814112275076,5.161048682291944
2026-06-24,11.0,IEX,1.16577,9450.88,12097.3,46384.15,2,6,0,1,False,False,True,0.2608067625986879,4.767675833333334,5.7150533333333335,5.844816845238095,0.5500746554645486,5.3008814112275076,5.161048682291944
2026-06-24,1.0,IEX,10.0,3736.22,16922.18,3743.03,2,6,0,0,False,False,True,4.520984324141178,4.767675833333334,5.7150533333333335,5.844816845238095,0.5500746554645486,5.3008814112275076,5.161048682291944
2026-06-24,2.0,IEX,9.24978,4835.19,13012.83,4903.7,2,6,0,0,False,False,True,2.653675790416062,4.767675833333334,5.7150533333333335,5.844816845238095,0.5500746554645486,5.3008814112275076,5.161048682291944
2026-06-24,3.0,IEX,4.54412,5130.31,12030.9,6361.53,2,6,0,0,False,False,True,1.8911959828984601,4.767675833333334,5.7150533333333335,5.844816845238095,0.5500746554645486,5.3008814112275076,5.161048682291944
2026-06-24,4.0,IEX,4.560569999999999,5466.1,13528.1,6719.23,2,6,0,0,False,False,True,2.0133408113528772,4.767675833333334,5.7150533333333335,5.844816845238095,0.5500746554645486,5.3008814112275076,5.161048682291944
2026-06-24,12.0,IEX,1.09393,9915.5,11707.78,46932.08,2,6,0,1,False,False,True,0.24946220149427378,4.767675833333334,5.7150533333333335,5.844816845238095,0.5500746554645486,5.3008814112275076,5.161048682291944
2026-06-24,7.0,IEX,4.87973,7842.1,16205.73,9290.93,2,6,0,0,False,True,False,1.7442527263209897,4.767675833333334,5.7150533333333335,5.844816845238095,0.5500746554645486,5.3008814112275076,5.161048682291944
2026-06-24,8.0,IEX,3.05149,7689.78,15316.3,15990.35,2,6,0,0,False,True,False,0.9578464505418289,4.767675833333334,5.7150533333333335,5.844816845238095,0.5500746554645486,5.3008814112275076,5.161048682291944
2026-06-24,9.0,IEX,1.84975,9038.42,12978.2,30485.0,2,6,0,1,False,True,False,0.4257241264799987,4.767675833333334,5.7150533333333335,5.844816845238095,0.5500746554645486,5.3008814112275076,5.161048682291944
2026-06-24,10.0,IEX,1.24103,8241.1,11186.68,40721.7,2,6,0,1,False,True,False,0.2747105351017491,4.767675833333334,5.7150533333333335,5.844816845238095,0.5500746554645486,5.3008814112275076,5.161048682291944
2026-06-24,5.0,IEX,4.51062,5075.03,13541.93,6541.88,2,6,0,0,False,False,True,2.070036438959387,4.767675833333334,5.7150533333333335,5.844816845238095,0.5500746554645486,5.3008814112275076,5.161048682291944
2026-06-25,15.0,IEX,1.7871199999999998,10283.48,13976.0,40037.58,3,6,0,1,False,False,True,0.34907204672483394,4.56675625,4.767675833333334,5.662841011904762,0.7322462389000575,5.187939078730968,5.1135052877085885
2026-06-25,24.0,IEX,10.0,3426.12,24950.25,3432.93,3,6,0,0,False,False,True,7.267916889456187,4.56675625,4.767675833333334,5.662841011904762,0.7322462389000575,5.187939078730968,5.1135052877085885
2026-06-25,23.0,IEX,10.0,3623.47,24103.7,3630.28,3,6,0,0,False,False,True,6.639625575328554,4.56675625,4.767675833333334,5.662841011904762,0.7322462389000575,5.187939078730968,5.1135052877085885
2026-06-25,22.0,IEX,10.0,3645.1,19849.95,3651.9,3,6,0,1,True,False,False,5.435513005735335,4.56675625,4.767675833333334,5.662841011904762,0.7322462389000575,5.187939078730968,5.1135052877085885
2026-06-25,21.0,IEX,9.12484,4158.47,14272.3,4367.45,3,6,0,1,True,False,False,3.267879418727451,4.56675625,4.767675833333334,5.662841011904762,0.7322462389000575,5.187939078730968,5.1135052877085885
2026-06-25,20.0,IEX,5.8753,4751.43,13213.43,5486.43,3,6,0,1,True,False,False,2.4083839538490714,4.56675625,4.767675833333334,5.662841011904762,0.7322462389000575,5.187939078730968,5.1135052877085885
2026-06-25,19.0,IEX,4.36972,5926.93,13029.25,8532.0,3,6,0,1,True,False,False,1.5271038425608254,4.56675625,4.767675833333334,5.662841011904762,0.7322462389000575,5.187939078730968,5.1135052877085885
2026-06-25,18.0,IEX,3.54839,7823.33,14583.1,15033.1,3,6,0,1,True,False,False,0.970066053595023,4.56675625,4.767675833333334,5.662841011904762,0.7322462389000575,5.187939078730968,5.1135052877085885
2026-06-25,17.0,IEX,2.7356700000000003,7436.93,14474.33,22845.58,3,6,0,1,False,False,True,0.6335724456837722,4.56675625,4.767675833333334,5.662841011904762,0.7322462389000575,5.187939078730968,5.1135052877085885
2026-06-25,16.0,IEX,2.54226,8781.16,14619.78,29803.05,3,6,0,1,False,False,True,0.4905464371966808,4.56675625,4.767675833333334,5.662841011904762,0.7322462389000575,5.187939078730968,5.1135052877085885
2026-06-25,14.0,IEX,1.1761,10233.83,12416.83,45490.88,3,6,0,1,False,False,True,0.2729520729709005,4.56675625,4.767675833333334,5.662841011904762,0.7322462389000575,5.187939078730968,5.1135052877085885
2026-06-25,13.0,IEX,1.16633,10167.5,11925.93,46149.73,3,6,0,1,False,False,True,0.2584181965401708,4.56675625,4.767675833333334,5.662841011904762,0.7322462389000575,5.187939078730968,5.1135052877085885
2026-06-25,1.0,IEX,10.0,5236.75,15652.35,5461.55,3,6,0,0,False,False,True,2.8659171794345615,4.56675625,4.767675833333334,5.662841011904762,0.7322462389000575,5.187939078730968,5.1135052877085885
2026-06-25,12.0,IEX,1.14803,9744.21,11677.73,46763.05,3,6,0,1,False,False,True,0.2497213076885016,4.56675625,4.767675833333334,5.662841011904762,0.7322462389000575,5.187939078730968,5.1135052877085885
2026-06-25,2.0,IEX,4.2238500000000005,4287.53,11727.1,6830.8,3,6,0,0,False,False,True,1.7167974443450293,4.56675625,4.767675833333334,5.662841011904762,0.7322462389000575,5.187939078730968,5.1135052877085885
2026-06-25,3.0,IEX,3.88004,4363.11,11737.18,7684.7,3,6,0,0,False,False,True,1.5273439411722725,4.56675625,4.767675833333334,5.662841011904762,0.7322462389000575,5.187939078730968,5.1135052877085885
2026-06-25,5.0,IEX,4.24004,5577.93,14137.15,8752.38,3,6,0,0,False,False,True,1.6152349399646326,4.56675625,4.767675833333334,5.662841011904762,0.7322462389000575,5.187939078730968,5.1135052877085885
2026-06-25,6.0,IEX,5.27307,5801.85,14877.6,7269.48,3,6,0,0,False,True,False,2.0465837968512415,4.56675625,4.767675833333334,5.662841011904762,0.7322462389000575,5.187939078730968,5.1135052877085885
2026-06-25,4.0,IEX,4.24149,5178.95,13071.98,8260.7,3,6,0,0,False,False,True,1.5824300584908904,4.56675625,4.767675833333334,5.662841011904762,0.7322462389000575,5.187939078730968,5.1135052877085885
2026-06-25,8.0,IEX,3.67356,8105.45,16624.75,16458.68,3,6,0,0,False,True,False,1.0100901159691482,4.56675625,4.767675833333334,5.662841011904762,0.7322462389000575,5.187939078730968,5.1135052877085885
2026-06-25,9.0,IEX,2.27614,8232.19,13054.08,30226.18,3,6,0,1,False,True,False,0.4318799132302263,4.56675625,4.767675833333334,5.662841011904762,0.7322462389000575,5.187939078730968,5.1135052877085885
2026-06-25,10.0,IEX,1.67383,8951.78,11571.6,40938.08,3,6,0,1,False,True,False,0.28266103337463283,4.56675625,4.767675833333334,5.662841011904762,0.7322462389000575,5.187939078730968,5.1135052877085885
2026-06-25,11.0,IEX,1.4153,9610.73,12140.18,46172.4,3,6,0,1,False,False,True,0.2629315347993755,4.56675625,4.767675833333334,5.662841011904762,0.7322462389000575,5.187939078730968,5.1135052877085885
2026-06-25,7.0,IEX,5.23107,8407.73,17516.88,10051.53,3,6,0,0,False,True,False,1.7427078248359127,4.56675625,4.767675833333334,5.662841011904762,0.7322462389000575,5.187939078730968,5.1135052877085885
2026-06-26,18.0,IEX,3.20968,7238.3,16158.43,15409.08,4,6,0,1,True,False,False,1.048630417228913,5.5376554166666665,4.56675625,5.5398925595238095,0.6565151115584522,5.241741592259537,5.147437298025235
2026-06-26,15.0,IEX,1.82716,9456.35,16398.0,38109.68,4,6,0,1,False,False,True,0.43028437907894146,5.5376554166666665,4.56675625,5.5398925595238095,0.6565151115584522,5.241741592259537,5.147437298025235
2026-06-26,16.0,IEX,2.58404,8381.52,16473.25,28746.25,4,6,0,1,False,False,True,0.5730573551078637,5.5376554166666665,4.56675625,5.5398925595238095,0.6565151115584522,5.241741592259537,5.147437298025235
2026-06-26,17.0,IEX,2.63771,6999.68,16434.13,22869.43,4,6,0,1,False,False,True,0.7186068910687294,5.5376554166666665,4.56675625,5.5398925595238095,0.6565151115584522,5.241741592259537,5.147437298025235
2026-06-26,19.0,IEX,3.49323,5037.7,13954.88,8873.35,4,6,0,1,True,False,False,1.57267322761677,5.5376554166666665,4.56675625,5.5398925595238095,0.6565151115584522,5.241741592259537,5.147437298025235
2026-06-26,14.0,IEX,1.0927,8726.2,13983.95,44070.98,4,6,0,1,False,False,True,0.3173051744442022,5.5376554166666665,4.56675625,5.5398925595238095,0.6565151115584522,5.241741592259537,5.147437298025235
2026-06-26,21.0,IEX,10.0,2703.65,18809.33,2920.75,4,6,0,1,True,False,False,6.439897264607046,5.5376554166666665,4.56675625,5.5398925595238095,0.6565151115584522,5.241741592259537,5.147437298025235
2026-06-26,22.0,IEX,10.0,2284.02,23908.9,2501.13,4,6,0,1,True,False,False,9.559239185651128,5.5376554166666665,4.56675625,5.5398925595238095,0.6565151115584522,5.241741592259537,5.147437298025235
2026-06-26,23.0,IEX,10.0,1936.19,27580.13,2153.3,4,6,0,0,False,False,True,12.808308118662943,5.5376554166666665,4.56675625,5.5398925595238095,0.6565151115584522,5.241741592259537,5.147437298025235
2026-06-26,24.0,IEX,10.0,1788.52,28164.5,2005.63,4,6,0,0,False,False,True,14.04271967390436,5.5376554166666665,4.56675625,5.5398925595238095,0.6565151115584522,5.241741592259537,5.147437298025235
2026-06-26,20.0,IEX,7.81276,4218.55,16229.8,4712.3,4,6,0,1,True,False,False,3.444135552821052,5.5376554166666665,4.56675625,5.5398925595238095,0.6565151115584522,5.241741592259537,5.147437298025235
2026-06-26,13.0,IEX,1.09249,8522.48,13729.23,45337.3,4,6,0,1,False,False,True,0.3028241645835053,5.5376554166666665,4.56675625,5.5398925595238095,0.6565151115584522,5.241741592259537,5.147437298025235
2026-06-26,1.0,IEX,10.0,2736.08,22026.73,2742.88,4,6,0,0,False,False,True,8.030511695624629,5.5376554166666665,4.56675625,5.5398925595238095,0.6565151115584522,5.241741592259537,5.147437298025235
2026-06-26,11.0,IEX,1.09262,8277.18,13977.05,45119.45,4,6,0,1,False,False,True,0.3097788203735243,5.5376554166666665,4.56675625,5.5398925595238095,0.6565151115584522,5.241741592259537,5.147437298025235
2026-06-26,10.0,IEX,1.31096,7813.39,13385.43,37998.45,4,6,0,1,False,True,False,0.35226252640508693,5.5376554166666665,4.56675625,5.5398925595238095,0.6565151115584522,5.241741592259537,5.147437298025235
2026-06-26,9.0,IEX,2.11031,8154.57,14677.48,27831.3,4,6,0,1,False,True,False,0.5273731372492937,5.5376554166666665,4.56675625,5.5398925595238095,0.6565151115584522,5.241741592259537,5.147437298025235
2026-06-26,8.0,IEX,3.23076,7051.35,16945.3,14359.78,4,6,0,0,False,True,False,1.1800528969245678,5.5376554166666665,4.56675625,5.5398925595238095,0.6565151115584522,5.241741592259537,5.147437298025235
2026-06-26,7.0,IEX,6.92507,6859.68,19302.43,7511.5,4,6,0,0,False,True,False,2.569717097024939,5.5376554166666665,4.56675625,5.5398925595238095,0.6565151115584522,5.241741592259537,5.147437298025235
2026-06-26,6.0,IEX,5.89408,5200.15,16945.98,6010.55,4,6,0,0,False,True,False,2.819372598482048,5.5376554166666665,4.56675625,5.5398925595238095,0.6565151115584522,5.241741592259537,5.147437298025235
2026-06-26,5.0,IEX,9.13008,5532.8,17798.65,5695.05,4,6,0,0,False,False,True,3.1252842325786707,5.5376554166666665,4.56675625,5.5398925595238095,0.6565151115584522,5.241741592259537,5.147437298025235
2026-06-26,4.0,IEX,9.24311,5220.02,17420.43,5254.95,4,6,0,0,False,False,True,3.3150515165414487,5.5376554166666665,4.56675625,5.5398925595238095,0.6565151115584522,5.241741592259537,5.147437298025235
2026-06-26,3.0,IEX,9.12471,4704.15,15771.6,4803.28,4,6,0,0,False,False,True,3.283506263879045,5.5376554166666665,4.56675625,5.5398925595238095,0.6565151115584522,5.241741592259537,5.147437298025235
2026-06-26,2.0,IEX,10.0,2975.87,17927.4,2982.68,4,6,0,0,False,False,True,6.01050060344891,5.5376554166666665,4.56675625,5.5398925595238095,0.6565151115584522,5.241741592259537,5.147437298025235
2026-06-26,12.0,IEX,1.09226,8061.07,13605.03,45952.63,4,6,0,1,False,False,True,0.2960664057103878,5.5376554166666665,4.56675625,5.5398925595238095,0.6565151115584522,5.241741592259537,5.147437298025235
2026-06-27,15.0,IEX,2.13722,10357.21,17264.48,34945.33,5,6,1,1,False,False,True,0.49404255146709364,6.287845,5.5376554166666665,5.5483729761904765,0.6671889348695043,5.402680578065762,5.238669914183216
2026-06-27,16.0,IEX,2.61263,9065.43,17178.08,28460.78,5,6,1,1,False,False,True,0.603570246281525,6.287845,5.5376554166666665,5.5483729761904765,0.6671889348695043,5.402680578065762,5.238669914183216
2026-06-27,17.0,IEX,3.09047,8112.34,17628.25,22330.18,5,6,1,1,False,False,True,0.7894360901750742,6.287845,5.5376554166666665,5.5483729761904765,0.6671889348695043,5.402680578065762,5.238669914183216
2026-06-27,24.0,IEX,10.0,1692.14,32718.78,1889.65,5,6,1,0,False,False,True,17.314730149420633,6.287845,5.5376554166666665,5.5483729761904765,0.6671889348695043,5.402680578065762,5.238669914183216
2026-06-27,18.0,IEX,3.5291,7959.08,17495.78,15001.93,5,6,1,1,True,False,False,1.166235276950209,6.287845,5.5376554166666665,5.5483729761904765,0.6671889348695043,5.402680578065762,5.238669914183216
2026-06-27,23.0,IEX,10.0,1770.27,31954.53,1967.78,5,6,1,0,False,False,True,16.238873165501868,6.287845,5.5376554166666665,5.5483729761904765,0.6671889348695043,5.402680578065762,5.238669914183216
2026-06-27,20.0,IEX,10.0,2844.64,17551.85,3042.15,5,6,1,1,True,False,False,5.769554408002384,6.287845,5.5376554166666665,5.5483729761904765,0.6671889348695043,5.402680578065762,5.238669914183216
2026-06-27,21.0,IEX,10.0,2180.63,21913.48,2378.13,5,6,1,1,True,False,False,9.21458452980037,6.287845,5.5376554166666665,5.5483729761904765,0.6671889348695043,5.402680578065762,5.238669914183216
2026-06-27,22.0,IEX,10.0,2134.35,26123.68,2331.85,5,6,1,1,True,False,False,11.202984706550659,6.287845,5.5376554166666665,5.5483729761904765,0.6671889348695043,5.402680578065762,5.238669914183216
2026-06-27,14.0,IEX,1.29749,9986.9,14515.8,40659.5,5,6,1,1,False,False,True,0.35700881703980397,6.287845,5.5376554166666665,5.5483729761904765,0.6671889348695043,5.402680578065762,5.238669914183216
2026-06-27,19.0,IEX,4.41712,5975.75,15430.6,7911.05,5,6,1,1,True,False,False,1.9505122557049794,6.287845,5.5376554166666665,5.5483729761904765,0.6671889348695043,5.402680578065762,5.238669914183216
2026-06-27,13.0,IEX,1.36347,9944.83,14554.48,41511.23,5,6,1,1,False,False,True,0.3506154839664795,6.287845,5.5376554166666665,5.5483729761904765,0.6671889348695043,5.402680578065762,5.238669914183216
2026-06-27,7.0,IEX,10.0,6628.62,21562.05,6820.03,5,6,1,0,False,True,False,3.1615769972249725,6.287845,5.5376554166666665,5.5483729761904765,0.6671889348695043,5.402680578065762,5.238669914183216
2026-06-27,11.0,IEX,1.29144,8851.75,13746.95,42373.43,5,6,1,1,False,False,True,0.32442381928382386,6.287845,5.5376554166666665,5.5483729761904765,0.6671889348695043,5.402680578065762,5.238669914183216
2026-06-27,10.0,IEX,1.82583,9001.31,14143.65,36800.5,5,6,1,1,False,True,False,0.3843330931959258,6.287845,5.5376554166666665,5.5483729761904765,0.6671889348695043,5.402680578065762,5.238669914183216
2026-06-27,9.0,IEX,2.6017,8318.17,15347.6,24402.75,5,6,1,1,False,True,False,0.628929116337737,6.287845,5.5376554166666665,5.5483729761904765,0.6671889348695043,5.402680578065762,5.238669914183216
2026-06-27,8.0,IEX,5.475899999999999,8220.05,18737.08,11251.13,5,6,1,0,False,True,False,1.6653509454913857,6.287845,5.5376554166666665,5.5483729761904765,0.6671889348695043,5.402680578065762,5.238669914183216
2026-06-27,6.0,IEX,10.0,4786.55,19008.05,4977.95,5,6,1,0,False,True,False,3.8184493540143047,6.287845,5.5376554166666665,5.5483729761904765,0.6671889348695043,5.402680578065762,5.238669914183216
2026-06-27,5.0,IEX,10.0,4651.89,18748.78,4843.3,5,6,1,0,False,False,True,3.8710754983769835,6.287845,5.5376554166666665,5.5483729761904765,0.6671889348695043,5.402680578065762,5.238669914183216
2026-06-27,4.0,IEX,10.0,4075.25,18615.43,4266.65,5,6,1,0,False,False,True,4.363008439025915,6.287845,5.5376554166666665,5.5483729761904765,0.6671889348695043,5.402680578065762,5.238669914183216
2026-06-27,3.0,IEX,10.0,3077.82,17102.25,3269.23,5,6,1,0,False,False,True,5.231277685475547,6.287845,5.5376554166666665,5.5483729761904765,0.6671889348695043,5.402680578065762,5.238669914183216
2026-06-27,2.0,IEX,10.0,2286.93,18638.78,2478.33,5,6,1,0,False,False,True,7.520701409736792,6.287845,5.5376554166666665,5.5483729761904765,0.6671889348695043,5.402680578065762,5.238669914183216
2026-06-27,1.0,IEX,10.0,1889.12,22790.3,2053.18,5,6,1,0,False,False,True,11.100000920036232,6.287845,5.5376554166666665,5.5483729761904765,0.6671889348695043,5.402680578065762,5.238669914183216
2026-06-27,12.0,IEX,1.26591,9223.92,13867.58,42306.13,5,6,1,1,False,False,True,0.3277912679964366,6.287845,5.5376554166666665,5.5483729761904765,0.6671889348695043,5.402680578065762,5.238669914183216
2026-06-28,15.0,IEX,1.58246,10972.41,16988.08,33599.8,6,6,1,1,False,False,True,0.5056006284246928,5.96529875,6.287845,5.584787321428571,0.6842440234313817,5.489237219901798,5.296800221048559
2026-06-28,16.0,IEX,2.35065,9473.71,16612.95,26082.58,6,6,1,1,False,False,True,0.6369366064871893,5.96529875,6.287845,5.584787321428571,0.6842440234313817,5.489237219901798,5.296800221048559
2026-06-28,17.0,IEX,2.5402,8174.76,16391.75,21085.53,6,6,1,1,False,False,True,0.7773933115376311,5.96529875,6.287845,5.584787321428571,0.6842440234313817,5.489237219901798,5.296800221048559
2026-06-28,18.0,IEX,3.0593000000000004,7118.27,15985.9,14390.9,6,6,1,1,True,False,False,1.110833929003166,5.96529875,6.287845,5.584787321428571,0.6842440234313817,5.489237219901798,5.296800221048559
2026-06-28,24.0,IEX,10.0,1964.8,27883.0,1971.6,6,6,1,0,False,False,True,14.142320885867719,5.96529875,6.287845,5.584787321428571,0.6842440234313817,5.489237219901798,5.296800221048559
2026-06-28,21.0,IEX,10.0,3090.0,19448.88,3096.8,6,6,1,1,True,False,False,6.2803151437602835,5.96529875,6.287845,5.584787321428571,0.6842440234313817,5.489237219901798,5.296800221048559
2026-06-28,22.0,IEX,10.0,2500.05,23517.28,2506.85,6,6,1,1,True,False,False,9.381207454051069,5.96529875,6.287845,5.584787321428571,0.6842440234313817,5.489237219901798,5.296800221048559
2026-06-28,23.0,IEX,10.0,2131.4,27237.23,2138.2,6,6,1,0,False,False,True,12.738392045934,5.96529875,6.287845,5.584787321428571,0.6842440234313817,5.489237219901798,5.296800221048559
2026-06-28,14.0,IEX,1.0924200000000002,10411.5,15233.08,39470.48,6,6,1,1,False,False,True,0.3859360209488366,5.96529875,6.287845,5.584787321428571,0.6842440234313817,5.489237219901798,5.296800221048559
2026-06-28,20.0,IEX,7.30028,4561.25,17318.83,4879.98,6,6,1,1,True,False,False,3.548955111396041,5.96529875,6.287845,5.584787321428571,0.6842440234313817,5.489237219901798,5.296800221048559
2026-06-28,13.0,IEX,1.09244,10182.01,14813.88,40094.13,6,6,1,1,False,False,True,0.3694775269174122,5.96529875,6.287845,5.584787321428571,0.6842440234313817,5.489237219901798,5.296800221048559
2026-06-28,19.0,IEX,3.21897,3938.68,13264.25,9046.03,6,6,1,1,True,False,False,1.4663062122651525,5.96529875,6.287845,5.584787321428571,0.6842440234313817,5.489237219901798,5.296800221048559
2026-06-28,11.0,IEX,1.09251,10370.46,15210.9,40445.6,6,6,1,1,False,False,True,0.37608293599895093,5.96529875,6.287845,5.584787321428571,0.6842440234313817,5.489237219901798,5.296800221048559
2026-06-28,10.0,IEX,1.72768,10312.86,15302.95,33897.13,6,6,1,1,False,True,False,0.4514526744737821,5.96529875,6.287845,5.584787321428571,0.6842440234313817,5.489237219901798,5.296800221048559
2026-06-28,9.0,IEX,2.43973,9178.62,17000.65,23183.08,6,6,1,1,False,True,False,0.7333214565392858,5.96529875,6.287845,5.584787321428571,0.6842440234313817,5.489237219901798,5.296800221048559
2026-06-28,8.0,IEX,4.57801,7830.46,19189.83,11378.45,6,6,1,0,False,True,False,1.6865065086312228,5.96529875,6.287845,5.584787321428571,0.6842440234313817,5.489237219901798,5.296800221048559
2026-06-28,7.0,IEX,10.0,5611.12,23340.03,5617.93,6,6,1,0,False,True,False,4.154560480186545,5.96529875,6.287845,5.584787321428571,0.6842440234313817,5.489237219901798,5.296800221048559
2026-06-28,6.0,IEX,10.0,3763.45,22510.75,3770.25,6,6,1,0,False,True,False,5.970625274263973,5.96529875,6.287845,5.584787321428571,0.6842440234313817,5.489237219901798,5.296800221048559
2026-06-28,5.0,IEX,10.0,3059.47,22369.45,3066.28,6,6,1,0,False,False,True,7.295305688667356,5.96529875,6.287845,5.584787321428571,0.6842440234313817,5.489237219901798,5.296800221048559
2026-06-28,4.0,IEX,10.0,2667.87,22705.3,2674.68,6,6,1,0,False,False,True,8.48897808900886,5.96529875,6.287845,5.584787321428571,0.6842440234313817,5.489237219901798,5.296800221048559
2026-06-28,3.0,IEX,10.0,2372.75,21263.43,2379.55,6,6,1,0,False,False,True,8.935903809813183,5.96529875,6.287845,5.584787321428571,0.6842440234313817,5.489237219901798,5.296800221048559
2026-06-28,2.0,IEX,10.0,2076.83,23257.03,2083.63,6,6,1,0,False,False,True,11.161784908252494,5.96529875,6.287845,5.584787321428571,0.6842440234313817,5.489237219901798,5.296800221048559
2026-06-28,1.0,IEX,10.0,1903.49,27386.55,1910.3,6,6,1,0,False,False,True,14.336256010384464,5.96529875,6.287845,5.584787321428571,0.6842440234313817,5.489237219901798,5.296800221048559
2026-06-28,12.0,IEX,1.09252,10568.51,15522.23,40859.45,6,6,1,1,False,False,True,0.37989326817177094,5.96529875,6.287845,5.584787321428571,0.6842440234313817,5.489237219901798,5.296800221048559
2026-06-29,14.0,IEX,1.9497,13364.13,23304.5,42319.5,0,6,0,1,False,False,True,0.5506799464665981,6.438161666666667,5.96529875,5.611206607142857,0.7171343511799861,5.635225596327162,5.388109136698008
2026-06-29,15.0,IEX,2.44707,13215.83,25127.15,38424.1,0,6,0,1,False,False,True,0.6539424474082822,6.438161666666667,5.96529875,5.611206607142857,0.7171343511799861,5.635225596327162,5.388109136698008
2026-06-29,16.0,IEX,3.2422,12260.47,25389.58,27899.88,0,6,0,1,False,False,True,0.9100247022890333,6.438161666666667,5.96529875,5.611206607142857,0.7171343511799861,5.635225596327162,5.388109136698008
2026-06-29,17.0,IEX,3.49214,11152.9,25258.13,20614.48,0,6,0,1,False,False,True,1.2252615631220087,6.438161666666667,5.96529875,5.611206607142857,0.7171343511799861,5.635225596327162,5.388109136698008
2026-06-29,22.0,IEX,10.0,2473.97,40878.33,2480.78,0,6,0,1,True,False,False,16.47801491273706,6.438161666666667,5.96529875,5.611206607142857,0.7171343511799861,5.635225596327162,5.388109136698008
2026-06-29,19.0,IEX,4.48838,5820.74,20464.68,7148.33,0,6,0,1,True,False,False,2.862861671379383,6.438161666666667,5.96529875,5.611206607142857,0.7171343511799861,5.635225596327162,5.388109136698008
2026-06-29,20.0,IEX,10.0,3470.55,26306.7,3477.35,0,6,0,1,True,False,False,7.565157353832207,6.438161666666667,5.96529875,5.611206607142857,0.7171343511799861,5.635225596327162,5.388109136698008
2026-06-29,21.0,IEX,10.0,2763.65,34010.33,2770.45,0,6,0,1,True,False,False,12.276103115825578,6.438161666666667,5.96529875,5.611206607142857,0.7171343511799861,5.635225596327162,5.388109136698008
2026-06-29,13.0,IEX,1.85353,13301.4,23201.85,42444.58,0,6,0,1,False,False,True,0.5466386990879308,6.438161666666667,5.96529875,5.611206607142857,0.7171343511799861,5.635225596327162,5.388109136698008
2026-06-29,18.0,IEX,4.51594,9108.05,24945.48,12080.0,0,6,0,1,True,False,False,2.0650231770984906,6.438161666666667,5.96529875,5.611206607142857,0.7171343511799861,5.635225596327162,5.388109136698008
2026-06-29,12.0,IEX,1.62339,12156.35,22290.63,43077.48,0,6,0,1,False,False,True,0.5174543635056056,6.438161666666667,5.96529875,5.611206607142857,0.7171343511799861,5.635225596327162,5.388109136698008
2026-06-29,6.0,IEX,10.0,4266.55,23110.35,4273.35,0,6,0,0,False,True,False,5.408017116763155,6.438161666666667,5.96529875,5.611206607142857,0.7171343511799861,5.635225596327162,5.388109136698008
2026-06-29,10.0,IEX,2.01605,11592.89,21462.28,37753.4,0,6,0,1,False,True,False,0.5684860170028431,6.438161666666667,5.96529875,5.611206607142857,0.7171343511799861,5.635225596327162,5.388109136698008
2026-06-29,9.0,IEX,2.88445,9684.85,22073.15,25658.43,0,6,0,1,False,True,False,0.8602689249263229,6.438161666666667,5.96529875,5.611206607142857,0.7171343511799861,5.635225596327162,5.388109136698008
2026-06-29,8.0,IEX,4.390479999999999,8998.98,22875.25,13617.05,0,6,0,0,False,True,False,1.679897627107268,6.438161666666667,5.96529875,5.611206607142857,0.7171343511799861,5.635225596327162,5.388109136698008
2026-06-29,7.0,IEX,10.0,6375.82,24758.8,6382.63,0,6,0,0,False,True,False,3.879090588238562,6.438161666666667,5.96529875,5.611206607142857,0.7171343511799861,5.635225596327162,5.388109136698008
2026-06-29,5.0,IEX,10.0,4311.87,20033.7,4318.68,0,6,0,0,False,False,True,4.638847970586272,6.438161666666667,5.96529875,5.611206607142857,0.7171343511799861,5.635225596327162,5.388109136698008
2026-06-29,4.0,IEX,10.0,3846.9,20365.25,3853.7,0,6,0,0,False,False,True,5.28459660771571,6.438161666666667,5.96529875,5.611206607142857,0.7171343511799861,5.635225596327162,5.388109136698008
2026-06-29,3.0,IEX,10.0,2920.87,21126.4,2927.68,0,6,0,0,False,False,True,7.216089165427611,6.438161666666667,5.96529875,5.611206607142857,0.7171343511799861,5.635225596327162,5.388109136698008
2026-06-29,2.0,IEX,10.0,2324.37,29448.28,2331.18,0,6,0,0,False,False,True,12.632349228149051,6.438161666666667,5.96529875,5.611206607142857,0.7171343511799861,5.635225596327162,5.388109136698008
2026-06-29,1.0,IEX,10.0,1989.95,32235.08,1996.78,0,6,0,0,False,False,True,16.143531004199108,6.438161666666667,5.96529875,5.611206607142857,0.7171343511799861,5.635225596327162,5.388109136698008
2026-06-29,23.0,IEX,10.0,2230.1,46765.05,2236.9,0,6,0,0,False,False,True,20.906187040519526,6.438161666666667,5.96529875,5.611206607142857,0.7171343511799861,5.635225596327162,5.388109136698008
2026-06-29,11.0,IEX,1.61255,11289.5,21382.63,42551.43,0,6,0,1,False,False,True,0.5025126063912511,6.438161666666667,5.96529875,5.611206607142857,0.7171343511799861,5.635225596327162,5.388109136698008
2026-06-29,24.0,IEX,10.0,2156.34,46290.83,2163.15,0,6,0,0,False,False,True,21.39973177357219,6.438161666666667,5.96529875,5.611206607142857,0.7171343511799861,5.635225596327162,5.388109136698008
