date,hour,exchange,mcp,mcv,buy_volume,sell_volume
2026-01-01,1.0,IEX,2.79457,4782.39,9759.28,23795.28
2026-01-01,2.0,IEX,2.76925,5353.33,10809.63,24832.33
2026-01-01,3.0,IEX,2.88967,7006.71,13285.58,25682.8
2026-01-01,4.0,IEX,2.9115,7598.78,14113.85,25612.15
2026-01-01,5.0,IEX,2.96313,6642.53,13261.13,23411.75
2026-01-01,6.0,IEX,3.3593,6560.34,13470.85,18157.25
2026-01-01,7.0,IEX,4.29204,8486.7,16142.28,12847.38
2026-01-01,8.0,IEX,8.910219999999999,9281.95,21535.23,9993.45
2026-01-01,9.0,IEX,8.90017,9502.45,21152.55,9758.05
2026-01-01,10.0,IEX,5.48804,9947.55,19490.65,11379.6
2026-01-01,11.0,IEX,3.47673,6190.46,14575.53,10777.3
2026-01-01,12.0,IEX,3.27705,5693.18,13882.03,16340.73
2026-01-01,13.0,IEX,3.0248600000000003,6344.03,12096.83,23414.63
2026-01-01,14.0,IEX,2.60539,5724.82,10747.88,27555.83
2026-01-01,15.0,IEX,2.6807,6688.66,13374.33,24054.53
2026-01-01,16.0,IEX,3.0241700000000002,6136.09,12998.55,18129.88
2026-01-01,17.0,IEX,3.6766900000000002,7251.53,14354.63,14142.73
2026-01-01,18.0,IEX,7.5326,5683.12,16109.08,6514.38
2026-01-01,19.0,IEX,10.0,4766.92,17607.45,4986.93
2026-01-01,20.0,IEX,7.82854,5631.43,13948.33,6166.73
2026-01-01,21.0,IEX,4.74096,5547.85,12072.75,7974.1
2026-01-01,22.0,IEX,4.16481,6325.73,11830.25,12723.08
2026-01-01,23.0,IEX,3.30918,5447.64,10591.7,18069.6
2026-01-01,24.0,IEX,3.0342399999999996,5023.75,9885.8,22532.05
2026-01-02,1.0,IEX,2.91133,5823.09,11728.23,25811.93
2026-01-02,2.0,IEX,2.67068,5824.46,12462.78,27064.9
2026-01-02,3.0,IEX,2.6767600000000003,6816.04,13438.05,28607.8
2026-01-02,4.0,IEX,2.76782,7956.94,13807.13,28744.8
2026-01-02,5.0,IEX,2.86621,7594.28,13998.8,27597.48
2026-01-02,6.0,IEX,3.35865,7533.18,13466.98,20552.28
2026-01-02,7.0,IEX,4.25351,8719.8,15693.9,13366.0
2026-01-02,8.0,IEX,8.83858,9938.0,20177.95,10919.15
2026-01-02,9.0,IEX,7.33641,9847.52,18697.23,11373.9
2026-01-02,10.0,IEX,4.68756,9205.45,18962.68,12124.0
2026-01-02,11.0,IEX,3.93883,7924.34,17813.85,13630.7
2026-01-02,12.0,IEX,3.58209,7156.35,16621.5,17236.13
2026-01-02,13.0,IEX,3.34159,7326.68,15204.83,23270.5
2026-01-02,14.0,IEX,3.13171,6305.35,14119.28,27236.73
2026-01-02,15.0,IEX,3.13615,7721.85,16302.45,23636.88
2026-01-02,16.0,IEX,3.4825500000000003,8457.75,16894.13,17515.75
2026-01-02,17.0,IEX,5.98716,9572.18,19021.58,11965.75
2026-01-02,18.0,IEX,10.0,4853.16,21314.33,5293.18
2026-01-02,19.0,IEX,10.0,3980.65,23335.7,4420.65
2026-01-02,20.0,IEX,10.0,4483.25,18830.58,4923.25
2026-01-02,21.0,IEX,5.41462,6282.68,14915.35,7307.6
2026-01-02,22.0,IEX,4.4554,6373.76,12664.03,11453.83
2026-01-02,23.0,IEX,3.9033200000000003,6186.88,11649.25,16847.0
2026-01-02,24.0,IEX,3.3889,5494.95,10878.75,21676.83
2026-01-03,1.0,IEX,2.92932,6733.75,12127.98,28452.5
2026-01-03,2.0,IEX,2.76532,6880.24,12667.18,29780.9
2026-01-03,3.0,IEX,2.69551,7441.5,13422.08,30553.7
2026-01-03,4.0,IEX,2.69061,8021.22,13864.0,30898.1
2026-01-03,5.0,IEX,2.7929299999999997,7409.8,13485.23,29791.18
2026-01-03,6.0,IEX,3.1655300000000004,6365.5,12688.38,22362.65
2026-01-03,7.0,IEX,3.9443200000000003,6483.18,13778.7,14476.53
2026-01-03,8.0,IEX,6.8316300000000005,9593.66,18091.53,12488.68
2026-01-03,9.0,IEX,5.08688,9689.05,18402.38,12248.28
2026-01-03,10.0,IEX,4.73167,9976.7,20542.65,13116.33
2026-01-03,11.0,IEX,4.104430000000001,7568.45,16498.7,12903.13
2026-01-03,12.0,IEX,3.66031,8396.23,16238.2,18005.83
2026-01-03,13.0,IEX,3.3913699999999998,7905.93,14482.9,24137.4
2026-01-03,14.0,IEX,3.22931,6401.98,13322.55,28096.68
2026-01-03,15.0,IEX,3.25665,7393.0,14885.48,24815.73
2026-01-03,16.0,IEX,3.56562,8989.23,16262.73,19512.85
2026-01-03,17.0,IEX,4.195930000000001,8352.55,16827.7,13820.48
2026-01-03,18.0,IEX,10.0,6063.04,21239.9,7292.35
2026-01-03,19.0,IEX,10.0,4603.32,22907.6,5757.63
2026-01-03,20.0,IEX,9.399790000000001,5878.48,18180.25,7200.95
2026-01-03,21.0,IEX,4.931649999999999,6997.05,14067.98,9804.65
2026-01-03,22.0,IEX,4.22479,7116.95,12665.85,13578.43
2026-01-03,23.0,IEX,3.75225,7216.53,12830.98,19764.08
2026-01-03,24.0,IEX,3.02306,6888.26,11903.58,24336.9
2026-01-04,1.0,IEX,2.7868000000000004,5755.2,11899.13,27567.95
2026-01-04,2.0,IEX,2.71541,6414.04,12455.58,29002.95
2026-01-04,3.0,IEX,2.67487,7149.3,13659.0,29697.6
2026-01-04,4.0,IEX,2.67009,7104.0,13062.78,29923.03
2026-01-04,5.0,IEX,2.73535,6836.84,13675.68,28467.45
2026-01-04,6.0,IEX,3.11626,6489.6,13621.25,22969.85
2026-01-04,7.0,IEX,3.83697,7995.5,15290.03,16966.03
2026-01-04,8.0,IEX,4.45592,9293.43,17804.6,15740.2
2026-01-04,9.0,IEX,4.376600000000001,8509.88,17736.95,15538.2
2026-01-04,10.0,IEX,4.0513200000000005,7617.61,16513.13,14036.03
2026-01-04,11.0,IEX,3.4539400000000002,6567.18,14443.15,14974.73
2026-01-04,12.0,IEX,2.9307600000000003,6029.86,13574.33,21692.73
2026-01-04,13.0,IEX,2.8415100000000004,6173.21,12470.1,26647.28
2026-01-04,14.0,IEX,2.65538,5746.9,11118.1,30928.93
2026-01-04,15.0,IEX,2.63283,5931.82,13006.68,29448.23
2026-01-04,16.0,IEX,2.7962399999999996,5984.53,12664.63,22869.98
2026-01-04,17.0,IEX,3.30143,8101.27,14120.8,19363.4
2026-01-04,18.0,IEX,4.14918,6513.95,13715.98,12300.2
2026-01-04,19.0,IEX,5.0800600000000005,5880.28,14241.48,9634.98
2026-01-04,20.0,IEX,4.50476,5016.75,11520.83,10357.33
2026-01-04,21.0,IEX,3.9639,5977.32,10786.88,12228.73
2026-01-04,22.0,IEX,3.84505,6050.08,10562.18,15987.93
2026-01-04,23.0,IEX,3.4612800000000004,6022.57,11023.75,21677.58
2026-01-04,24.0,IEX,2.8869000000000002,5450.52,10046.88,26168.33
2026-01-05,1.0,IEX,2.45405,6723.85,10405.58,31741.43
2026-01-05,2.0,IEX,2.41859,6996.38,10797.68,33111.93
2026-01-05,3.0,IEX,2.37502,7918.99,11573.35,33619.03
2026-01-05,4.0,IEX,2.39438,8308.44,12021.43,33335.4
2026-01-05,5.0,IEX,2.5065,8355.58,12605.7,31851.18
2026-01-05,6.0,IEX,2.79534,6433.64,11862.83,24811.88
2026-01-05,7.0,IEX,3.6567800000000004,7250.68,14298.5,17453.65
2026-01-05,8.0,IEX,6.822310000000001,10866.98,18591.1,14582.6
2026-01-05,9.0,IEX,6.68975,10933.15,19264.85,13932.55
2026-01-05,10.0,IEX,4.71718,9050.4,18963.2,13247.53
2026-01-05,11.0,IEX,3.5175,7721.75,15524.28,12927.9
2026-01-05,12.0,IEX,3.28132,8886.6,16391.7,19795.73
2026-01-05,13.0,IEX,2.8257800000000004,7217.97,15892.43,25813.48
2026-01-05,14.0,IEX,2.55906,7313.02,14283.65,30560.88
2026-01-05,15.0,IEX,2.8796399999999998,8020.34,15783.75,27931.9
2026-01-05,16.0,IEX,3.24569,9203.69,16538.03,21894.35
2026-01-05,17.0,IEX,4.03508,8412.28,15835.4,14609.35
2026-01-05,18.0,IEX,7.66024,5733.9,17857.9,8205.53
2026-01-05,19.0,IEX,10.0,4599.39,19714.45,6656.8
2026-01-05,20.0,IEX,9.125440000000001,5485.65,17315.43,7622.75
2026-01-05,21.0,IEX,4.857810000000001,6200.88,13769.73,10437.88
2026-01-05,22.0,IEX,3.8510999999999997,6605.16,11644.75,16036.23
2026-01-05,23.0,IEX,3.3339499999999997,6588.13,11693.33,20316.38
2026-01-05,24.0,IEX,2.76448,6089.57,10430.7,25437.2
2026-01-06,1.0,IEX,2.5728299999999997,7600.3,13100.18,30408.9
2026-01-06,2.0,IEX,2.5202600000000004,8056.9,13392.93,32272.53
2026-01-06,3.0,IEX,2.49747,8626.3,14145.18,33394.5
2026-01-06,4.0,IEX,2.5843499999999997,9561.31,14902.93,33761.08
2026-01-06,5.0,IEX,2.63803,9007.45,15542.88,33012.55
2026-01-06,6.0,IEX,3.00073,7710.8,14531.75,24098.65
2026-01-06,7.0,IEX,3.98659,7995.23,16944.68,15770.25
2026-01-06,8.0,IEX,7.16822,9262.23,20535.53,12096.03
2026-01-06,9.0,IEX,5.38692,9360.14,20219.83,12342.45
2026-01-06,10.0,IEX,3.95302,9901.8,19275.43,14589.63
2026-01-06,11.0,IEX,3.04238,9029.33,17828.53,15018.33
2026-01-06,12.0,IEX,3.05062,9576.36,19130.4,21517.2
2026-01-06,13.0,IEX,2.90299,8527.28,16790.08,25949.58
2026-01-06,14.0,IEX,2.50159,8295.4,15193.9,30053.18
2026-01-06,15.0,IEX,2.73307,8932.86,17987.98,27638.2
2026-01-06,16.0,IEX,3.1974,9554.92,18467.75,22058.4
2026-01-06,17.0,IEX,4.00146,8729.8,17461.0,14488.63
2026-01-06,18.0,IEX,8.865110000000001,6026.35,17969.08,8087.33
2026-01-06,19.0,IEX,10.0,5290.32,21694.1,7162.93
2026-01-06,20.0,IEX,8.00057,5602.15,16249.88,8148.55
2026-01-06,21.0,IEX,4.56458,5531.35,12128.73,10103.25
2026-01-06,22.0,IEX,4.20176,6989.25,13726.18,14838.7
2026-01-06,23.0,IEX,3.65985,6081.83,13364.1,19191.65
2026-01-06,24.0,IEX,2.87942,5806.8,12025.18,25114.35
2026-01-07,1.0,IEX,2.81962,6214.65,12139.28,27321.35
2026-01-07,2.0,IEX,2.74694,6645.58,12816.0,29568.03
2026-01-07,3.0,IEX,2.67867,7385.34,14092.3,30771.58
2026-01-07,4.0,IEX,2.7128400000000004,8010.5,14841.1,31072.43
2026-01-07,5.0,IEX,2.84598,7843.26,15377.93,30180.83
2026-01-07,6.0,IEX,3.34444,7147.42,14622.08,20570.13
2026-01-07,7.0,IEX,5.18085,9669.06,19889.83,14141.9
2026-01-07,8.0,IEX,10.0,9235.48,23811.53,11124.68
2026-01-07,9.0,IEX,8.37519,9512.24,23264.8,11618.68
2026-01-07,10.0,IEX,5.19976,9287.45,20653.53,12438.83
2026-01-07,11.0,IEX,3.95166,8148.76,19528.53,13264.55
2026-01-07,12.0,IEX,3.22837,8115.26,18127.35,19039.65
2026-01-07,13.0,IEX,3.14429,7854.34,15280.48,23390.13
2026-01-07,14.0,IEX,2.50288,6608.52,13805.55,27589.8
2026-01-07,15.0,IEX,2.91558,7590.86,16617.58,25345.85
2026-01-07,16.0,IEX,3.1916700000000002,8687.6,17711.75,21067.3
2026-01-07,17.0,IEX,4.59977,9925.39,19760.7,15521.5
2026-01-07,18.0,IEX,10.0,7013.3,23083.85,8885.9
2026-01-07,19.0,IEX,10.0,5650.65,25342.03,7523.25
2026-01-07,20.0,IEX,10.0,5995.57,19269.7,7868.18
2026-01-07,21.0,IEX,5.23963,6211.24,14162.15,9251.15
2026-01-07,22.0,IEX,4.469069999999999,6928.65,13364.58,12252.7
2026-01-07,23.0,IEX,3.34843,5981.15,12747.8,18377.1
2026-01-07,24.0,IEX,2.91028,5765.03,11923.98,24165.93
2026-01-08,1.0,IEX,2.81509,6543.88,12520.4,28051.43
2026-01-08,2.0,IEX,2.66246,6760.99,13009.9,29567.18
2026-01-08,3.0,IEX,2.6607399999999997,7328.72,13753.08,29836.2
2026-01-08,4.0,IEX,2.6806300000000003,8015.67,14571.8,30318.8
2026-01-08,5.0,IEX,2.84334,7729.43,14731.18,29421.05
2026-01-08,6.0,IEX,3.34047,7608.85,14760.98,21370.9
2026-01-08,7.0,IEX,4.4009,8690.65,17045.9,14917.98
2026-01-08,8.0,IEX,8.33867,9319.67,20322.53,11581.35
2026-01-08,9.0,IEX,9.17488,10187.18,22591.4,12234.38
2026-01-08,10.0,IEX,5.56063,10920.47,23113.8,14208.8
2026-01-08,11.0,IEX,3.89574,9155.7,19675.48,14708.18
2026-01-08,12.0,IEX,3.4362199999999996,8774.13,17303.75,18881.7
2026-01-08,13.0,IEX,3.25235,8036.1,14576.43,23512.7
2026-01-08,14.0,IEX,3.0469,7119.85,13329.65,27496.25
2026-01-08,15.0,IEX,3.2001999999999997,8404.48,16657.48,25102.2
2026-01-08,16.0,IEX,3.3944699999999997,9531.98,17651.73,20117.0
2026-01-08,17.0,IEX,3.86812,8934.88,16989.85,15314.15
2026-01-08,18.0,IEX,7.5039,7196.92,20280.0,9850.25
2026-01-08,19.0,IEX,10.0,5420.65,25358.55,7388.55
2026-01-08,20.0,IEX,10.0,5947.47,20620.28,7815.38
2026-01-08,21.0,IEX,5.97982,6430.3,15084.3,9234.4
2026-01-08,22.0,IEX,4.39017,6705.12,12935.68,11891.73
2026-01-08,23.0,IEX,3.53982,6311.6,12834.63,17726.85
2026-01-08,24.0,IEX,3.03048,6635.03,12804.8,23460.1
2026-01-09,1.0,IEX,2.64022,7052.23,12980.6,29927.8
2026-01-09,2.0,IEX,2.5604400000000003,7477.19,13156.25,31138.45
2026-01-09,3.0,IEX,2.57425,8304.98,13949.13,31808.1
2026-01-09,4.0,IEX,2.5573699999999997,8716.43,14227.9,32253.43
2026-01-09,5.0,IEX,2.663,8597.0,14964.33,31306.65
2026-01-09,6.0,IEX,3.17718,7065.29,14321.85,22399.43
2026-01-09,7.0,IEX,4.42587,7549.32,16020.55,13961.65
2026-01-09,8.0,IEX,9.32513,8317.87,21494.53,10222.4
2026-01-09,9.0,IEX,10.0,8661.72,23298.0,10529.63
2026-01-09,10.0,IEX,6.78759,10620.65,24102.18,12992.08
2026-01-09,11.0,IEX,4.65919,8415.58,20276.98,12217.48
2026-01-09,12.0,IEX,3.70392,9915.6,18999.13,17545.13
2026-01-09,13.0,IEX,3.32095,10350.27,17249.15,24275.18
2026-01-09,14.0,IEX,2.70716,8011.93,15658.93,28860.63
2026-01-09,15.0,IEX,2.9375500000000003,8637.16,18059.88,27290.63
2026-01-09,16.0,IEX,3.2719699999999996,10385.29,18865.25,22575.05
2026-01-09,17.0,IEX,4.01284,8761.28,18178.13,14006.25
2026-01-09,18.0,IEX,8.77478,6867.6,21417.73,8885.38
2026-01-09,19.0,IEX,10.0,5540.0,28783.73,7407.9
2026-01-09,20.0,IEX,10.0,5814.15,21683.58,7682.05
2026-01-09,21.0,IEX,5.1602,5886.35,14308.7,9097.58
2026-01-09,22.0,IEX,3.99325,6412.53,12164.38,12545.88
2026-01-09,23.0,IEX,3.4843200000000003,5783.74,12646.13,19056.68
2026-01-09,24.0,IEX,2.94146,6007.59,12581.03,25005.75
2026-01-10,1.0,IEX,2.6931599999999998,6591.19,12072.55,27827.93
2026-01-10,2.0,IEX,2.52669,7171.65,12251.38,29577.58
2026-01-10,3.0,IEX,2.5033000000000003,7702.15,13085.83,29859.03
2026-01-10,4.0,IEX,2.65523,8089.5,14291.18,30207.65
2026-01-10,5.0,IEX,2.72538,7886.25,14228.63,28895.63
2026-01-10,6.0,IEX,3.12055,6435.99,12999.6,21438.13
2026-01-10,7.0,IEX,4.35307,7898.73,16431.08,14771.6
2026-01-10,8.0,IEX,10.0,8585.35,22479.25,10638.05
2026-01-10,9.0,IEX,10.0,9921.95,23885.63,11974.65
2026-01-10,10.0,IEX,5.1206700000000005,9987.1,22446.08,14077.6
2026-01-10,11.0,IEX,4.16259,9318.0,18132.7,15445.38
2026-01-10,12.0,IEX,3.42925,10346.38,17922.18,21779.13
2026-01-10,13.0,IEX,3.0237800000000004,8528.79,15657.63,26758.05
2026-01-10,14.0,IEX,2.66569,7419.97,14369.7,30441.38
2026-01-10,15.0,IEX,3.0255799999999997,7976.47,15544.43,27400.18
2026-01-10,16.0,IEX,3.1361999999999997,8911.98,16259.53,22599.3
2026-01-10,17.0,IEX,3.62172,7942.68,15890.15,15873.38
2026-01-10,18.0,IEX,7.99254,7325.2,20236.0,9665.08
2026-01-10,19.0,IEX,10.0,5856.87,25666.83,7909.58
2026-01-10,20.0,IEX,10.0,6159.07,19309.48,8211.78
2026-01-10,21.0,IEX,5.09856,6749.35,14382.88,9417.58
2026-01-10,22.0,IEX,4.06243,6597.64,12118.9,12101.55
2026-01-10,23.0,IEX,3.55518,5409.98,11612.1,18776.35
2026-01-10,24.0,IEX,2.87237,5233.6,10635.35,24352.23
2026-01-11,1.0,IEX,2.44399,7393.54,11289.85,30632.15
2026-01-11,2.0,IEX,2.4165900000000002,7852.86,11836.53,31503.83
2026-01-11,3.0,IEX,2.43719,8691.19,12864.75,31690.5
2026-01-11,4.0,IEX,2.4804,9407.43,13621.73,31763.9
2026-01-11,5.0,IEX,2.60308,9410.25,14052.38,30792.6
2026-01-11,6.0,IEX,2.86058,7359.91,13009.93,26687.4
2026-01-11,7.0,IEX,3.6757199999999997,7937.74,15753.63,19957.78
2026-01-11,8.0,IEX,4.5630299999999995,9656.24,19679.25,16889.23
2026-01-11,9.0,IEX,4.72561,9968.2,20725.95,16007.43
2026-01-11,10.0,IEX,4.0267800000000005,9255.28,19865.65,16240.2
2026-01-11,11.0,IEX,3.57292,9315.53,19281.25,17060.35
2026-01-11,12.0,IEX,3.02525,8579.24,17205.2,23396.8
2026-01-11,13.0,IEX,2.7168400000000004,8479.33,13350.0,29825.48
2026-01-11,14.0,IEX,2.33477,7898.18,11326.93,33837.33
2026-01-11,15.0,IEX,2.4648499999999998,9005.52,13866.1,32781.88
2026-01-11,16.0,IEX,2.4931,9136.58,13397.95,28078.83
2026-01-11,17.0,IEX,2.7166300000000003,8499.43,13441.7,21964.98
2026-01-11,18.0,IEX,3.66289,7201.63,12627.58,15006.25
2026-01-11,19.0,IEX,4.4925500000000005,6749.75,11971.43,11723.93
2026-01-11,20.0,IEX,3.84263,6076.65,10368.65,12365.1
2026-01-11,21.0,IEX,3.5948200000000003,6944.45,10501.35,13919.98
2026-01-11,22.0,IEX,3.32026,7136.28,11147.98,17974.1
2026-01-11,23.0,IEX,3.07388,6383.08,11009.8,23918.93
2026-01-11,24.0,IEX,2.4125,6144.98,10321.08,28965.23
2026-01-12,1.0,IEX,2.43667,6645.15,9575.45,29252.55
2026-01-12,2.0,IEX,2.39828,7367.14,10255.65,30029.05
2026-01-12,3.0,IEX,2.41855,8300.83,11382.95,30007.53
2026-01-12,4.0,IEX,2.44482,8804.28,11982.13,29960.55
2026-01-12,5.0,IEX,2.58933,8769.17,12450.6,28459.38
2026-01-12,6.0,IEX,2.95538,6578.78,11454.55,22869.58
2026-01-12,7.0,IEX,4.41831,7965.45,16196.5,14655.05
2026-01-12,8.0,IEX,9.12517,8941.38,21763.38,11459.48
2026-01-12,9.0,IEX,10.0,9792.15,23147.48,12078.15
2026-01-12,10.0,IEX,6.76412,11321.5,22857.23,13811.2
2026-01-12,11.0,IEX,4.90703,8479.2,20639.48,12963.65
2026-01-12,12.0,IEX,3.65777,9175.83,18138.93,19725.53
2026-01-12,13.0,IEX,3.26961,8723.65,15236.25,26135.15
2026-01-12,14.0,IEX,2.97698,6748.41,13374.75,30353.78
2026-01-12,15.0,IEX,3.04786,7750.52,14639.73,26729.9
2026-01-12,16.0,IEX,3.2261599999999997,9377.78,17040.23,22188.85
2026-01-12,17.0,IEX,3.9674699999999996,10182.35,19342.03,17044.43
2026-01-12,18.0,IEX,8.1228,6935.88,21288.0,9681.53
2026-01-12,19.0,IEX,10.0,4550.62,27834.2,6836.63
2026-01-12,20.0,IEX,9.98734,5529.77,19129.2,7852.6
2026-01-12,21.0,IEX,5.43796,6928.85,14525.73,9490.2
2026-01-12,22.0,IEX,4.63347,7164.73,14062.6,12194.65
2026-01-12,23.0,IEX,3.82406,6023.65,12262.33,18225.73
2026-01-12,24.0,IEX,3.11977,5889.88,11029.3,23037.25
2026-01-13,1.0,IEX,2.72884,6679.57,11531.08,26142.93
2026-01-13,2.0,IEX,2.4773,7136.3,11839.35,27447.13
2026-01-13,3.0,IEX,2.4772,8194.03,12876.23,27975.58
2026-01-13,4.0,IEX,2.47006,8484.8,13165.78,28407.3
2026-01-13,5.0,IEX,2.6929000000000003,8419.3,13912.73,27343.33
2026-01-13,6.0,IEX,3.1666399999999997,7354.5,13456.88,20969.3
2026-01-13,7.0,IEX,4.59197,7991.83,16397.38,12987.7
2026-01-13,8.0,IEX,9.62509,7971.3,21097.45,9712.28
2026-01-13,9.0,IEX,10.0,9794.93,23770.3,11456.13
2026-01-13,10.0,IEX,5.6216,12037.72,23079.58,14541.93
2026-01-13,11.0,IEX,4.63363,9184.15,19517.1,13161.55
2026-01-13,12.0,IEX,3.48605,9012.62,16732.6,18559.25
2026-01-13,13.0,IEX,3.1941599999999997,8349.42,14365.88,25387.28
2026-01-13,14.0,IEX,2.9420900000000003,7427.6,12622.28,30767.9
2026-01-13,15.0,IEX,2.96522,9197.35,15509.45,27663.15
2026-01-13,16.0,IEX,3.10238,10506.23,17061.23,23201.73
2026-01-13,17.0,IEX,3.43856,8619.0,16965.28,17230.53
2026-01-13,18.0,IEX,7.1951,5751.87,18432.28,8330.4
2026-01-13,19.0,IEX,10.0,4047.32,29910.98,5708.53
2026-01-13,20.0,IEX,10.0,4871.53,18647.5,6532.73
2026-01-13,21.0,IEX,5.40739,5950.33,13184.93,8618.13
2026-01-13,22.0,IEX,4.64238,6806.38,12887.38,11098.33
2026-01-13,23.0,IEX,3.44821,6111.65,11919.13,17366.53
2026-01-13,24.0,IEX,3.03932,5871.05,10869.18,23072.35
2026-01-14,1.0,IEX,2.71401,7342.75,11480.0,29825.58
2026-01-14,2.0,IEX,2.49275,7740.6,11916.45,30917.4
2026-01-14,3.0,IEX,2.4795700000000003,8104.93,12881.65,30920.43
2026-01-14,4.0,IEX,2.54424,8606.76,13205.03,31216.13
2026-01-14,5.0,IEX,2.64428,8384.56,13491.95,29917.35
2026-01-14,6.0,IEX,3.04077,7578.68,12963.9,23280.43
2026-01-14,7.0,IEX,4.69054,8749.34,16588.2,14859.88
2026-01-14,8.0,IEX,10.0,8984.25,22033.65,11085.45
2026-01-14,9.0,IEX,8.362129999999999,10553.82,23122.8,13035.98
2026-01-14,10.0,IEX,4.6805900000000005,9281.76,18886.13,15032.68
2026-01-14,11.0,IEX,3.49672,9224.25,15985.63,17339.23
2026-01-14,12.0,IEX,2.9386,9313.91,14775.03,24801.2
2026-01-14,13.0,IEX,2.7814699999999997,9411.8,13466.45,31604.9
2026-01-14,14.0,IEX,2.79824,9047.25,12307.6,36562.33
2026-01-14,15.0,IEX,2.72927,8804.75,13291.83,35630.55
2026-01-14,16.0,IEX,2.92727,8992.32,13818.9,30678.83
2026-01-14,17.0,IEX,3.32376,9780.2,15405.95,22919.5
2026-01-14,18.0,IEX,6.059270000000001,8008.62,15001.33,12804.83
2026-01-14,19.0,IEX,10.0,7575.87,18014.88,9677.08
2026-01-14,20.0,IEX,6.76228,7941.84,15881.48,10843.85
2026-01-14,21.0,IEX,4.81729,7345.9,13710.95,12399.95
2026-01-14,22.0,IEX,4.17395,7326.38,12364.88,15270.93
2026-01-14,23.0,IEX,3.27621,6606.05,11219.23,21074.25
2026-01-14,24.0,IEX,2.79434,5915.32,9733.15,26333.7
2026-01-15,1.0,IEX,2.47207,7449.05,10745.05,29372.23
2026-01-15,2.0,IEX,2.46492,7813.17,11483.48,30359.28
2026-01-15,3.0,IEX,2.4692600000000002,8825.28,12560.08,30925.83
2026-01-15,4.0,IEX,2.46509,8983.15,12667.88,31402.7
2026-01-15,5.0,IEX,2.5399499999999997,9152.9,13007.2,30792.13
2026-01-15,6.0,IEX,2.90009,7213.09,12034.33,25510.03
2026-01-15,7.0,IEX,4.25108,8848.45,16142.58,18254.13
2026-01-15,8.0,IEX,8.49234,10778.35,21451.98,14740.13
2026-01-15,9.0,IEX,7.623939999999999,12272.85,23226.38,16433.43
2026-01-15,10.0,IEX,4.45046,13158.55,21552.45,19843.05
2026-01-15,11.0,IEX,2.99046,11337.08,16806.55,22574.48
2026-01-15,12.0,IEX,2.54783,10955.07,14560.15,28407.05
2026-01-15,13.0,IEX,2.45389,10533.48,13118.28,34962.33
2026-01-15,14.0,IEX,2.3234299999999997,8609.35,10669.18,38108.3
2026-01-15,15.0,IEX,2.54643,9486.1,12897.15,37175.5
2026-01-15,16.0,IEX,2.5832800000000002,10594.35,14623.93,33147.9
2026-01-15,17.0,IEX,3.14198,11193.13,16321.58,27121.93
2026-01-15,18.0,IEX,5.76758,10882.0,16717.8,17076.98
2026-01-15,19.0,IEX,10.0,10436.54,17998.4,13775.05
2026-01-15,20.0,IEX,6.756600000000001,10320.4,16634.03,14420.15
2026-01-15,21.0,IEX,4.51249,8842.92,13408.8,15075.33
2026-01-15,22.0,IEX,3.99446,8171.36,11966.73,17377.95
2026-01-15,23.0,IEX,3.67186,6706.32,11903.55,22944.88
2026-01-15,24.0,IEX,2.92463,6670.58,10799.63,27251.5
2026-01-16,1.0,IEX,2.77328,7083.14,12620.45,30233.03
2026-01-16,2.0,IEX,2.57985,7470.42,12752.8,31045.53
2026-01-16,3.0,IEX,2.53543,8329.48,13786.33,31269.03
2026-01-16,4.0,IEX,2.60182,8969.34,14655.55,31354.48
2026-01-16,5.0,IEX,2.74598,8528.35,14914.3,30423.28
2026-01-16,6.0,IEX,3.06018,7695.48,14409.35,25149.6
2026-01-16,7.0,IEX,4.26009,9425.75,18005.6,17869.55
2026-01-16,8.0,IEX,9.174760000000001,9526.65,22331.7,13006.08
2026-01-16,9.0,IEX,7.76453,10892.95,23537.05,15011.13
2026-01-16,10.0,IEX,4.3062,11478.9,20765.65,17987.95
2026-01-16,11.0,IEX,2.84745,10840.05,17035.3,22509.43
2026-01-16,12.0,IEX,2.61686,11183.25,16413.78,28367.93
2026-01-16,13.0,IEX,2.51063,10861.46,14579.18,34728.38
2026-01-16,14.0,IEX,2.04346,10432.06,12317.23,38887.8
2026-01-16,15.0,IEX,2.39855,10322.83,14536.3,37027.55
2026-01-16,16.0,IEX,2.80465,10329.79,16318.28,32499.38
2026-01-16,17.0,IEX,2.95763,9635.58,16218.7,23820.93
2026-01-16,18.0,IEX,5.78554,8850.73,17421.65,14846.4
2026-01-16,19.0,IEX,10.0,8086.84,19731.63,11297.95
2026-01-16,20.0,IEX,7.101,8073.27,17598.8,11711.3
2026-01-16,21.0,IEX,4.72519,7414.38,14739.43,12543.68
2026-01-16,22.0,IEX,3.94865,7215.9,12483.78,15644.88
2026-01-16,23.0,IEX,3.37881,7043.2,12014.1,21394.48
2026-01-16,24.0,IEX,2.92944,6059.1,11121.3,26264.93
2026-01-17,1.0,IEX,2.48583,7365.7,11616.18,29812.33
2026-01-17,2.0,IEX,2.49049,7851.68,12587.68,30190.4
2026-01-17,3.0,IEX,2.5090700000000004,8874.01,13688.0,30501.45
2026-01-17,4.0,IEX,2.52862,9342.28,14171.58,30786.48
2026-01-17,5.0,IEX,2.67087,8974.21,14617.18,30109.93
2026-01-17,6.0,IEX,3.01502,7352.65,14005.4,24182.58
2026-01-17,7.0,IEX,4.10459,9461.27,17425.13,17643.68
2026-01-17,8.0,IEX,7.947010000000001,10247.1,22239.73,13724.98
2026-01-17,9.0,IEX,6.5427100000000005,11432.75,23201.5,15591.95
2026-01-17,10.0,IEX,4.1079300000000005,12261.78,20178.33,18514.35
2026-01-17,11.0,IEX,2.5085,11411.2,17709.33,23160.28
2026-01-17,12.0,IEX,2.55948,10881.73,16020.78,29205.13
2026-01-17,13.0,IEX,2.2226399999999997,11128.85,14252.63,37231.23
2026-01-17,14.0,IEX,1.813,9600.56,12118.8,41501.33
2026-01-17,15.0,IEX,2.0053199999999998,10129.09,13860.55,37889.9
2026-01-17,16.0,IEX,2.33596,9964.18,15131.83,32225.45
2026-01-17,17.0,IEX,2.83865,9050.23,15367.68,24649.75
2026-01-17,18.0,IEX,4.44661,8537.2,15688.43,16346.0
2026-01-17,19.0,IEX,7.02451,9062.9,17531.15,13294.58
2026-01-17,20.0,IEX,4.886310000000001,7320.67,14536.13,12583.93
2026-01-17,21.0,IEX,4.09603,7189.37,12671.35,13119.63
2026-01-17,22.0,IEX,3.8923400000000004,6312.18,11970.68,16023.73
2026-01-17,23.0,IEX,3.4464,6641.91,12682.0,21866.83
2026-01-17,24.0,IEX,2.6335300000000004,5828.25,11056.58,26688.55
2026-01-18,1.0,IEX,2.4455999999999998,7422.58,12533.7,30215.2
2026-01-18,2.0,IEX,2.46074,7744.78,13198.18,30816.0
2026-01-18,3.0,IEX,2.4621999999999997,8811.93,14288.55,31381.53
2026-01-18,4.0,IEX,2.46718,9160.38,14564.6,31744.1
2026-01-18,5.0,IEX,2.59161,9048.4,14932.58,30993.63
2026-01-18,6.0,IEX,2.89446,8024.73,14254.75,25880.48
2026-01-18,7.0,IEX,3.7607199999999996,8036.98,15876.8,19278.28
2026-01-18,8.0,IEX,4.58299,9515.94,18215.73,15776.93
2026-01-18,9.0,IEX,4.43642,10053.0,19166.93,16852.2
2026-01-18,10.0,IEX,3.00258,8856.79,14377.9,17923.18
2026-01-18,11.0,IEX,2.4249699999999996,9134.93,13397.8,23148.25
2026-01-18,12.0,IEX,2.21553,8651.8,12699.75,28397.85
2026-01-18,13.0,IEX,2.12656,8979.93,11348.83,36329.18
2026-01-18,14.0,IEX,1.80414,8690.76,10317.9,41609.58
2026-01-18,15.0,IEX,1.8323399999999999,9206.36,11957.18,39032.0
2026-01-18,16.0,IEX,2.0508200000000003,9489.45,12076.9,34010.5
2026-01-18,17.0,IEX,2.25183,8129.08,11497.78,27039.75
2026-01-18,18.0,IEX,3.22699,7494.63,11819.58,19316.23
2026-01-18,19.0,IEX,4.29952,8211.04,13427.7,15896.5
2026-01-18,20.0,IEX,3.8726599999999998,6741.93,11883.2,14825.63
2026-01-18,21.0,IEX,3.60935,5987.05,11160.9,15471.53
2026-01-18,22.0,IEX,3.46285,5724.83,10304.73,18435.6
2026-01-18,23.0,IEX,2.9639,6172.68,10492.45,24122.25
2026-01-18,24.0,IEX,2.54988,6093.38,10213.93,28062.9
2026-01-19,1.0,IEX,2.39696,7250.8,10920.23,31763.38
2026-01-19,2.0,IEX,2.34898,7549.99,11237.15,32827.35
2026-01-19,3.0,IEX,2.19509,8249.36,11292.48,33443.88
2026-01-19,4.0,IEX,2.3163400000000003,8944.21,12462.2,33060.05
2026-01-19,5.0,IEX,2.45662,9294.48,13165.88,31879.1
2026-01-19,6.0,IEX,2.7251399999999997,8155.14,13345.45,26258.85
2026-01-19,7.0,IEX,4.01166,9270.15,17818.9,17663.08
2026-01-19,8.0,IEX,8.87515,10137.34,22410.03,12530.4
2026-01-19,9.0,IEX,7.3172,11090.33,22590.1,14147.3
2026-01-19,10.0,IEX,3.7443400000000002,11539.85,21236.15,17749.83
2026-01-19,11.0,IEX,2.82008,10741.93,18374.35,22138.85
2026-01-19,12.0,IEX,2.61057,9675.78,15794.95,26930.5
2026-01-19,13.0,IEX,2.3577399999999997,10037.69,14199.5,34051.75
2026-01-19,14.0,IEX,1.99962,9468.94,12566.58,39090.33
2026-01-19,15.0,IEX,2.21057,10084.98,14755.15,37402.13
2026-01-19,16.0,IEX,2.51958,10696.57,16896.25,31121.03
2026-01-19,17.0,IEX,3.1188000000000002,9950.12,18005.38,24061.35
2026-01-19,18.0,IEX,5.52151,9203.85,16922.88,14191.35
2026-01-19,19.0,IEX,10.0,8246.95,19429.53,10348.15
2026-01-19,20.0,IEX,7.1002600000000005,7825.15,17139.2,10515.23
2026-01-19,21.0,IEX,4.59108,8557.55,15142.23,12896.93
2026-01-19,22.0,IEX,3.99213,8140.1,13424.15,16495.63
2026-01-19,23.0,IEX,3.22392,6904.63,12051.8,22818.7
2026-01-19,24.0,IEX,2.87636,6539.75,11610.35,26438.33
2026-01-20,1.0,IEX,2.67812,6896.15,12143.23,28510.8
2026-01-20,2.0,IEX,2.5942800000000004,7339.61,12639.33,29253.58
2026-01-20,3.0,IEX,2.52,7666.38,12862.4,29342.78
2026-01-20,4.0,IEX,2.60413,8500.3,14132.05,29067.93
2026-01-20,5.0,IEX,2.72838,8467.71,14814.33,28358.38
2026-01-20,6.0,IEX,3.07819,7200.69,14262.3,22110.95
2026-01-20,7.0,IEX,4.86928,8773.98,18649.65,14219.95
2026-01-20,8.0,IEX,9.50026,8781.35,24877.1,10976.9
2026-01-20,9.0,IEX,7.52746,10285.9,24112.73,13089.25
2026-01-20,10.0,IEX,4.11586,11167.65,22091.25,16302.13
2026-01-20,11.0,IEX,3.1105,9801.15,17785.18,19562.63
2026-01-20,12.0,IEX,2.8712199999999997,9125.43,16238.9,26826.7
2026-01-20,13.0,IEX,2.54289,9047.75,13608.65,33448.3
2026-01-20,14.0,IEX,2.10292,9590.1,12363.83,38993.35
2026-01-20,15.0,IEX,2.4929200000000002,8706.55,13719.15,34999.0
2026-01-20,16.0,IEX,2.7479899999999997,9957.23,17385.9,28454.55
2026-01-20,17.0,IEX,3.25515,9083.95,16812.1,21332.85
2026-01-20,18.0,IEX,5.62357,7976.27,15869.5,12598.2
2026-01-20,19.0,IEX,10.0,7576.93,20531.15,9678.13
2026-01-20,20.0,IEX,7.77769,7259.55,16697.1,9748.9
2026-01-20,21.0,IEX,4.77755,7378.01,13977.98,11267.03
2026-01-20,22.0,IEX,3.71125,7057.2,12327.1,16161.33
2026-01-20,23.0,IEX,3.30796,6350.18,11407.7,22008.48
2026-01-20,24.0,IEX,2.9205900000000002,5717.9,10877.05,25873.08
2026-01-21,1.0,IEX,2.72049,6750.8,11770.05,27968.35
2026-01-21,2.0,IEX,2.55365,7149.79,12292.7,28866.85
2026-01-21,3.0,IEX,2.4793499999999997,7845.09,12682.43,29445.53
2026-01-21,4.0,IEX,2.60169,8564.9,14180.83,29789.3
2026-01-21,5.0,IEX,2.76268,8574.25,14767.4,28766.78
2026-01-21,6.0,IEX,3.1681399999999997,7334.91,14386.0,22201.58
2026-01-21,7.0,IEX,5.22252,9807.43,18834.0,14116.78
2026-01-21,8.0,IEX,10.0,8103.34,26286.73,10310.85
2026-01-21,9.0,IEX,9.07512,9924.3,25170.78,12120.98
2026-01-21,10.0,IEX,4.337149999999999,11222.32,22210.8,15800.1
2026-01-21,11.0,IEX,3.24139,10490.93,18309.43,19563.43
2026-01-21,12.0,IEX,2.60077,9582.95,16148.4,27044.35
2026-01-21,13.0,IEX,2.4853899999999998,9575.8,13908.5,34114.3
2026-01-21,14.0,IEX,2.0528299999999997,9499.05,12209.98,39558.65
2026-01-21,15.0,IEX,2.47071,10152.07,15291.5,35310.38
2026-01-21,16.0,IEX,2.92911,9623.43,16930.18,27047.63
2026-01-21,17.0,IEX,3.29182,9569.2,17266.13,21472.53
2026-01-21,18.0,IEX,6.36376,7537.83,16662.73,11436.83
2026-01-21,19.0,IEX,10.0,7124.72,21698.38,9242.93
2026-01-21,20.0,IEX,8.12492,6747.98,17407.53,9155.0
2026-01-21,21.0,IEX,4.82787,8082.08,14930.78,11763.13
2026-01-21,22.0,IEX,4.1151599999999995,7815.22,12804.93,16062.9
2026-01-21,23.0,IEX,3.4356199999999997,6615.43,11915.28,22300.98
2026-01-21,24.0,IEX,3.00881,6117.28,11129.65,26288.65
2026-01-22,1.0,IEX,2.5957600000000003,7120.97,10721.25,28701.63
2026-01-22,2.0,IEX,2.4638899999999997,7387.64,10673.33,29966.7
2026-01-22,3.0,IEX,2.4534499999999997,7537.23,10721.83,30254.2
2026-01-22,4.0,IEX,2.51645,8079.52,11717.13,30510.88
2026-01-22,5.0,IEX,2.6299200000000003,8065.79,12401.9,28814.68
2026-01-22,6.0,IEX,2.8995,6554.15,12295.8,21708.15
2026-01-22,7.0,IEX,4.451149999999999,8262.3,16650.9,14181.85
2026-01-22,8.0,IEX,10.0,8251.07,26526.33,10458.58
2026-01-22,9.0,IEX,8.7497,10617.72,24821.93,13022.28
2026-01-22,10.0,IEX,3.88686,10807.08,19277.23,16066.65
2026-01-22,11.0,IEX,2.58575,9976.55,15474.48,20718.88
2026-01-22,12.0,IEX,2.4181399999999997,9822.5,14657.23,27595.8
2026-01-22,13.0,IEX,2.1681500000000002,9756.9,11913.58,35185.8
2026-01-22,14.0,IEX,1.9770999999999999,9029.75,10488.3,40481.18
2026-01-22,15.0,IEX,2.13283,9085.43,12537.43,37737.18
2026-01-22,16.0,IEX,2.5259,9355.17,14134.25,29788.48
2026-01-22,17.0,IEX,2.88892,8600.18,14463.53,22355.8
2026-01-22,18.0,IEX,5.300649999999999,7086.9,14327.45,13090.68
2026-01-22,19.0,IEX,10.0,7599.24,19702.95,9719.45
2026-01-22,20.0,IEX,7.0949,6683.41,15886.18,9662.85
2026-01-22,21.0,IEX,3.8847600000000004,6962.72,12083.13,13205.93
2026-01-22,22.0,IEX,3.61469,6351.1,10750.18,17811.48
2026-01-22,23.0,IEX,3.1776,5716.75,10149.8,23076.65
2026-01-22,24.0,IEX,2.72067,5188.07,9423.3,28016.8
2026-01-23,1.0,IEX,2.46256,7390.78,11587.13,31502.08
2026-01-23,2.0,IEX,2.35417,7613.67,12019.7,32919.78
2026-01-23,3.0,IEX,2.2555300000000003,8007.43,12101.6,33626.55
2026-01-23,4.0,IEX,2.32427,9010.64,13371.28,33930.28
2026-01-23,5.0,IEX,2.49791,9589.62,14105.18,32295.23
2026-01-23,6.0,IEX,2.8415700000000004,7823.85,13303.55,25993.48
2026-01-23,7.0,IEX,3.78378,9216.43,15986.73,17042.65
2026-01-23,8.0,IEX,10.0,9600.24,22908.65,11933.75
2026-01-23,9.0,IEX,6.88435,11808.93,21860.55,16073.98
2026-01-23,10.0,IEX,3.3598600000000003,10337.2,17144.73,19487.63
2026-01-23,11.0,IEX,2.6355,9959.48,15777.53,23951.55
2026-01-23,12.0,IEX,2.5181799999999996,9810.47,15377.08,32168.33
2026-01-23,13.0,IEX,2.19006,10370.63,13411.35,39505.58
2026-01-23,14.0,IEX,1.84949,9009.58,11327.75,41585.38
2026-01-23,15.0,IEX,1.94336,10161.95,13082.88,37865.45
2026-01-23,16.0,IEX,2.47288,10577.31,15061.88,31576.13
2026-01-23,17.0,IEX,2.87491,9521.89,15220.23,23026.93
2026-01-23,18.0,IEX,5.3001499999999995,7500.9,15145.05,12624.15
2026-01-23,19.0,IEX,10.0,6707.21,18689.78,8831.33
2026-01-23,20.0,IEX,7.35004,6688.3,16291.43,9670.8
2026-01-23,21.0,IEX,4.0865599999999995,7659.75,13642.9,15028.03
2026-01-23,22.0,IEX,3.68961,6877.93,11566.03,18569.63
2026-01-23,23.0,IEX,3.04462,5932.08,10262.63,23842.7
2026-01-23,24.0,IEX,2.64768,5963.13,10149.53,27237.8
2026-01-24,1.0,IEX,2.3838000000000004,6290.22,10411.85,29038.13
2026-01-24,2.0,IEX,2.36422,7068.6,11174.33,30344.25
2026-01-24,3.0,IEX,2.28348,7389.03,11310.0,30646.93
2026-01-24,4.0,IEX,2.3746300000000002,8689.61,12846.2,30873.28
2026-01-24,5.0,IEX,2.44516,8893.39,13473.1,29988.38
2026-01-24,6.0,IEX,2.73646,7328.21,12866.35,23435.93
2026-01-24,7.0,IEX,3.81297,8354.65,15751.55,15162.08
2026-01-24,8.0,IEX,5.0327,10483.89,20088.38,12561.6
2026-01-24,9.0,IEX,4.2188,11062.83,19915.23,16780.28
2026-01-24,10.0,IEX,3.2254,10706.1,18078.45,18914.88
2026-01-24,11.0,IEX,2.46289,10527.82,15395.25,24022.23
2026-01-24,12.0,IEX,2.16716,10388.29,14061.38,31199.9
2026-01-24,13.0,IEX,1.88008,9948.51,11642.95,38383.8
2026-01-24,14.0,IEX,1.82653,8738.13,10361.53,40905.93
2026-01-24,15.0,IEX,1.89942,9607.32,12393.08,36534.1
2026-01-24,16.0,IEX,2.3890700000000002,10137.57,14225.53,30537.73
2026-01-24,17.0,IEX,2.68843,8948.97,14005.0,22612.93
2026-01-24,18.0,IEX,3.6004899999999997,7432.98,13724.05,13541.33
2026-01-24,19.0,IEX,6.24998,8119.34,17382.75,10095.0
2026-01-24,20.0,IEX,4.72488,7151.53,14440.63,10386.33
2026-01-24,21.0,IEX,3.32495,7103.0,11693.6,14957.45
2026-01-24,22.0,IEX,2.98753,6862.83,10245.43,19724.18
2026-01-24,23.0,IEX,2.53304,6131.25,9791.75,24536.98
2026-01-24,24.0,IEX,2.39767,6316.08,9604.8,28407.48
2026-01-25,1.0,IEX,2.2205100000000004,7481.84,10912.58,33370.83
2026-01-25,2.0,IEX,2.1885100000000004,8271.86,11423.5,34883.05
2026-01-25,3.0,IEX,2.0911500000000003,8772.67,11727.65,35335.85
2026-01-25,4.0,IEX,2.25295,9541.28,13098.7,35544.18
2026-01-25,5.0,IEX,2.29279,9149.33,13086.45,34528.5
2026-01-25,6.0,IEX,2.44873,7899.63,12078.03,27439.55
2026-01-25,7.0,IEX,3.0416999999999996,7903.32,14042.88,21160.65
2026-01-25,8.0,IEX,3.76202,8983.43,16636.1,19298.6
2026-01-25,9.0,IEX,3.28798,8567.3,15797.45,20684.9
2026-01-25,10.0,IEX,2.45942,9319.64,13769.23,22631.48
2026-01-25,11.0,IEX,1.8823699999999999,10047.27,12694.93,29209.28
2026-01-25,12.0,IEX,1.8504500000000002,10524.88,13438.55,37100.98
2026-01-25,13.0,IEX,1.7683499999999999,10252.15,11186.78,44153.1
2026-01-25,14.0,IEX,1.6832799999999999,9211.58,9938.93,47704.25
2026-01-25,15.0,IEX,1.7601,9218.29,11104.83,43683.85
2026-01-25,16.0,IEX,1.94082,8524.77,11282.73,36822.38
2026-01-25,17.0,IEX,2.20802,7888.97,11425.68,28127.6
2026-01-25,18.0,IEX,2.58723,6925.33,11476.53,20238.15
2026-01-25,19.0,IEX,3.86131,8043.75,14637.43,18981.73
2026-01-25,20.0,IEX,3.19373,6838.58,12621.65,17436.65
2026-01-25,21.0,IEX,2.63334,5952.83,10263.43,19824.53
2026-01-25,22.0,IEX,2.4875700000000003,5950.85,9496.7,23854.7
2026-01-25,23.0,IEX,1.98701,6012.33,8647.05,28507.8
2026-01-25,24.0,IEX,1.87518,5877.08,8390.73,32471.18
2026-01-26,1.0,IEX,2.3064400000000003,7316.3,11408.03,28569.85
2026-01-26,2.0,IEX,2.26677,7986.23,11689.18,31918.58
2026-01-26,3.0,IEX,2.2105900000000003,8247.73,11907.08,32543.05
2026-01-26,4.0,IEX,2.22926,8353.03,11610.13,32932.2
2026-01-26,5.0,IEX,2.36225,8277.25,12109.75,30972.28
2026-01-26,6.0,IEX,2.70731,7024.5,12272.05,24423.53
2026-01-26,7.0,IEX,4.023429999999999,7904.23,15279.5,16257.55
2026-01-26,8.0,IEX,4.88677,9685.75,18136.88,14544.68
2026-01-26,9.0,IEX,4.50062,10025.93,18937.3,15906.05
2026-01-26,10.0,IEX,3.46707,10111.38,17200.25,18404.78
2026-01-26,11.0,IEX,2.06268,9638.11,12929.88,24979.0
2026-01-26,12.0,IEX,1.88034,8889.29,11588.33,30969.48
2026-01-26,13.0,IEX,1.7056900000000002,8032.46,8958.85,36404.5
2026-01-26,14.0,IEX,1.51315,8211.12,9029.55,39939.08
2026-01-26,15.0,IEX,1.7825,8742.41,10302.65,38028.13
2026-01-26,16.0,IEX,1.90653,8544.36,11097.18,32267.63
2026-01-26,17.0,IEX,2.02018,8206.45,11286.43,25734.33
2026-01-26,18.0,IEX,2.59219,7529.68,11506.38,20267.58
2026-01-26,19.0,IEX,3.4857199999999997,8250.05,13073.08,18049.9
2026-01-26,20.0,IEX,3.4976100000000003,7448.15,12199.43,17144.6
2026-01-26,21.0,IEX,2.94541,5902.7,9595.9,19384.33
2026-01-26,22.0,IEX,2.5959,5875.53,9046.38,22168.23
2026-01-26,23.0,IEX,2.15978,6006.85,8845.25,26736.0
2026-01-26,24.0,IEX,1.87907,5803.78,8359.03,29824.9
2026-01-27,1.0,IEX,2.3122,7131.29,10398.88,29865.5
2026-01-27,2.0,IEX,2.10763,7550.11,10738.93,34294.73
2026-01-27,3.0,IEX,2.00522,8177.64,11152.8,34723.7
2026-01-27,4.0,IEX,2.00142,8082.27,11064.28,34310.45
2026-01-27,5.0,IEX,2.20392,8188.4,11766.95,32930.15
2026-01-27,6.0,IEX,2.5710300000000004,7184.4,12065.68,26490.85
2026-01-27,7.0,IEX,3.61852,8491.34,16193.38,18604.23
2026-01-27,8.0,IEX,6.65606,11387.31,22102.58,14674.55
2026-01-27,9.0,IEX,4.204689999999999,11338.73,20381.58,18004.43
2026-01-27,10.0,IEX,3.35677,10536.57,17941.03,20693.28
2026-01-27,11.0,IEX,2.43031,10259.5,14526.8,28403.98
2026-01-27,12.0,IEX,2.16816,11029.64,14812.48,36220.1
2026-01-27,13.0,IEX,2.02463,10480.02,12626.23,41547.45
2026-01-27,14.0,IEX,1.77001,10171.32,11432.85,44532.3
2026-01-27,15.0,IEX,1.86012,11268.15,13807.6,42412.83
2026-01-27,16.0,IEX,2.18936,11740.31,15071.9,36411.18
2026-01-27,17.0,IEX,2.62615,10074.22,15120.65,28406.48
2026-01-27,18.0,IEX,4.291810000000001,8553.7,15483.33,16618.83
2026-01-27,19.0,IEX,9.50005,8616.85,19744.53,11525.53
2026-01-27,20.0,IEX,5.5752299999999995,7519.44,16605.0,11668.73
2026-01-27,21.0,IEX,3.60939,7012.29,12767.35,15446.7
2026-01-27,22.0,IEX,3.1645,6775.05,10893.83,20826.5
2026-01-27,23.0,IEX,2.83019,5946.78,10244.6,25304.0
2026-01-27,24.0,IEX,2.50048,6097.38,9826.33,28982.9
2026-01-28,1.0,IEX,2.24305,7792.96,10887.98,32434.98
2026-01-28,2.0,IEX,2.22518,8867.23,11839.75,35306.75
2026-01-28,3.0,IEX,2.14682,9406.35,12289.78,36054.85
2026-01-28,4.0,IEX,2.19968,9594.56,12508.88,36605.75
2026-01-28,5.0,IEX,2.33232,9059.17,12810.8,35196.23
2026-01-28,6.0,IEX,2.6621799999999998,8085.56,12997.63,27115.78
2026-01-28,7.0,IEX,3.49495,8741.23,16275.43,19972.3
2026-01-28,8.0,IEX,5.09594,11989.62,21984.9,16528.05
2026-01-28,9.0,IEX,4.07934,12690.05,21662.75,20101.18
2026-01-28,10.0,IEX,3.16602,11568.93,18043.05,22828.6
2026-01-28,11.0,IEX,2.28955,10821.58,14233.35,27950.83
2026-01-28,12.0,IEX,2.25564,10492.28,14332.75,35902.5
2026-01-28,13.0,IEX,2.12821,10298.45,12469.85,41550.18
2026-01-28,14.0,IEX,1.8216199999999998,9960.63,11477.5,45066.83
2026-01-28,15.0,IEX,2.03682,11736.51,14668.2,42550.43
2026-01-28,16.0,IEX,2.39091,11671.55,15100.68,34919.28
2026-01-28,17.0,IEX,2.59727,10549.88,15144.5,29025.7
2026-01-28,18.0,IEX,3.99743,8659.45,15478.38,16740.88
2026-01-28,19.0,IEX,9.500129999999999,9220.98,20004.73,12093.85
2026-01-28,20.0,IEX,6.13091,8268.65,17461.85,12326.8
2026-01-28,21.0,IEX,3.69465,7538.7,13154.0,16259.98
2026-01-28,22.0,IEX,3.30685,7037.15,11387.9,20894.53
2026-01-28,23.0,IEX,2.85016,6582.1,10785.8,25602.5
2026-01-28,24.0,IEX,2.56265,6858.71,10407.1,29387.23
2026-01-29,1.0,IEX,2.2509,7443.1,11669.98,30973.5
2026-01-29,2.0,IEX,2.28519,8422.98,12892.53,34675.05
2026-01-29,3.0,IEX,2.25806,9187.25,13507.13,36217.33
2026-01-29,4.0,IEX,2.2792600000000003,9308.41,13636.6,36520.05
2026-01-29,5.0,IEX,2.42881,9072.45,13999.48,34530.5
2026-01-29,6.0,IEX,2.70571,8152.78,13892.43,26409.7
2026-01-29,7.0,IEX,3.68955,10120.75,18003.83,18996.48
2026-01-29,8.0,IEX,5.87409,13441.0,24049.23,16657.1
2026-01-29,9.0,IEX,4.24149,13789.13,24021.6,20164.55
2026-01-29,10.0,IEX,3.25665,12248.4,20727.95,22344.2
2026-01-29,11.0,IEX,2.35545,10436.23,16155.0,26397.85
2026-01-29,12.0,IEX,2.3181,10017.83,16016.03,33239.8
2026-01-29,13.0,IEX,2.28277,9189.7,13879.13,39160.63
2026-01-29,14.0,IEX,1.92852,9425.05,12987.88,44695.65
2026-01-29,15.0,IEX,2.1466999999999996,10536.53,15623.05,40543.68
2026-01-29,16.0,IEX,2.53373,10321.0,16625.98,31582.73
2026-01-29,17.0,IEX,2.88644,9930.18,17293.75,25488.63
2026-01-29,18.0,IEX,3.7996,9605.87,17511.45,16372.0
2026-01-29,19.0,IEX,7.62429,9911.5,19741.38,12953.78
2026-01-29,20.0,IEX,4.42174,8728.25,16666.48,13132.03
2026-01-29,21.0,IEX,3.5212600000000003,8532.41,14042.88,16216.8
2026-01-29,22.0,IEX,3.26073,7532.13,12065.65,19344.38
2026-01-29,23.0,IEX,2.79439,6367.18,11067.15,25259.53
2026-01-29,24.0,IEX,2.46875,6504.12,10910.48,29887.78
2026-01-30,1.0,IEX,2.3527600000000004,7228.81,11505.23,30601.13
2026-01-30,2.0,IEX,2.35557,7997.82,12348.03,32706.38
2026-01-30,3.0,IEX,2.30661,8619.75,12860.53,34067.33
2026-01-30,4.0,IEX,2.39405,9033.84,13469.98,34741.2
2026-01-30,5.0,IEX,2.39357,8890.61,13435.35,33161.5
2026-01-30,6.0,IEX,2.5764,7968.1,13041.48,24609.58
2026-01-30,7.0,IEX,3.4840500000000003,8525.13,16338.45,17713.48
2026-01-30,8.0,IEX,5.59285,11060.03,22168.13,15212.25
2026-01-30,9.0,IEX,4.07556,10848.05,21052.0,17897.1
2026-01-30,10.0,IEX,3.16677,10734.02,18246.23,20240.63
2026-01-30,11.0,IEX,2.50803,9189.7,15029.4,23877.4
2026-01-30,12.0,IEX,2.40319,10362.95,16010.68,33171.83
2026-01-30,13.0,IEX,2.25152,10464.87,14087.45,39532.45
2026-01-30,14.0,IEX,1.8804,10416.82,12490.53,45120.8
2026-01-30,15.0,IEX,2.02421,10091.7,13682.23,40759.48
2026-01-30,16.0,IEX,2.49062,9815.33,15093.25,32773.98
2026-01-30,17.0,IEX,2.82699,8646.94,15318.83,24459.33
2026-01-30,18.0,IEX,3.62497,8658.4,15807.18,16297.03
2026-01-30,19.0,IEX,6.67113,9322.93,18501.4,13077.38
2026-01-30,20.0,IEX,4.24591,8234.94,15505.9,13471.8
2026-01-30,21.0,IEX,3.47997,7824.94,13145.35,15870.9
2026-01-30,22.0,IEX,3.0807800000000003,7026.98,11068.23,19144.08
2026-01-30,23.0,IEX,2.77312,6432.5,10729.98,23659.05
2026-01-30,24.0,IEX,2.3173000000000004,6526.02,10008.4,28615.38
2026-01-31,1.0,IEX,2.40086,7225.75,11303.3,31588.9
2026-01-31,2.0,IEX,2.34469,7839.98,12001.3,35083.33
2026-01-31,3.0,IEX,2.25344,8581.28,12520.05,36077.48
2026-01-31,4.0,IEX,2.2982199999999997,8996.83,13124.23,36461.65
2026-01-31,5.0,IEX,2.3850700000000002,8853.55,13176.1,34978.4
2026-01-31,6.0,IEX,2.58815,7720.55,12736.23,25182.25
2026-01-31,7.0,IEX,3.3981500000000002,8341.61,15976.85,18598.63
2026-01-31,8.0,IEX,4.87988,11639.3,21219.98,16187.03
2026-01-31,9.0,IEX,3.95429,12185.28,21370.43,19600.1
2026-01-31,10.0,IEX,3.08797,12559.54,19354.58,23274.15
2026-01-31,11.0,IEX,2.15515,11267.66,14553.43,27473.2
2026-01-31,12.0,IEX,2.073,11414.75,14316.0,37354.38
2026-01-31,13.0,IEX,1.9723,10526.93,12486.93,44505.98
2026-01-31,14.0,IEX,1.54318,9417.48,10852.38,50093.7
2026-01-31,15.0,IEX,1.61432,9860.5,12391.18,47720.95
2026-01-31,16.0,IEX,2.1965700000000004,10840.51,14075.55,38553.55
2026-01-31,17.0,IEX,2.51086,9648.82,14126.18,28605.8
2026-01-31,18.0,IEX,3.55284,9193.34,15540.15,17461.4
2026-01-31,19.0,IEX,5.02137,9941.86,17499.93,14370.5
2026-01-31,20.0,IEX,4.0409299999999995,8232.29,14757.33,14449.85
2026-01-31,21.0,IEX,3.35167,7527.76,12171.2,15112.93
2026-01-31,22.0,IEX,3.0605700000000002,7495.98,11283.33,19155.88
2026-01-31,23.0,IEX,2.72208,6299.52,10858.05,23842.98
2026-01-31,24.0,IEX,2.30329,6187.93,10030.53,28178.33
2026-02-01,1.0,IEX,2.45392,7238.93,12131.73,33413.1
2026-02-01,2.0,IEX,2.3949000000000003,7537.35,12425.08,36954.2
2026-02-01,3.0,IEX,2.36168,8007.18,12833.05,36872.2
2026-02-01,4.0,IEX,2.36409,8741.34,13547.48,36926.5
2026-02-01,5.0,IEX,2.3762800000000004,7962.05,12811.3,35377.05
2026-02-01,6.0,IEX,2.8328200000000003,7556.6,13522.28,25080.28
2026-02-01,7.0,IEX,3.20026,7485.47,14478.2,16488.63
2026-02-01,8.0,IEX,4.51443,10639.28,19032.4,15066.23
2026-02-01,9.0,IEX,3.89309,11486.34,19914.23,18018.0
2026-02-01,10.0,IEX,3.03394,12639.83,19288.48,21963.58
2026-02-01,11.0,IEX,2.3475300000000003,11951.19,16679.88,28261.95
2026-02-01,12.0,IEX,1.87556,10622.35,13975.85,36981.75
2026-02-01,13.0,IEX,1.79779,9492.72,11533.15,44448.98
2026-02-01,14.0,IEX,1.2191500000000002,8892.96,10166.18,49871.18
2026-02-01,15.0,IEX,1.6728800000000001,9568.02,11953.75,47411.4
2026-02-01,16.0,IEX,1.73296,9943.53,12241.38,39867.38
2026-02-01,17.0,IEX,1.96908,8764.07,11614.93,30272.03
2026-02-01,18.0,IEX,2.85791,8403.18,12522.63,20556.48
2026-02-01,19.0,IEX,3.9196,9401.48,14369.28,17173.78
2026-02-01,20.0,IEX,3.71071,8515.33,13615.88,15584.85
2026-02-01,21.0,IEX,3.36239,8382.15,12747.33,17226.73
2026-02-01,22.0,IEX,3.01533,7501.89,11362.93,20831.15
2026-02-01,23.0,IEX,2.77847,7139.23,11405.9,27456.85
2026-02-01,24.0,IEX,2.34918,6313.56,10376.63,31729.68
2026-02-02,1.0,IEX,2.57219,7387.12,13190.58,32032.88
2026-02-02,2.0,IEX,2.45721,8320.93,13559.38,35615.03
2026-02-02,3.0,IEX,2.45066,9613.43,14601.33,35945.3
2026-02-02,4.0,IEX,2.45052,9890.39,14895.38,36285.2
2026-02-02,5.0,IEX,2.4532399999999996,8729.43,13950.58,34898.45
2026-02-02,6.0,IEX,2.98964,7999.99,14427.08,24904.65
2026-02-02,7.0,IEX,3.61685,8055.5,15967.4,16296.55
2026-02-02,8.0,IEX,5.5809,11627.21,22778.63,15169.53
2026-02-02,9.0,IEX,4.59136,12909.33,23929.4,17531.88
2026-02-02,10.0,IEX,3.76769,13324.34,22658.5,20611.25
2026-02-02,11.0,IEX,2.79858,10546.77,18301.23,24084.25
2026-02-02,12.0,IEX,2.3977399999999998,9462.6,15808.75,30785.93
2026-02-02,13.0,IEX,2.2981599999999998,9034.08,13813.3,38055.73
2026-02-02,14.0,IEX,1.99153,8956.39,11796.7,44122.58
2026-02-02,15.0,IEX,1.9430999999999998,9766.5,13685.08,40928.35
2026-02-02,16.0,IEX,2.22018,10867.05,15737.2,34316.88
2026-02-02,17.0,IEX,2.5333099999999997,9918.71,15969.0,26382.73
2026-02-02,18.0,IEX,3.5077,9467.61,15629.1,17775.0
2026-02-02,19.0,IEX,5.59145,10240.0,18059.65,13614.55
2026-02-02,20.0,IEX,4.84544,9064.62,17059.6,13010.78
2026-02-02,21.0,IEX,3.84087,8688.28,14991.18,14142.7
2026-02-02,22.0,IEX,3.54398,8904.85,14192.85,17956.7
2026-02-02,23.0,IEX,3.12383,8039.03,13207.38,23893.6
2026-02-02,24.0,IEX,2.8251,6919.82,12603.95,28506.48
2026-02-03,1.0,IEX,2.4730100000000004,7407.33,12543.48,32843.9
2026-02-03,2.0,IEX,2.4628699999999997,8215.83,13219.9,35858.85
2026-02-03,3.0,IEX,2.4301399999999997,8963.7,13577.38,36092.38
2026-02-03,4.0,IEX,2.4503000000000004,9337.55,14085.1,36447.45
2026-02-03,5.0,IEX,2.3849699999999996,8024.21,12565.35,34648.43
2026-02-03,6.0,IEX,2.77094,7187.55,12790.5,25827.15
2026-02-03,7.0,IEX,3.4555700000000003,7887.16,14895.25,16703.88
2026-02-03,8.0,IEX,5.732399999999999,11171.17,21310.3,15325.95
2026-02-03,9.0,IEX,4.3729,11854.17,21805.2,17000.65
2026-02-03,10.0,IEX,3.52195,12175.71,21847.23,21466.35
2026-02-03,11.0,IEX,2.59073,10302.57,18282.83,25676.28
2026-02-03,12.0,IEX,2.38299,10285.85,17102.58,31469.4
2026-02-03,13.0,IEX,2.18277,9994.58,15208.85,39619.03
2026-02-03,14.0,IEX,1.8631199999999999,9964.82,13178.5,45910.73
2026-02-03,15.0,IEX,1.92173,10249.05,14983.1,42201.35
2026-02-03,16.0,IEX,2.29509,10598.74,16372.43,35124.08
2026-02-03,17.0,IEX,2.56539,9740.55,15893.55,26996.63
2026-02-03,18.0,IEX,3.6,9436.87,15543.85,17559.1
2026-02-03,19.0,IEX,5.31243,10002.87,17772.48,13323.35
2026-02-03,20.0,IEX,4.65601,8930.45,16410.6,12901.83
2026-02-03,21.0,IEX,3.8658699999999997,8584.15,14391.88,14781.58
2026-02-03,22.0,IEX,3.34267,8235.24,12943.03,18775.5
2026-02-03,23.0,IEX,2.97757,7625.35,12581.7,24870.65
2026-02-03,24.0,IEX,2.61196,6912.83,12021.4,29899.33
2026-02-04,1.0,IEX,2.47043,7484.9,12520.6,31774.65
2026-02-04,2.0,IEX,2.46627,8047.3,13006.5,35192.28
2026-02-04,3.0,IEX,2.4704800000000002,9322.6,14334.5,35739.85
2026-02-04,4.0,IEX,2.47563,9839.06,14959.3,36216.75
2026-02-04,5.0,IEX,2.52294,8999.03,14589.8,34822.68
2026-02-04,6.0,IEX,3.0428,7549.65,14047.75,24956.1
2026-02-04,7.0,IEX,3.81286,8621.38,16798.03,16248.65
2026-02-04,8.0,IEX,7.07524,11128.75,22763.9,14380.98
2026-02-04,9.0,IEX,4.9184399999999995,12148.9,22948.53,16851.33
2026-02-04,10.0,IEX,3.7730900000000003,13099.8,22423.48,21398.83
2026-02-04,11.0,IEX,2.94559,10705.2,18575.18,26020.4
2026-02-04,12.0,IEX,2.6979699999999998,10191.6,16514.93,32493.45
2026-02-04,13.0,IEX,2.42033,10678.22,15380.8,40314.83
2026-02-04,14.0,IEX,2.02297,11616.69,14958.83,47287.48
2026-02-04,15.0,IEX,2.32417,11060.46,16251.45,40940.98
2026-02-04,16.0,IEX,2.60575,10697.66,17512.15,32911.33
2026-02-04,17.0,IEX,2.8981999999999997,9654.35,16578.75,24288.65
2026-02-04,18.0,IEX,3.95603,9383.11,17216.83,15817.05
2026-02-04,19.0,IEX,6.55375,9362.27,20408.05,12300.65
2026-02-04,20.0,IEX,5.55013,8087.83,18331.7,11577.83
2026-02-04,21.0,IEX,4.26563,7939.63,16077.2,13678.65
2026-02-04,22.0,IEX,3.5912800000000002,8032.95,14505.63,18615.05
2026-02-04,23.0,IEX,3.23775,8275.27,14334.6,24206.78
2026-02-04,24.0,IEX,2.8161199999999997,7142.39,13358.63,28383.78
2026-02-05,1.0,IEX,2.56027,7791.55,13773.25,33075.45
2026-02-05,2.0,IEX,2.56808,8707.01,14830.95,36231.48
2026-02-05,3.0,IEX,2.47826,9725.72,15155.13,36523.15
2026-02-05,4.0,IEX,2.48324,10155.03,15608.98,37146.13
2026-02-05,5.0,IEX,2.48565,9245.93,14737.65,35804.9
2026-02-05,6.0,IEX,3.0109299999999997,7666.53,14458.2,26211.43
2026-02-05,7.0,IEX,3.8315300000000003,8653.48,17497.45,16893.43
2026-02-05,8.0,IEX,7.30008,12344.28,25164.03,15764.48
2026-02-05,9.0,IEX,4.86972,13167.23,24773.8,18238.15
2026-02-05,10.0,IEX,3.32923,12533.76,23179.93,23393.1
2026-02-05,11.0,IEX,2.9139899999999996,11207.78,17790.08,26247.03
2026-02-05,12.0,IEX,2.55112,11264.27,16910.1,33607.0
2026-02-05,13.0,IEX,2.41696,11066.53,15848.15,41124.75
2026-02-05,14.0,IEX,1.97693,10379.18,13382.58,46488.28
2026-02-05,15.0,IEX,2.3345599999999997,11232.76,16051.75,41391.05
2026-02-05,16.0,IEX,2.6648400000000003,10912.3,17575.28,32522.85
2026-02-05,17.0,IEX,2.9547600000000003,10338.3,17012.88,25730.78
2026-02-05,18.0,IEX,3.73726,10163.81,17516.33,18155.25
2026-02-05,19.0,IEX,6.8003,10650.87,21587.33,14032.3
2026-02-05,20.0,IEX,5.3616,8971.45,18985.7,12729.55
2026-02-05,21.0,IEX,3.93188,8950.35,16895.73,14586.0
2026-02-05,22.0,IEX,3.5947199999999997,9071.43,15074.45,19081.1
2026-02-05,23.0,IEX,3.32713,8692.53,14782.28,24274.83
2026-02-05,24.0,IEX,2.93027,7467.38,13761.35,28160.05
2026-02-06,1.0,IEX,2.67936,8231.67,14397.2,32513.7
2026-02-06,2.0,IEX,2.65356,8862.3,15228.08,34054.55
2026-02-06,3.0,IEX,2.5527699999999998,9508.78,15412.2,35320.45
2026-02-06,4.0,IEX,2.53247,9888.2,15725.85,35615.9
2026-02-06,5.0,IEX,2.5667600000000004,9038.6,15078.53,34116.5
2026-02-06,6.0,IEX,3.03954,7886.4,14811.03,25313.5
2026-02-06,7.0,IEX,3.88756,8569.12,17644.85,16074.1
2026-02-06,8.0,IEX,7.51513,12323.43,24401.28,15617.83
2026-02-06,9.0,IEX,4.37188,12843.56,23576.68,18985.78
2026-02-06,10.0,IEX,3.0669899999999997,12672.62,20532.93,23757.88
2026-02-06,11.0,IEX,2.4778000000000002,11940.55,16956.8,28071.58
2026-02-06,12.0,IEX,2.09125,11603.92,15783.18,35715.45
2026-02-06,13.0,IEX,2.04521,11446.06,14791.25,43503.28
2026-02-06,14.0,IEX,1.7386400000000002,11041.95,13620.98,48966.4
2026-02-06,15.0,IEX,1.90027,12458.32,15251.2,45222.5
2026-02-06,16.0,IEX,2.40335,12480.25,17208.1,36568.23
2026-02-06,17.0,IEX,2.64094,11027.79,16529.15,29006.95
2026-02-06,18.0,IEX,3.54879,8696.85,16285.08,17770.7
2026-02-06,19.0,IEX,5.71501,9649.27,19406.08,13552.5
2026-02-06,20.0,IEX,4.9078599999999994,9040.08,18263.93,13023.18
2026-02-06,21.0,IEX,3.8345100000000003,9068.32,16906.05,15527.75
2026-02-06,22.0,IEX,3.48476,8504.57,14921.43,18891.93
2026-02-06,23.0,IEX,3.2317600000000004,8612.42,14350.45,24474.03
2026-02-06,24.0,IEX,2.86977,7877.36,13783.63,28297.78
2026-02-07,1.0,IEX,2.7009000000000003,7958.56,14312.53,32175.73
2026-02-07,2.0,IEX,2.78287,8840.41,15792.13,34150.65
2026-02-07,3.0,IEX,2.77305,9669.83,16395.75,35346.73
2026-02-07,4.0,IEX,2.7679699999999996,10081.68,16595.38,35819.65
2026-02-07,5.0,IEX,2.71521,9241.7,15623.75,33871.8
2026-02-07,6.0,IEX,3.0386100000000003,7939.19,14913.3,25300.55
2026-02-07,7.0,IEX,3.9851900000000002,9439.7,18328.65,16282.98
2026-02-07,8.0,IEX,7.68107,12026.05,24721.05,15092.28
2026-02-07,9.0,IEX,4.3579,11960.76,22516.4,18174.68
2026-02-07,10.0,IEX,3.26507,11904.28,19724.38,22061.08
2026-02-07,11.0,IEX,2.3304099999999996,11846.91,16320.95,29413.38
2026-02-07,12.0,IEX,2.20165,10906.39,14196.0,37326.08
2026-02-07,13.0,IEX,2.03486,11525.79,13395.35,46748.5
2026-02-07,14.0,IEX,1.72471,11328.9,12932.68,51714.63
2026-02-07,15.0,IEX,1.7461900000000001,10899.74,13365.9,45026.93
2026-02-07,16.0,IEX,2.18475,11472.29,14993.7,38023.7
2026-02-07,17.0,IEX,2.52446,9555.9,14194.03,29915.88
2026-02-07,18.0,IEX,3.50462,8943.78,14878.73,20162.95
2026-02-07,19.0,IEX,4.886640000000001,10428.46,19060.15,14729.95
2026-02-07,20.0,IEX,4.62342,9506.07,17841.35,14376.13
2026-02-07,21.0,IEX,3.8356399999999997,9807.48,15738.4,16997.0
2026-02-07,22.0,IEX,3.48079,9249.98,14038.48,20998.6
2026-02-07,23.0,IEX,3.11143,8320.69,13361.88,25100.43
2026-02-07,24.0,IEX,2.8513,7594.3,12632.63,28246.28
2026-02-08,1.0,IEX,2.76827,8320.2,15157.5,33268.38
2026-02-08,2.0,IEX,2.77804,8910.18,16565.53,35265.13
2026-02-08,3.0,IEX,2.59037,9678.15,16053.6,35659.58
2026-02-08,4.0,IEX,2.4707,9843.85,15387.08,36102.05
2026-02-08,5.0,IEX,2.52041,9162.8,15129.78,35197.78
2026-02-08,6.0,IEX,3.09035,8109.36,15463.55,26003.18
2026-02-08,7.0,IEX,3.43247,7920.23,15963.85,17927.48
2026-02-08,8.0,IEX,4.56291,10854.75,20684.55,17628.43
2026-02-08,9.0,IEX,3.8239099999999997,10802.62,19675.75,20423.38
2026-02-08,10.0,IEX,2.6705900000000002,10257.06,15830.6,25931.45
2026-02-08,11.0,IEX,1.7716800000000001,10221.89,14009.73,32873.55
2026-02-08,12.0,IEX,1.95,9632.66,13908.08,39694.2
2026-02-08,13.0,IEX,1.73076,9110.92,12328.88,47048.05
2026-02-08,14.0,IEX,1.67703,8797.35,11867.45,51934.6
2026-02-08,15.0,IEX,1.4870999999999999,8855.06,12571.33,48067.4
2026-02-08,16.0,IEX,1.73506,9810.18,13299.55,40910.55
2026-02-08,17.0,IEX,1.9427699999999999,8591.5,11722.45,32282.55
2026-02-08,18.0,IEX,2.66498,7463.58,11312.9,23545.53
2026-02-08,19.0,IEX,3.62455,8643.48,14966.63,18502.75
2026-02-08,20.0,IEX,3.5237600000000002,8236.83,14650.75,17408.53
2026-02-08,21.0,IEX,3.27462,7759.94,13344.05,19409.8
2026-02-08,22.0,IEX,2.9674699999999996,7615.64,12484.48,24680.78
2026-02-08,23.0,IEX,2.74167,7015.31,11840.98,27998.83
2026-02-08,24.0,IEX,2.38698,6893.13,11473.93,31369.45
2026-02-09,1.0,IEX,2.69863,8453.48,14545.0,33919.05
2026-02-09,2.0,IEX,2.5915500000000002,9263.53,15118.05,36537.93
2026-02-09,3.0,IEX,2.5852399999999998,10102.81,15847.55,37109.48
2026-02-09,4.0,IEX,2.59543,10715.83,16787.73,37541.28
2026-02-09,5.0,IEX,2.74836,9975.0,16827.65,35365.2
2026-02-09,6.0,IEX,3.1268200000000004,8725.2,16323.35,25273.83
2026-02-09,7.0,IEX,4.16272,9434.21,19845.33,17028.0
2026-02-09,8.0,IEX,6.39061,13180.28,26402.78,16879.13
2026-02-09,9.0,IEX,4.414899999999999,13596.14,25064.63,20512.6
2026-02-09,10.0,IEX,3.28091,12414.79,21016.2,25435.55
2026-02-09,11.0,IEX,2.52479,11932.55,18252.65,30639.53
2026-02-09,12.0,IEX,2.34564,11059.2,17608.4,38320.83
2026-02-09,13.0,IEX,2.19917,11487.6,15778.03,45139.33
2026-02-09,14.0,IEX,1.86723,12318.69,14531.18,49603.25
2026-02-09,15.0,IEX,1.9075499999999999,11833.79,14840.35,44825.48
2026-02-09,16.0,IEX,2.3836399999999998,10969.01,15423.95,36178.45
2026-02-09,17.0,IEX,2.57315,9170.26,14339.43,28975.1
2026-02-09,18.0,IEX,3.45775,8976.67,15010.55,20179.53
2026-02-09,19.0,IEX,4.8558,10108.5,19884.8,15506.03
2026-02-09,20.0,IEX,4.70592,8994.28,19238.45,14472.7
2026-02-09,21.0,IEX,3.79034,8878.13,16335.68,16834.18
2026-02-09,22.0,IEX,3.52204,9031.78,15364.25,20816.63
2026-02-09,23.0,IEX,3.16894,8207.63,14777.03,24741.93
2026-02-09,24.0,IEX,2.94237,7976.66,14477.3,28100.53
2026-02-10,1.0,IEX,2.80784,8279.31,15008.43,31181.43
2026-02-10,2.0,IEX,2.80588,9197.69,16670.95,34264.23
2026-02-10,3.0,IEX,2.78104,9899.25,17045.5,35310.33
2026-02-10,4.0,IEX,2.76403,9836.24,16895.25,35392.83
2026-02-10,5.0,IEX,2.68883,8965.38,15481.58,31859.58
2026-02-10,6.0,IEX,3.24966,8807.78,16719.43,22431.4
2026-02-10,7.0,IEX,4.3499799999999995,9039.23,19809.48,14680.5
2026-02-10,8.0,IEX,7.02338,10917.65,25677.5,14700.48
2026-02-10,9.0,IEX,4.48193,12673.38,24357.83,18423.53
2026-02-10,10.0,IEX,3.20526,12528.48,20060.25,22958.23
2026-02-10,11.0,IEX,2.4061999999999997,11481.38,17366.18,27550.05
2026-02-10,12.0,IEX,2.2669200000000003,10630.25,16998.85,35058.78
2026-02-10,13.0,IEX,2.14834,10690.7,15110.13,43026.23
2026-02-10,14.0,IEX,1.77753,11155.36,14533.4,48360.55
2026-02-10,15.0,IEX,1.96045,12119.08,15757.55,44281.15
2026-02-10,16.0,IEX,2.13953,11942.66,16584.68,36263.6
2026-02-10,17.0,IEX,2.56002,10085.54,15828.2,26557.35
2026-02-10,18.0,IEX,3.3448,9408.14,15799.93,19302.0
2026-02-10,19.0,IEX,4.92582,10841.93,20032.38,16173.23
2026-02-10,20.0,IEX,4.6359200000000005,9173.08,18884.38,14932.53
2026-02-10,21.0,IEX,3.81087,9150.8,16836.55,16755.28
2026-02-10,22.0,IEX,3.41058,8818.32,15438.85,19816.45
2026-02-10,23.0,IEX,3.07877,8380.35,14706.43,23599.2
2026-02-10,24.0,IEX,2.9009,7729.42,14193.98,27475.03
2026-02-11,1.0,IEX,2.7844499999999996,8858.52,15155.95,30403.0
2026-02-11,2.0,IEX,2.85286,9764.58,16436.2,32892.33
2026-02-11,3.0,IEX,2.84146,10299.43,17053.68,34612.15
2026-02-11,4.0,IEX,2.84531,10778.2,17363.05,35029.9
2026-02-11,5.0,IEX,2.82905,9407.51,15919.2,31827.58
2026-02-11,6.0,IEX,3.3924600000000003,9683.35,17152.75,22571.33
2026-02-11,7.0,IEX,4.448770000000001,9182.8,19258.65,14127.73
2026-02-11,8.0,IEX,9.95035,10625.3,26153.45,13738.15
2026-02-11,9.0,IEX,4.5501000000000005,12690.65,23615.28,18512.8
2026-02-11,10.0,IEX,3.0629299999999997,12658.25,19172.78,23143.18
2026-02-11,11.0,IEX,2.55292,12181.8,18410.48,28192.05
2026-02-11,12.0,IEX,2.49792,12137.2,19068.35,35430.73
2026-02-11,13.0,IEX,2.2630100000000004,11932.4,17378.65,42955.08
2026-02-11,14.0,IEX,1.98919,12469.93,16194.18,49439.03
2026-02-11,15.0,IEX,2.12765,13127.56,18134.18,45550.23
2026-02-11,16.0,IEX,2.40184,12012.31,18643.43,36697.8
2026-02-11,17.0,IEX,2.71688,10209.86,17163.9,26545.8
2026-02-11,18.0,IEX,3.3613600000000003,9110.36,15367.88,18884.98
2026-02-11,19.0,IEX,5.08498,9631.4,18777.48,13991.55
2026-02-11,20.0,IEX,4.7999600000000004,8848.9,18109.43,13803.1
2026-02-11,21.0,IEX,3.8909499999999997,8328.84,15798.1,16205.28
2026-02-11,22.0,IEX,3.32739,8419.87,14448.23,20079.4
2026-02-11,23.0,IEX,3.0037,8174.03,14006.33,23910.98
2026-02-11,24.0,IEX,2.75184,7553.12,12929.58,27521.45
2026-02-12,1.0,IEX,2.86097,8405.73,14701.78,28754.73
2026-02-12,2.0,IEX,2.86306,9233.47,15894.23,31134.18
2026-02-12,3.0,IEX,2.83117,9855.41,16421.83,32651.5
2026-02-12,4.0,IEX,2.8355,10415.89,16989.2,33214.35
2026-02-12,5.0,IEX,2.92828,10149.4,16966.93,30463.28
2026-02-12,6.0,IEX,3.4183600000000003,9350.6,16896.65,21308.93
2026-02-12,7.0,IEX,4.81222,9180.7,20051.03,14249.13
2026-02-12,8.0,IEX,10.0,10302.63,27722.2,13398.23
2026-02-12,9.0,IEX,5.96068,12250.58,24374.7,16811.85
2026-02-12,10.0,IEX,3.36014,11968.98,21139.7,19892.38
2026-02-12,11.0,IEX,2.77814,10241.3,17264.65,24367.0
2026-02-12,12.0,IEX,2.6158,10226.02,17195.6,31249.55
2026-02-12,13.0,IEX,2.37957,10797.6,15928.83,39884.6
2026-02-12,14.0,IEX,2.01555,11306.21,15457.35,46422.9
2026-02-12,15.0,IEX,2.1265300000000003,10717.83,16386.4,40998.95
2026-02-12,16.0,IEX,2.73573,9547.68,17264.45,30446.58
2026-02-12,17.0,IEX,2.87023,8906.69,16128.78,22277.5
2026-02-12,18.0,IEX,3.79906,9628.55,17282.33,17268.93
2026-02-12,19.0,IEX,8.77504,10056.87,21501.48,13231.38
2026-02-12,20.0,IEX,6.61769,8257.62,19218.18,11861.0
2026-02-12,21.0,IEX,4.29882,8412.4,16810.15,14259.7
2026-02-12,22.0,IEX,3.5651599999999997,8535.12,14586.3,17704.88
2026-02-12,23.0,IEX,3.19543,7931.23,13407.48,22502.03
2026-02-12,24.0,IEX,2.9016100000000002,7474.83,12669.13,25463.93
2026-02-13,1.0,IEX,2.7793200000000002,8006.24,13493.18,28286.98
2026-02-13,2.0,IEX,2.82549,8633.92,14800.75,29683.25
2026-02-13,3.0,IEX,2.81957,8948.79,15211.33,30616.88
2026-02-13,4.0,IEX,2.84898,9439.35,15696.25,30963.8
2026-02-13,5.0,IEX,2.91486,9272.17,15548.65,27900.05
2026-02-13,6.0,IEX,3.23673,7933.27,14633.25,19398.58
2026-02-13,7.0,IEX,5.26516,8173.1,18414.13,12511.5
2026-02-13,8.0,IEX,10.0,9573.04,26894.65,12341.35
2026-02-13,9.0,IEX,6.11447,12054.8,24209.8,16001.13
2026-02-13,10.0,IEX,3.5233600000000003,12318.49,21698.15,19390.88
2026-02-13,11.0,IEX,2.64822,12104.23,17817.8,25365.13
2026-02-13,12.0,IEX,2.70269,11900.7,18201.45,32448.2
2026-02-13,13.0,IEX,2.41794,12984.13,16840.98,40638.73
2026-02-13,14.0,IEX,2.08046,12696.32,15504.93,46015.6
2026-02-13,15.0,IEX,2.32825,11285.79,17180.88,40560.98
2026-02-13,16.0,IEX,2.73062,10867.14,18116.83,31620.23
2026-02-13,17.0,IEX,2.90804,9900.58,16887.93,22844.08
2026-02-13,18.0,IEX,3.84264,9865.78,16753.75,17154.55
2026-02-13,19.0,IEX,7.174729999999999,9349.17,20448.83,13141.83
2026-02-13,20.0,IEX,5.26309,8407.57,18464.38,12387.58
2026-02-13,21.0,IEX,4.1677,8219.29,16095.7,14608.6
2026-02-13,22.0,IEX,3.5374499999999998,8198.8,13700.65,17937.48
2026-02-13,23.0,IEX,3.15222,7871.29,13498.28,21893.05
2026-02-13,24.0,IEX,2.94398,7294.13,12470.4,24880.9
2026-02-14,1.0,IEX,2.89665,8291.8,14628.78,28139.8
2026-02-14,2.0,IEX,2.86951,8557.36,15683.73,29434.33
2026-02-14,3.0,IEX,2.8602600000000002,9157.3,16481.53,30426.63
2026-02-14,4.0,IEX,2.8687,9506.56,16443.25,30776.4
2026-02-14,5.0,IEX,2.96479,9147.43,16360.25,28111.4
2026-02-14,6.0,IEX,3.29045,7567.4,14677.6,19896.35
2026-02-14,7.0,IEX,5.3130299999999995,8113.39,17471.25,12142.25
2026-02-14,8.0,IEX,10.0,9668.79,25566.08,12156.6
2026-02-14,9.0,IEX,5.48189,11015.85,20787.9,16557.38
2026-02-14,10.0,IEX,3.2218,10476.23,16754.45,19767.63
2026-02-14,11.0,IEX,2.42055,10040.3,14967.08,26232.75
2026-02-14,12.0,IEX,2.4817600000000004,9997.47,14361.48,34448.33
2026-02-14,13.0,IEX,2.24196,10648.9,13384.3,42048.38
2026-02-14,14.0,IEX,1.95884,10663.53,12916.95,46207.8
2026-02-14,15.0,IEX,2.29061,10591.62,14340.68,41137.25
2026-02-14,16.0,IEX,2.64082,9461.24,15114.1,31469.18
2026-02-14,17.0,IEX,2.8072199999999996,8185.97,14552.28,21352.0
2026-02-14,18.0,IEX,3.46477,9514.83,14702.33,17678.83
2026-02-14,19.0,IEX,5.08463,9852.05,18771.65,13930.0
2026-02-14,20.0,IEX,5.063479999999999,8713.01,17598.8,12398.85
2026-02-14,21.0,IEX,4.0488,8800.76,14794.18,15063.73
2026-02-14,22.0,IEX,3.37967,8310.4,12825.23,18532.2
2026-02-14,23.0,IEX,3.11702,7656.43,13000.23,22283.05
2026-02-14,24.0,IEX,2.90687,6741.62,11690.88,24999.7
2026-02-15,1.0,IEX,2.86096,8751.99,15324.95,28755.85
2026-02-15,2.0,IEX,2.83967,8854.7,16368.63,30298.7
2026-02-15,3.0,IEX,2.8387,9543.66,17267.48,31029.9
2026-02-15,4.0,IEX,2.84712,10022.47,17721.38,31447.88
2026-02-15,5.0,IEX,2.92093,9819.76,17741.83,28724.0
2026-02-15,6.0,IEX,3.27706,8892.42,17233.8,21112.65
2026-02-15,7.0,IEX,4.06031,8736.05,17741.45,14307.0
2026-02-15,8.0,IEX,6.5122,11080.94,21814.45,14677.25
2026-02-15,9.0,IEX,3.68465,10597.48,19483.9,17120.05
2026-02-15,10.0,IEX,2.67949,10761.29,17039.85,19922.35
2026-02-15,11.0,IEX,1.80753,10290.47,13868.48,25041.83
2026-02-15,12.0,IEX,1.85255,10504.07,14526.93,33787.25
2026-02-15,13.0,IEX,1.74014,10774.37,13848.98,41935.35
2026-02-15,14.0,IEX,1.43021,10533.71,13449.98,46764.35
2026-02-15,15.0,IEX,1.92972,9502.48,13752.25,41581.5
2026-02-15,16.0,IEX,2.18449,8366.6,12661.7,33799.15
2026-02-15,17.0,IEX,2.15733,7932.9,11945.28,25674.75
2026-02-15,18.0,IEX,2.45023,7513.08,11069.65,21652.98
2026-02-15,19.0,IEX,3.5254899999999996,7633.7,13652.18,17445.88
2026-02-15,20.0,IEX,3.4577600000000004,7572.15,13428.93,16583.58
2026-02-15,21.0,IEX,3.22019,8144.83,13236.23,17898.08
2026-02-15,22.0,IEX,2.89919,7586.55,11995.73,21806.5
2026-02-15,23.0,IEX,2.85936,7616.45,12301.08,24734.45
2026-02-15,24.0,IEX,2.66327,7266.84,11760.13,26916.93
2026-02-16,1.0,IEX,2.86724,8524.13,15098.08,26042.0
2026-02-16,2.0,IEX,2.83917,8446.92,16021.48,27655.38
2026-02-16,3.0,IEX,2.84591,9000.59,16690.35,28294.53
2026-02-16,4.0,IEX,2.8835900000000003,9691.82,17234.6,28574.28
2026-02-16,5.0,IEX,3.11645,9730.13,17382.35,26177.55
2026-02-16,6.0,IEX,3.69872,9448.75,17817.9,19689.78
2026-02-16,7.0,IEX,6.2399700000000005,9210.03,20471.13,12783.68
2026-02-16,8.0,IEX,10.0,8605.8,26106.58,11209.4
2026-02-16,9.0,IEX,6.01541,11051.01,22718.6,14612.93
2026-02-16,10.0,IEX,3.58775,11434.48,19465.38,17432.8
2026-02-16,11.0,IEX,2.64778,9066.2,15845.0,21778.4
2026-02-16,12.0,IEX,2.3106,9943.97,16015.88,29750.38
2026-02-16,13.0,IEX,2.21476,10528.18,14579.13,37576.88
2026-02-16,14.0,IEX,2.07677,9524.89,13407.43,41278.38
2026-02-16,15.0,IEX,2.3678000000000003,8939.68,14448.73,37629.93
2026-02-16,16.0,IEX,2.6941599999999997,8622.16,15978.35,29911.13
2026-02-16,17.0,IEX,2.9081799999999998,8307.13,15063.68,22135.83
2026-02-16,18.0,IEX,3.64913,10799.05,16572.55,18160.03
2026-02-16,19.0,IEX,7.17566,10650.45,20126.23,13732.4
2026-02-16,20.0,IEX,5.46271,9994.82,18560.08,13296.5
2026-02-16,21.0,IEX,3.96664,9312.28,15210.5,15298.2
2026-02-16,22.0,IEX,3.4591399999999997,9172.98,13748.63,17807.98
2026-02-16,23.0,IEX,3.2096799999999996,8771.0,13908.48,21210.63
2026-02-16,24.0,IEX,3.0534899999999996,7855.34,13393.73,23813.68
2026-02-17,1.0,IEX,2.93487,8834.6,15000.15,26924.15
2026-02-17,2.0,IEX,2.91268,8966.82,15954.55,28316.35
2026-02-17,3.0,IEX,2.94846,9538.91,16698.83,28598.75
2026-02-17,4.0,IEX,2.9528499999999998,9905.6,17058.48,28859.83
2026-02-17,5.0,IEX,3.02036,9716.05,16842.18,26389.05
2026-02-17,6.0,IEX,3.42943,8750.19,16441.3,18795.95
2026-02-17,7.0,IEX,6.340229999999999,8654.15,19150.43,12233.93
2026-02-17,8.0,IEX,10.0,9494.96,26516.43,11950.08
2026-02-17,9.0,IEX,5.293609999999999,11277.35,21530.5,16303.58
2026-02-17,10.0,IEX,2.98169,11315.53,18528.83,19996.93
2026-02-17,11.0,IEX,2.74609,11183.72,17410.28,24436.78
2026-02-17,12.0,IEX,2.51282,11527.98,17596.88,31966.35
2026-02-17,13.0,IEX,2.09532,11810.19,16352.83,39216.23
2026-02-17,14.0,IEX,2.13908,12793.64,15464.8,43517.4
2026-02-17,15.0,IEX,2.14764,11248.39,16040.9,39774.05
2026-02-17,16.0,IEX,2.5676900000000002,10219.08,16720.78,32060.45
2026-02-17,17.0,IEX,2.5654299999999997,9026.95,14574.15,23742.73
2026-02-17,18.0,IEX,3.04142,8791.55,13224.03,18611.05
2026-02-17,19.0,IEX,5.42653,10069.13,18198.7,14069.28
2026-02-17,20.0,IEX,5.17448,9981.5,17305.28,13658.8
2026-02-17,21.0,IEX,3.66969,9290.01,14539.3,15318.28
2026-02-17,22.0,IEX,3.2204099999999998,9003.1,13282.85,18893.08
2026-02-17,23.0,IEX,3.13016,8581.1,13739.7,22337.5
2026-02-17,24.0,IEX,2.96077,7617.9,12937.6,25352.45
2026-02-18,1.0,IEX,3.01435,8768.31,15272.48,27698.08
2026-02-18,2.0,IEX,2.96115,8908.82,16289.28,29305.1
2026-02-18,3.0,IEX,2.9569699999999997,9632.74,17118.83,29941.78
2026-02-18,4.0,IEX,2.96439,10139.96,17626.15,30271.65
2026-02-18,5.0,IEX,3.05946,9831.59,17383.38,27513.25
2026-02-18,6.0,IEX,3.5417899999999998,9061.53,16909.45,18954.43
2026-02-18,7.0,IEX,6.2878,7779.95,17621.38,11289.33
2026-02-18,8.0,IEX,10.0,7376.1,25881.48,9671.6
2026-02-18,9.0,IEX,5.97518,10222.62,21539.18,13647.28
2026-02-18,10.0,IEX,3.2200900000000003,11087.88,19278.65,17537.78
2026-02-18,11.0,IEX,3.02144,9404.38,16653.4,20256.3
2026-02-18,12.0,IEX,2.64806,8858.63,15505.3,27068.35
2026-02-18,13.0,IEX,2.10286,10815.87,15072.95,37027.68
2026-02-18,14.0,IEX,1.9648299999999999,11046.42,13781.25,42117.1
2026-02-18,15.0,IEX,2.1186700000000003,10178.77,14967.45,38308.45
2026-02-18,16.0,IEX,2.5534299999999996,8474.02,15434.83,28325.95
2026-02-18,17.0,IEX,2.8227399999999996,8217.84,15272.68,20492.45
2026-02-18,18.0,IEX,3.39982,9322.2,14633.33,16565.08
2026-02-18,19.0,IEX,7.75254,9519.08,18705.13,12840.48
2026-02-18,20.0,IEX,7.750439999999999,8482.29,17507.53,11446.3
2026-02-18,21.0,IEX,4.4367399999999995,8913.12,15547.63,13627.93
2026-02-18,22.0,IEX,3.61421,9242.41,14656.53,18116.7
2026-02-18,23.0,IEX,3.4204299999999996,8951.9,14432.6,21712.93
2026-02-18,24.0,IEX,3.13669,7869.43,13960.5,25515.83
2026-02-19,1.0,IEX,3.04472,8590.73,16376.93,27258.8
2026-02-19,2.0,IEX,3.0535900000000002,9757.53,17374.3,30341.43
2026-02-19,3.0,IEX,3.02189,10346.0,17799.78,30978.23
2026-02-19,4.0,IEX,2.98766,10803.83,18072.48,31486.63
2026-02-19,5.0,IEX,3.1532199999999997,10624.45,18095.05,28845.05
2026-02-19,6.0,IEX,3.69436,9333.55,16972.58,20019.1
2026-02-19,7.0,IEX,5.32416,7721.75,17333.28,12048.75
2026-02-19,8.0,IEX,10.0,8254.51,25746.3,10550.03
2026-02-19,9.0,IEX,6.17156,10191.65,21618.3,13628.2
2026-02-19,10.0,IEX,3.44517,11158.5,19011.23,16933.8
2026-02-19,11.0,IEX,2.89756,10094.43,16104.9,22405.93
2026-02-19,12.0,IEX,2.52306,10948.66,16649.98,30692.85
2026-02-19,13.0,IEX,2.14292,12402.99,16625.9,39558.28
2026-02-19,14.0,IEX,1.7824,11643.06,14963.48,43989.25
2026-02-19,15.0,IEX,2.10551,11418.16,16580.25,39495.35
2026-02-19,16.0,IEX,2.83575,9852.3,17909.35,28842.05
2026-02-19,17.0,IEX,3.0742800000000003,8845.98,16431.7,20520.88
2026-02-19,18.0,IEX,3.9584,8287.8,15643.33,14309.85
2026-02-19,19.0,IEX,8.957709999999999,8387.1,19641.68,11282.58
2026-02-19,20.0,IEX,7.52231,8279.58,17844.25,11271.98
2026-02-19,21.0,IEX,4.1224,8285.68,15491.53,14571.05
2026-02-19,22.0,IEX,3.5925700000000003,8258.39,13828.3,18316.73
2026-02-19,23.0,IEX,3.45251,8018.8,13985.9,20995.0
2026-02-19,24.0,IEX,3.05738,7291.95,13514.25,23915.6
2026-02-20,1.0,IEX,3.02365,9446.21,15794.25,27603.0
2026-02-20,2.0,IEX,3.02842,10298.05,16355.35,30815.75
2026-02-20,3.0,IEX,2.85458,9812.2,16175.8,30368.5
2026-02-20,4.0,IEX,2.88387,10048.95,16622.78,29740.3
2026-02-20,5.0,IEX,3.02251,9942.47,17040.8,27975.85
2026-02-20,6.0,IEX,3.4785,8526.08,15949.33,20531.6
2026-02-20,7.0,IEX,4.254020000000001,7809.45,15736.3,14670.23
2026-02-20,8.0,IEX,10.0,9156.75,24171.0,11144.25
2026-02-20,9.0,IEX,5.56849,10209.78,19639.23,15218.53
2026-02-20,10.0,IEX,3.07416,10382.0,17290.53,18969.6
2026-02-20,11.0,IEX,2.21525,10299.0,15423.68,26326.55
2026-02-20,12.0,IEX,2.08036,10829.79,15079.53,33472.0
2026-02-20,13.0,IEX,2.03732,11704.74,14835.9,41184.83
2026-02-20,14.0,IEX,1.73469,11088.35,13871.93,46143.28
2026-02-20,15.0,IEX,2.08746,10998.49,15911.63,39525.58
2026-02-20,16.0,IEX,2.75277,9480.02,17857.35,29498.9
2026-02-20,17.0,IEX,2.96799,9141.03,16758.25,22684.95
2026-02-20,18.0,IEX,3.83113,8974.82,14458.53,16441.25
2026-02-20,19.0,IEX,8.99995,9284.3,17567.15,11500.5
2026-02-20,20.0,IEX,6.59243,9241.93,15839.65,12500.45
2026-02-20,21.0,IEX,3.9587800000000004,8945.19,13928.28,15982.8
2026-02-20,22.0,IEX,3.44415,9073.08,13127.63,20451.48
2026-02-20,23.0,IEX,3.18704,8257.38,13010.6,23533.15
2026-02-20,24.0,IEX,3.03035,7187.66,12406.28,26022.78
2026-02-21,1.0,IEX,2.77914,7421.02,13804.1,28150.3
2026-02-21,2.0,IEX,2.82933,8180.25,15014.5,29742.45
2026-02-21,3.0,IEX,2.82776,9189.14,16102.88,30717.45
2026-02-21,4.0,IEX,2.8857199999999996,9996.07,16961.7,30286.1
2026-02-21,5.0,IEX,3.04514,9805.85,17256.23,28373.35
2026-02-21,6.0,IEX,3.47858,8771.52,16760.73,21240.68
2026-02-21,7.0,IEX,4.16314,9022.22,17278.58,15720.2
2026-02-21,8.0,IEX,9.99727,11579.95,24524.93,13937.0
2026-02-21,9.0,IEX,4.31082,10843.73,20450.48,15789.4
2026-02-21,10.0,IEX,2.81867,11098.56,18070.95,20394.93
2026-02-21,11.0,IEX,2.2105300000000003,11103.83,15849.08,27186.78
2026-02-21,12.0,IEX,1.94648,11400.17,16199.83,36088.3
2026-02-21,13.0,IEX,1.74102,11585.08,15524.55,42798.05
2026-02-21,14.0,IEX,1.5855899999999998,11734.83,15024.15,46612.58
2026-02-21,15.0,IEX,2.01527,11996.62,15658.78,40808.33
2026-02-21,16.0,IEX,2.52312,10569.51,17173.85,30323.73
2026-02-21,17.0,IEX,2.91,10078.13,17012.2,22250.6
2026-02-21,18.0,IEX,3.5978600000000003,8902.63,14429.15,16129.83
2026-02-21,19.0,IEX,5.57585,9639.9,17798.88,13920.28
2026-02-21,20.0,IEX,4.73556,8864.4,15707.1,13942.1
2026-02-21,21.0,IEX,3.51982,7822.27,12820.05,15142.28
2026-02-21,22.0,IEX,3.09638,7348.58,11495.75,19345.7
2026-02-21,23.0,IEX,2.9010599999999998,6797.35,11340.2,21639.13
2026-02-21,24.0,IEX,2.8331,6084.88,11108.5,23831.73
2026-02-22,1.0,IEX,2.92821,8465.9,16698.0,26123.25
2026-02-22,2.0,IEX,2.89327,9347.65,17882.4,29592.78
2026-02-22,3.0,IEX,2.88767,9891.45,18544.98,30390.73
2026-02-22,4.0,IEX,2.98813,10435.66,19312.4,30231.73
2026-02-22,5.0,IEX,3.22422,10717.1,19930.88,27900.4
2026-02-22,6.0,IEX,3.61536,9866.24,18979.2,21481.9
2026-02-22,7.0,IEX,4.2621899999999995,9679.6,18812.18,16649.48
2026-02-22,8.0,IEX,7.7234,12561.28,24163.23,15824.33
2026-02-22,9.0,IEX,4.34507,12268.06,22451.43,18248.68
2026-02-22,10.0,IEX,2.68504,12069.84,19894.98,23311.15
2026-02-22,11.0,IEX,1.98817,11454.51,16850.58,31331.45
2026-02-22,12.0,IEX,1.84173,11552.85,17591.85,40792.08
2026-02-22,13.0,IEX,1.3656300000000001,11475.96,16480.0,48124.73
2026-02-22,14.0,IEX,1.10548,12140.04,15744.2,51560.65
2026-02-22,15.0,IEX,1.5406099999999998,11469.23,16870.43,47562.9
2026-02-22,16.0,IEX,2.05712,10158.75,16445.33,37286.2
2026-02-22,17.0,IEX,2.3681,8743.24,13835.13,26769.93
2026-02-22,18.0,IEX,2.50472,8125.2,11914.33,20170.13
2026-02-22,19.0,IEX,3.81544,8536.91,15590.88,16712.25
2026-02-22,20.0,IEX,3.61748,8592.27,14966.93,16061.23
2026-02-22,21.0,IEX,3.2889,8269.75,13992.13,18507.38
2026-02-22,22.0,IEX,2.95118,7560.03,12882.05,21656.88
2026-02-22,23.0,IEX,2.87622,7117.25,13092.18,23215.28
2026-02-22,24.0,IEX,2.7573600000000003,6677.51,12763.73,25686.53
2026-02-23,1.0,IEX,3.01711,9417.54,16427.2,26691.45
2026-02-23,2.0,IEX,3.0742800000000003,10335.15,17190.4,28658.98
2026-02-23,3.0,IEX,3.0659699999999996,11012.12,17400.68,29282.15
2026-02-23,4.0,IEX,3.16342,11828.83,18246.95,28384.13
2026-02-23,5.0,IEX,3.4697,11602.82,18880.68,25552.78
2026-02-23,6.0,IEX,3.9063000000000003,11071.53,18444.13,20380.43
2026-02-23,7.0,IEX,5.11747,10981.69,20025.3,15743.38
2026-02-23,8.0,IEX,10.0,10183.65,26621.13,12975.05
2026-02-23,9.0,IEX,5.655189999999999,11295.08,20526.23,15962.3
2026-02-23,10.0,IEX,3.09006,10912.4,18534.33,19091.93
2026-02-23,11.0,IEX,2.57292,10101.53,16787.28,23658.38
2026-02-23,12.0,IEX,2.2045700000000004,11262.55,17784.63,32536.78
2026-02-23,13.0,IEX,2.02375,12309.9,17233.2,40348.53
2026-02-23,14.0,IEX,1.78069,12151.94,15762.9,43777.15
2026-02-23,15.0,IEX,2.21029,12769.28,16934.38,37227.75
2026-02-23,16.0,IEX,2.86356,10390.56,17793.75,28680.75
2026-02-23,17.0,IEX,3.2430700000000003,9855.69,16378.03,21554.8
2026-02-23,18.0,IEX,4.21314,10164.75,16805.98,16704.55
2026-02-23,19.0,IEX,9.433549999999999,9787.2,19715.1,12668.0
2026-02-23,20.0,IEX,7.6697,10128.47,18348.68,13177.2
2026-02-23,21.0,IEX,4.9126,10285.11,17343.28,14496.25
2026-02-23,22.0,IEX,3.94807,9413.81,15399.6,17436.65
2026-02-23,23.0,IEX,3.63126,9415.84,15439.93,19715.58
2026-02-23,24.0,IEX,3.29944,8867.3,15108.1,21699.15
2026-02-24,1.0,IEX,3.36393,9513.48,18980.68,21915.48
2026-02-24,2.0,IEX,3.33569,10517.06,19660.15,24441.3
2026-02-24,3.0,IEX,3.34754,11158.26,20014.2,25127.43
2026-02-24,4.0,IEX,3.48937,12099.46,20683.35,25146.58
2026-02-24,5.0,IEX,3.69835,11023.39,20602.03,22389.55
2026-02-24,6.0,IEX,3.89513,10263.34,19135.28,18810.9
2026-02-24,7.0,IEX,4.87802,9924.89,20150.7,14812.48
2026-02-24,8.0,IEX,10.0,8772.22,27302.03,11560.63
2026-02-24,9.0,IEX,6.11271,10671.58,23795.9,14828.38
2026-02-24,10.0,IEX,3.48536,12212.19,22515.75,19411.58
2026-02-24,11.0,IEX,2.8322800000000004,10010.55,18897.85,25034.4
2026-02-24,12.0,IEX,2.4882,10673.88,19432.53,32556.83
2026-02-24,13.0,IEX,2.3057600000000003,11872.17,18352.5,39097.33
2026-02-24,14.0,IEX,1.94802,12478.12,17064.88,44017.0
2026-02-24,15.0,IEX,2.05457,11032.98,18568.25,37528.63
2026-02-24,16.0,IEX,2.79876,10024.37,20071.95,30414.88
2026-02-24,17.0,IEX,3.0362600000000004,9950.25,18667.95,23789.73
2026-02-24,18.0,IEX,4.36673,9027.82,17237.43,15302.98
2026-02-24,19.0,IEX,9.38739,8763.2,20855.3,11712.98
2026-02-24,20.0,IEX,8.15417,8537.0,18938.35,11773.38
2026-02-24,21.0,IEX,4.82457,9730.04,17807.6,14039.5
2026-02-24,22.0,IEX,4.1802,9339.45,16755.1,15836.73
2026-02-24,23.0,IEX,3.8315900000000003,8946.37,16551.85,17879.53
2026-02-24,24.0,IEX,3.6462600000000003,8609.48,16668.65,20239.1
2026-02-25,1.0,IEX,3.46326,9505.79,18418.03,21315.43
2026-02-25,2.0,IEX,3.4197800000000003,10123.45,18836.28,23564.68
2026-02-25,3.0,IEX,3.39993,10378.77,18733.43,24099.98
2026-02-25,4.0,IEX,3.4666300000000003,10702.95,19237.48,23384.6
2026-02-25,5.0,IEX,3.7439400000000003,10364.65,20074.88,20779.95
2026-02-25,6.0,IEX,4.1895500000000006,10635.73,19987.0,17444.68
2026-02-25,7.0,IEX,7.112520000000001,9112.47,20672.03,12305.98
2026-02-25,8.0,IEX,10.0,8077.4,28738.23,10855.8
2026-02-25,9.0,IEX,6.42975,10811.65,22618.33,14663.88
2026-02-25,10.0,IEX,3.69438,10849.5,19210.43,17377.63
2026-02-25,11.0,IEX,2.9679,9297.19,15923.28,22448.2
2026-02-25,12.0,IEX,2.60327,9190.61,15497.0,29315.95
2026-02-25,13.0,IEX,2.24102,10575.8,15085.68,36689.43
2026-02-25,14.0,IEX,2.01052,10120.44,14057.78,39135.73
2026-02-25,15.0,IEX,2.2130300000000003,8983.19,15397.13,33232.23
2026-02-25,16.0,IEX,2.8863600000000003,8668.64,17337.73,27928.03
2026-02-25,17.0,IEX,3.18066,9167.79,17159.9,22739.25
2026-02-25,18.0,IEX,4.22733,9199.53,17448.18,15420.63
2026-02-25,19.0,IEX,9.433629999999999,8063.6,21354.75,10959.33
2026-02-25,20.0,IEX,8.66246,7385.1,19736.0,10345.4
2026-02-25,21.0,IEX,4.92772,8469.03,17474.68,12390.4
2026-02-25,22.0,IEX,4.2703500000000005,8566.22,16027.98,14522.28
2026-02-25,23.0,IEX,3.89021,8880.81,15979.73,16723.33
2026-02-25,24.0,IEX,3.39101,8471.2,15228.6,19474.48
2026-02-26,1.0,IEX,3.38217,9800.86,18187.33,21864.35
2026-02-26,2.0,IEX,3.3733899999999997,10857.99,18787.7,24765.05
2026-02-26,3.0,IEX,3.3446,11144.21,18682.9,25257.33
2026-02-26,4.0,IEX,3.40455,11536.76,18961.9,24309.3
2026-02-26,5.0,IEX,3.7404499999999996,11100.3,20253.55,21752.88
2026-02-26,6.0,IEX,3.9738800000000003,11193.74,20717.83,18856.85
2026-02-26,7.0,IEX,8.19519,9528.31,22442.1,12626.15
2026-02-26,8.0,IEX,10.0,7206.32,30591.43,9968.13
2026-02-26,9.0,IEX,6.71263,10196.07,23037.28,13788.83
2026-02-26,10.0,IEX,3.5225999999999997,12094.48,20074.2,19371.4
2026-02-26,11.0,IEX,2.94027,9985.86,17717.53,24998.5
2026-02-26,12.0,IEX,2.7431300000000003,10169.08,17491.93,30855.78
2026-02-26,13.0,IEX,2.26747,12259.34,17523.75,37785.68
2026-02-26,14.0,IEX,2.01462,10842.78,15695.1,40134.7
2026-02-26,15.0,IEX,2.5131900000000003,9149.26,17451.5,33860.6
2026-02-26,16.0,IEX,3.05156,10640.71,19856.25,29332.7
2026-02-26,17.0,IEX,3.4354299999999998,11196.73,20613.8,23513.35
2026-02-26,18.0,IEX,5.51216,9831.28,18958.98,15803.88
2026-02-26,19.0,IEX,9.500350000000001,7840.37,21259.93,10694.98
2026-02-26,20.0,IEX,8.86266,7518.75,19853.1,10424.6
2026-02-26,21.0,IEX,4.78316,9917.57,18503.35,14134.43
2026-02-26,22.0,IEX,4.14098,9384.42,17191.1,15652.7
2026-02-26,23.0,IEX,3.80164,8717.46,16376.08,17994.5
2026-02-26,24.0,IEX,3.4842,8370.7,16176.3,19843.68
2026-02-27,1.0,IEX,3.4994699999999996,10291.28,18750.38,22517.58
2026-02-27,2.0,IEX,3.45456,11104.56,19472.6,24728.43
2026-02-27,3.0,IEX,3.4315,11871.99,19833.73,25692.98
2026-02-27,4.0,IEX,3.4947199999999996,12239.16,20300.95,24832.18
2026-02-27,5.0,IEX,3.76907,11887.38,20777.98,21967.25
2026-02-27,6.0,IEX,4.08682,11734.82,20426.88,18794.53
2026-02-27,7.0,IEX,8.21999,10378.3,22458.7,13786.05
2026-02-27,8.0,IEX,10.0,8351.24,31175.43,11152.35
2026-02-27,9.0,IEX,6.71276,11139.78,23450.4,14973.08
2026-02-27,10.0,IEX,3.5553000000000003,13350.15,21722.53,20827.28
2026-02-27,11.0,IEX,3.02372,11465.58,19848.75,26185.73
2026-02-27,12.0,IEX,2.69106,11482.63,19176.5,32054.88
2026-02-27,13.0,IEX,2.36772,12765.64,17629.38,38568.3
2026-02-27,14.0,IEX,2.10343,11791.31,16530.15,42215.73
2026-02-27,15.0,IEX,2.5130100000000004,11052.16,18643.08,36751.85
2026-02-27,16.0,IEX,3.01683,12038.16,20422.88,31680.25
2026-02-27,17.0,IEX,3.3626,11908.75,20654.45,24519.98
2026-02-27,18.0,IEX,5.02479,9684.0,18510.03,15649.18
2026-02-27,19.0,IEX,10.0,8254.65,23025.75,11072.35
2026-02-27,20.0,IEX,9.24981,8715.79,21384.9,11835.5
2026-02-27,21.0,IEX,5.5755,10108.97,19911.93,13681.23
2026-02-27,22.0,IEX,4.35372,10908.03,18479.4,16226.33
2026-02-27,23.0,IEX,3.85649,10421.94,17602.4,18483.75
2026-02-27,24.0,IEX,3.70579,9687.33,17481.2,20580.13
2026-02-28,1.0,IEX,3.2373499999999997,9252.61,16680.7,22731.9
2026-02-28,2.0,IEX,3.2204800000000002,10358.4,17733.68,25575.1
2026-02-28,3.0,IEX,3.16906,10897.69,18211.6,26642.78
2026-02-28,4.0,IEX,3.26415,11371.42,19013.55,26275.5
2026-02-28,5.0,IEX,3.69825,11636.64,20256.88,22847.83
2026-02-28,6.0,IEX,4.01712,12070.63,19994.95,19930.1
2026-02-28,7.0,IEX,7.36241,10940.83,20621.2,15391.9
2026-02-28,8.0,IEX,10.0,10032.15,27420.6,12849.85
2026-02-28,9.0,IEX,5.38765,11426.6,20955.58,16944.35
2026-02-28,10.0,IEX,3.1275399999999998,12737.35,19064.45,22635.68
2026-02-28,11.0,IEX,2.84331,10305.61,15816.25,27628.33
2026-02-28,12.0,IEX,2.36949,12877.11,17251.05,35907.55
2026-02-28,13.0,IEX,2.15395,12698.18,15492.85,41197.65
2026-02-28,14.0,IEX,1.8217,11676.45,13246.88,43894.8
2026-02-28,15.0,IEX,2.2219,11280.45,15607.98,40344.95
2026-02-28,16.0,IEX,2.8485,10950.17,17661.83,33999.25
2026-02-28,17.0,IEX,3.1304499999999997,10097.28,17172.15,26142.05
2026-02-28,18.0,IEX,3.66077,8670.74,15783.8,18026.88
2026-02-28,19.0,IEX,8.40493,9414.55,19812.23,12884.38
2026-02-28,20.0,IEX,8.06218,8960.0,18702.55,12595.2
2026-02-28,21.0,IEX,4.53296,9530.2,17043.7,14278.55
2026-02-28,22.0,IEX,3.8502199999999998,9456.88,16213.38,17465.98
2026-02-28,23.0,IEX,3.48531,8857.77,15064.78,19264.3
2026-02-28,24.0,IEX,3.24634,8164.1,15075.4,21132.18
2026-03-01,1.0,IEX,3.2828600000000003,8843.69,15725.8,20424.2
2026-03-01,2.0,IEX,3.33644,9757.53,16899.23,22211.73
2026-03-01,3.0,IEX,3.4109000000000003,10344.09,17690.35,23086.93
2026-03-01,4.0,IEX,3.45965,11086.26,18198.4,23413.98
2026-03-01,5.0,IEX,3.6280799999999997,10585.43,18585.63,21107.18
2026-03-01,6.0,IEX,3.82062,10620.63,17508.98,17225.15
2026-03-01,7.0,IEX,4.397819999999999,9570.27,17098.13,16061.08
2026-03-01,8.0,IEX,7.24375,12295.5,21876.93,17830.83
2026-03-01,9.0,IEX,3.55919,12249.18,20009.93,22482.35
2026-03-01,10.0,IEX,2.50425,11104.05,15314.0,25526.93
2026-03-01,11.0,IEX,2.0117000000000003,10806.43,13233.78,30414.43
2026-03-01,12.0,IEX,2.06359,10957.05,14183.85,37420.93
2026-03-01,13.0,IEX,1.88799,10618.65,12830.93,43664.23
2026-03-01,14.0,IEX,1.50042,9939.57,12085.38,46466.03
2026-03-01,15.0,IEX,1.75993,11430.21,13634.33,42747.15
2026-03-01,16.0,IEX,2.16636,10881.85,14340.03,36156.68
2026-03-01,17.0,IEX,2.09775,9418.09,12725.65,29629.65
2026-03-01,18.0,IEX,2.29548,8009.28,11397.28,22681.75
2026-03-01,19.0,IEX,3.84997,7591.64,13811.13,16333.43
2026-03-01,20.0,IEX,3.59443,7890.15,13652.35,16648.7
2026-03-01,21.0,IEX,3.26124,7958.93,12559.38,16989.65
2026-03-01,22.0,IEX,2.8605500000000004,6849.04,11813.63,17294.53
2026-03-01,23.0,IEX,2.8951100000000003,6634.03,11742.95,18337.0
2026-03-01,24.0,IEX,2.90777,6811.43,12081.23,19910.45
2026-03-02,1.0,IEX,3.31318,8385.8,16406.78,20263.1
2026-03-02,2.0,IEX,3.32877,8721.27,17590.85,21868.98
2026-03-02,3.0,IEX,3.43791,9536.43,18349.93,23096.4
2026-03-02,4.0,IEX,3.47997,10880.97,18735.38,23869.45
2026-03-02,5.0,IEX,3.6997,11333.61,19880.78,21749.45
2026-03-02,6.0,IEX,3.9245900000000002,10332.53,18043.95,16612.73
2026-03-02,7.0,IEX,7.18067,9157.94,18954.18,13080.15
2026-03-02,8.0,IEX,10.0,11042.72,26170.65,13865.23
2026-03-02,9.0,IEX,4.66761,13569.38,23096.48,20282.83
2026-03-02,10.0,IEX,3.17287,12859.0,19385.35,23914.5
2026-03-02,11.0,IEX,2.96285,11214.4,17432.3,27969.73
2026-03-02,12.0,IEX,2.53506,11262.67,18404.48,34280.85
2026-03-02,13.0,IEX,2.24278,12314.98,17410.4,41042.9
2026-03-02,14.0,IEX,1.74373,11603.87,16185.6,43880.3
2026-03-02,15.0,IEX,2.2405,13143.67,17984.5,39721.95
2026-03-02,16.0,IEX,2.7485,11956.06,17583.85,33432.7
2026-03-02,17.0,IEX,2.92793,10641.37,16467.05,26467.58
2026-03-02,18.0,IEX,3.46734,8690.0,15982.73,17950.0
2026-03-02,19.0,IEX,8.47002,7729.05,18486.75,10914.48
2026-03-02,20.0,IEX,7.61693,8198.2,18727.3,11535.05
2026-03-02,21.0,IEX,4.34507,9152.54,15842.13,14681.0
2026-03-02,22.0,IEX,3.42152,7721.8,13792.68,15379.75
2026-03-02,23.0,IEX,3.1505799999999997,6419.11,13050.2,15775.13
2026-03-02,24.0,IEX,3.01266,6598.46,13179.95,17929.5
2026-03-03,1.0,IEX,3.27445,9873.73,16867.33,22930.23
2026-03-03,2.0,IEX,3.35816,11096.35,18148.9,24561.2
2026-03-03,3.0,IEX,3.3869000000000002,11735.31,18732.6,25438.45
2026-03-03,4.0,IEX,3.4351599999999998,12510.52,19357.83,25823.58
2026-03-03,5.0,IEX,3.6106700000000003,12617.2,19513.08,23468.23
2026-03-03,6.0,IEX,4.039070000000001,11652.35,18221.68,17986.6
2026-03-03,7.0,IEX,5.4851,10148.13,17444.7,15589.43
2026-03-03,8.0,IEX,8.60228,13409.85,22859.85,17336.78
2026-03-03,9.0,IEX,3.39172,12632.05,19264.05,23176.75
2026-03-03,10.0,IEX,2.7810300000000003,12925.6,17445.25,28419.9
2026-03-03,11.0,IEX,2.0904000000000003,12279.31,15254.55,35137.75
2026-03-03,12.0,IEX,1.93848,12770.42,15321.38,40002.18
2026-03-03,13.0,IEX,1.69111,13206.57,14712.68,45815.3
2026-03-03,14.0,IEX,1.50002,12656.17,14165.23,48702.55
2026-03-03,15.0,IEX,1.7488299999999999,13143.96,15647.18,43038.58
2026-03-03,16.0,IEX,2.0795700000000004,12464.83,15336.8,38205.25
2026-03-03,17.0,IEX,2.1575100000000003,10513.93,13519.98,32927.65
2026-03-03,18.0,IEX,2.243,7854.03,11081.23,22692.75
2026-03-03,19.0,IEX,3.88302,7655.25,12892.05,14954.3
2026-03-03,20.0,IEX,3.6832399999999996,7560.28,12893.23,14296.18
2026-03-03,21.0,IEX,3.16644,7157.53,11925.03,15973.85
2026-03-03,22.0,IEX,2.98878,6820.82,11550.53,18354.13
2026-03-03,23.0,IEX,2.73337,5687.4,10811.48,19288.08
2026-03-03,24.0,IEX,2.8001,5862.75,11186.98,21135.53
2026-03-04,1.0,IEX,3.3388400000000003,11086.5,19472.53,23918.73
2026-03-04,2.0,IEX,3.39251,11943.65,20002.85,25152.33
2026-03-04,3.0,IEX,3.3493600000000003,12579.0,20425.68,26203.9
2026-03-04,4.0,IEX,3.35182,13294.75,20625.43,26841.43
2026-03-04,5.0,IEX,3.39275,12402.82,19576.13,24571.95
2026-03-04,6.0,IEX,3.77237,11617.97,18050.1,19546.38
2026-03-04,7.0,IEX,4.34209,11790.84,18241.6,18681.8
2026-03-04,8.0,IEX,7.57261,15724.98,24317.85,20493.6
2026-03-04,9.0,IEX,2.6228000000000002,12576.03,17744.2,27389.43
2026-03-04,10.0,IEX,1.71285,12187.2,14409.05,35553.83
2026-03-04,11.0,IEX,1.24084,11501.6,13608.88,43269.55
2026-03-04,12.0,IEX,1.37848,12338.65,14449.33,48561.6
2026-03-04,13.0,IEX,1.35766,11405.65,12862.13,50535.4
2026-03-04,14.0,IEX,1.2003199999999998,10646.63,12298.38,52455.85
2026-03-04,15.0,IEX,1.5173699999999999,11695.1,14491.63,50067.13
2026-03-04,16.0,IEX,1.89802,12318.36,15974.23,45379.5
2026-03-04,17.0,IEX,1.9607,11125.68,14715.83,39247.88
2026-03-04,18.0,IEX,2.16866,10019.2,12960.25,27020.3
2026-03-04,19.0,IEX,3.02246,8837.4,13719.1,19590.68
2026-03-04,20.0,IEX,3.11447,8853.3,14058.0,18579.65
2026-03-04,21.0,IEX,2.91779,8482.93,13119.85,20133.2
2026-03-04,22.0,IEX,2.88996,7981.93,13063.28,22926.05
2026-03-04,23.0,IEX,2.61816,7043.96,12431.35,23054.1
2026-03-04,24.0,IEX,2.62304,6909.81,12813.6,24040.9
2026-03-05,1.0,IEX,2.84106,8648.78,15302.28,24545.08
2026-03-05,2.0,IEX,2.9427600000000003,9972.38,16560.28,26298.95
2026-03-05,3.0,IEX,3.02994,10499.93,17230.05,27093.2
2026-03-05,4.0,IEX,3.08818,11364.63,18047.53,27587.85
2026-03-05,5.0,IEX,3.20407,10709.22,17703.43,25119.65
2026-03-05,6.0,IEX,3.21606,8898.93,14902.68,19557.1
2026-03-05,7.0,IEX,3.8548899999999997,10278.95,16564.65,17753.2
2026-03-05,8.0,IEX,5.18156,14029.79,21989.85,19915.45
2026-03-05,9.0,IEX,3.06725,12792.88,18999.5,25543.03
2026-03-05,10.0,IEX,2.44835,11692.73,15922.98,29193.2
2026-03-05,11.0,IEX,1.75723,10958.3,13602.0,35233.9
2026-03-05,12.0,IEX,1.59749,11434.65,14040.85,40379.08
2026-03-05,13.0,IEX,1.5746300000000002,11896.85,13644.0,44841.08
2026-03-05,14.0,IEX,1.50739,12112.07,13858.65,46887.08
2026-03-05,15.0,IEX,1.55409,12340.89,15347.4,42128.83
2026-03-05,16.0,IEX,1.99261,12932.06,16854.25,36762.8
2026-03-05,17.0,IEX,2.3667800000000003,11934.5,16923.43,30771.3
2026-03-05,18.0,IEX,3.33752,10935.02,16997.83,21778.13
2026-03-05,19.0,IEX,7.25634,10237.35,18172.73,14202.13
2026-03-05,20.0,IEX,6.37899,9902.35,17479.85,13527.7
2026-03-05,21.0,IEX,4.5868199999999995,9877.23,16275.53,14764.3
2026-03-05,22.0,IEX,4.12766,9601.33,15974.05,15246.83
2026-03-05,23.0,IEX,3.8153099999999998,8637.8,15632.33,16348.95
2026-03-05,24.0,IEX,3.65092,7987.32,15385.73,17202.08
2026-03-06,1.0,IEX,3.41716,9397.3,17869.25,21014.53
2026-03-06,2.0,IEX,3.47862,10930.1,19179.1,22630.83
2026-03-06,3.0,IEX,3.51948,11473.83,19393.78,23637.3
2026-03-06,4.0,IEX,3.5606799999999996,12263.41,20170.75,24083.68
2026-03-06,5.0,IEX,3.78274,12131.1,21190.68,21772.95
2026-03-06,6.0,IEX,4.2283,11447.19,19028.93,17640.33
2026-03-06,7.0,IEX,4.61085,10338.68,18652.78,15447.8
2026-03-06,8.0,IEX,6.105600000000001,12919.7,22936.5,16848.58
2026-03-06,9.0,IEX,3.5749,13040.67,20962.95,22540.65
2026-03-06,10.0,IEX,2.9479699999999998,11720.03,18182.2,26105.33
2026-03-06,11.0,IEX,2.50304,11599.76,17076.7,32298.48
2026-03-06,12.0,IEX,2.22024,12887.42,18888.75,39536.63
2026-03-06,13.0,IEX,2.1045599999999998,13387.68,17639.8,44533.83
2026-03-06,14.0,IEX,1.73791,12439.38,15822.9,47833.25
2026-03-06,15.0,IEX,2.05699,12566.5,17630.6,44251.35
2026-03-06,16.0,IEX,2.39215,12832.78,19062.5,39058.25
2026-03-06,17.0,IEX,2.68757,11315.0,17540.75,30101.03
2026-03-06,18.0,IEX,3.39016,9760.61,16493.38,19144.48
2026-03-06,19.0,IEX,7.61937,9773.85,19157.08,13326.93
2026-03-06,20.0,IEX,7.71424,10609.16,19867.33,14044.88
2026-03-06,21.0,IEX,5.05044,10895.37,18626.4,14481.65
2026-03-06,22.0,IEX,4.1427700000000005,9390.25,16260.73,14834.9
2026-03-06,23.0,IEX,3.49932,7779.8,14784.03,14650.8
2026-03-06,24.0,IEX,3.28214,7188.87,14626.78,16393.08
2026-03-07,1.0,IEX,3.52641,10022.99,18216.45,19559.13
2026-03-07,2.0,IEX,3.5572199999999996,11183.81,19324.73,21621.8
2026-03-07,3.0,IEX,3.53635,11253.52,19539.28,22888.75
2026-03-07,4.0,IEX,3.6715,11726.33,20421.53,23530.5
2026-03-07,5.0,IEX,3.8496599999999996,12857.53,21780.65,21589.33
2026-03-07,6.0,IEX,4.644520000000001,11978.85,20667.05,17815.38
2026-03-07,7.0,IEX,5.042470000000001,11340.53,19637.95,16234.75
2026-03-07,8.0,IEX,6.3005,13406.88,23248.98,17589.05
2026-03-07,9.0,IEX,4.03647,12342.05,20797.88,20000.88
2026-03-07,10.0,IEX,2.89582,11207.95,16972.05,24968.0
2026-03-07,11.0,IEX,2.28448,12211.25,16204.15,32651.8
2026-03-07,12.0,IEX,2.16547,12094.65,16025.58,38857.03
2026-03-07,13.0,IEX,2.06002,12609.03,16183.7,45728.75
2026-03-07,14.0,IEX,1.83339,12275.79,15332.5,49157.8
2026-03-07,15.0,IEX,1.98282,13225.63,17515.5,46450.1
2026-03-07,16.0,IEX,2.3376900000000003,12324.58,18143.85,39126.9
2026-03-07,17.0,IEX,2.88643,11186.75,17568.3,31864.5
2026-03-07,18.0,IEX,2.99213,9826.94,16238.08,23121.28
2026-03-07,19.0,IEX,7.50038,10273.0,19165.1,14722.43
2026-03-07,20.0,IEX,5.852189999999999,10429.25,19128.03,14645.83
2026-03-07,21.0,IEX,4.90576,11082.09,18134.43,15933.93
2026-03-07,22.0,IEX,3.97988,9749.28,16294.25,16040.2
2026-03-07,23.0,IEX,3.36917,8486.98,15027.58,16674.18
2026-03-07,24.0,IEX,3.21986,8269.43,15135.4,17732.78
2026-03-08,1.0,IEX,3.99729,9489.63,20450.45,16269.08
2026-03-08,2.0,IEX,3.89416,10694.04,21412.35,17984.28
2026-03-08,3.0,IEX,3.86851,11408.55,21650.43,19163.55
2026-03-08,4.0,IEX,3.8634299999999997,12031.7,22101.73,19463.58
2026-03-08,5.0,IEX,4.395779999999999,12466.97,23160.5,17942.13
2026-03-08,6.0,IEX,6.783390000000001,11492.48,22144.13,14404.78
2026-03-08,7.0,IEX,5.52536,10608.48,20862.98,13957.15
2026-03-08,8.0,IEX,5.17491,13787.7,23268.28,18340.8
2026-03-08,9.0,IEX,3.12351,12422.3,18786.83,24454.03
2026-03-08,10.0,IEX,2.51926,11682.68,15766.23,29145.1
2026-03-08,11.0,IEX,2.2171,11904.18,15577.73,35734.9
2026-03-08,12.0,IEX,2.0481,12664.39,16662.33,41959.58
2026-03-08,13.0,IEX,1.9417200000000001,12608.7,15495.73,46622.35
2026-03-08,14.0,IEX,1.64303,12194.84,14970.23,49237.98
2026-03-08,15.0,IEX,1.92022,12389.58,16881.88,46090.88
2026-03-08,16.0,IEX,2.328,12080.29,17332.58,39850.45
2026-03-08,17.0,IEX,2.52617,10590.57,15916.88,33321.63
2026-03-08,18.0,IEX,2.85027,9185.08,14440.18,23399.25
2026-03-08,19.0,IEX,4.925,8697.34,17250.6,13518.2
2026-03-08,20.0,IEX,5.02327,8167.65,17207.5,12002.93
2026-03-08,21.0,IEX,4.83014,7802.87,16708.13,11698.13
2026-03-08,22.0,IEX,4.23492,8042.24,15815.83,12524.78
2026-03-08,23.0,IEX,3.82393,7178.87,15259.93,12917.93
2026-03-08,24.0,IEX,3.51546,6703.71,15125.63,14329.58
2026-03-09,1.0,IEX,4.64376,9304.92,21116.08,13589.38
2026-03-09,2.0,IEX,4.50134,10339.9,22191.18,15399.0
2026-03-09,3.0,IEX,4.5022,11044.44,22715.78,16529.13
2026-03-09,4.0,IEX,4.50077,11795.52,23267.25,17109.05
2026-03-09,5.0,IEX,5.37,12367.8,22350.38,15699.98
2026-03-09,6.0,IEX,7.069529999999999,10051.75,19694.43,13609.38
2026-03-09,7.0,IEX,6.075729999999999,10356.05,21280.13,14282.3
2026-03-09,8.0,IEX,7.32562,12243.05,24689.9,16342.63
2026-03-09,9.0,IEX,3.96325,13078.03,21952.3,20756.83
2026-03-09,10.0,IEX,3.0029,11598.68,19041.63,25446.03
2026-03-09,11.0,IEX,2.4555,11782.06,18279.45,32305.65
2026-03-09,12.0,IEX,2.3130100000000002,12242.25,19549.83,38608.5
2026-03-09,13.0,IEX,2.19523,12676.83,19343.53,43816.65
2026-03-09,14.0,IEX,1.93574,11707.86,18356.38,45782.4
2026-03-09,15.0,IEX,2.19626,10887.98,20079.48,40315.7
2026-03-09,16.0,IEX,2.80009,10458.05,20399.0,32992.58
2026-03-09,17.0,IEX,3.12696,10954.87,20325.7,27790.73
2026-03-09,18.0,IEX,4.02994,10326.19,20359.58,17477.05
2026-03-09,19.0,IEX,7.90354,7528.0,21815.43,10359.18
2026-03-09,20.0,IEX,9.050040000000001,6775.13,23246.35,9357.78
2026-03-09,21.0,IEX,6.100569999999999,7253.45,21754.03,10208.2
2026-03-09,22.0,IEX,6.00058,7946.37,20266.58,10549.63
2026-03-09,23.0,IEX,5.1604399999999995,7211.53,19748.68,10415.73
2026-03-09,24.0,IEX,4.40616,6177.23,18925.13,10818.7
2026-03-10,1.0,IEX,4.406560000000001,9090.71,18543.8,14310.45
2026-03-10,2.0,IEX,4.56349,10596.26,20176.7,15385.33
2026-03-10,3.0,IEX,4.56881,11330.1,20805.55,16295.3
2026-03-10,4.0,IEX,4.57885,11990.2,21232.08,16902.9
2026-03-10,5.0,IEX,4.82514,10993.93,19932.38,15407.1
2026-03-10,6.0,IEX,5.66201,8731.5,17769.3,13094.13
2026-03-10,7.0,IEX,6.08799,9830.08,20334.45,13753.7
2026-03-10,8.0,IEX,7.15355,12892.49,23497.08,16440.3
2026-03-10,9.0,IEX,3.6723600000000003,12325.15,20415.03,20923.35
2026-03-10,10.0,IEX,3.11577,11517.32,19209.6,24472.78
2026-03-10,11.0,IEX,2.5528000000000004,11693.82,18150.45,32265.45
2026-03-10,12.0,IEX,2.36221,12537.78,18611.23,38288.43
2026-03-10,13.0,IEX,2.15044,12670.99,18026.8,43857.4
2026-03-10,14.0,IEX,2.0661199999999997,12185.36,17652.93,45091.45
2026-03-10,15.0,IEX,2.22148,11078.79,18270.03,40117.5
2026-03-10,16.0,IEX,2.5178499999999997,10508.21,19638.2,33876.63
2026-03-10,17.0,IEX,2.9205,10047.15,18667.38,28588.98
2026-03-10,18.0,IEX,3.55175,8710.82,17328.98,17866.58
2026-03-10,19.0,IEX,8.10041,6788.7,19041.78,9558.38
2026-03-10,20.0,IEX,8.825040000000001,6455.97,19065.7,8966.88
2026-03-10,21.0,IEX,6.00038,7629.55,18655.25,10279.45
2026-03-10,22.0,IEX,4.915109999999999,7426.23,16477.88,10277.9
2026-03-10,23.0,IEX,4.94024,7064.78,16980.63,10249.03
2026-03-10,24.0,IEX,4.52515,6727.6,16442.18,11280.0
2026-03-11,1.0,IEX,4.84156,8850.95,18765.65,12437.5
2026-03-11,2.0,IEX,4.89433,10268.45,20111.08,13695.28
2026-03-11,3.0,IEX,4.78486,10897.58,20246.58,14345.9
2026-03-11,4.0,IEX,4.63633,11013.43,20372.0,15001.55
2026-03-11,5.0,IEX,4.635680000000001,9707.9,18821.13,13671.8
2026-03-11,6.0,IEX,5.24758,7809.7,16679.55,10971.15
2026-03-11,7.0,IEX,5.63454,8793.38,18407.05,11620.53
2026-03-11,8.0,IEX,6.2566999999999995,11365.21,21442.35,15404.35
2026-03-11,9.0,IEX,3.76685,11690.92,19569.88,19465.0
2026-03-11,10.0,IEX,3.24601,10918.35,19620.88,23756.55
2026-03-11,11.0,IEX,2.71807,9995.02,18891.33,28883.45
2026-03-11,12.0,IEX,2.5878,10872.81,18884.45,35528.28
2026-03-11,13.0,IEX,2.36036,11689.92,18295.95,40921.5
2026-03-11,14.0,IEX,2.16882,10902.03,16999.8,41541.75
2026-03-11,15.0,IEX,2.66346,8971.74,18594.53,35657.13
2026-03-11,16.0,IEX,2.91695,10192.14,20966.45,31212.93
2026-03-11,17.0,IEX,3.2814099999999997,11690.55,21072.08,25325.93
2026-03-11,18.0,IEX,3.84851,9895.92,18713.58,17396.65
2026-03-11,19.0,IEX,8.06208,7134.0,19549.6,9816.6
2026-03-11,20.0,IEX,9.1502,5931.9,18797.35,8255.58
2026-03-11,21.0,IEX,5.8271999999999995,7105.49,16662.55,9537.48
2026-03-11,22.0,IEX,5.80223,7275.03,17057.28,9612.25
2026-03-11,23.0,IEX,6.00027,6896.38,16439.53,9197.9
2026-03-11,24.0,IEX,4.97866,7068.8,16435.28,9912.1
2026-03-12,1.0,IEX,6.05983,8188.1,20266.65,10383.83
2026-03-12,2.0,IEX,6.3861300000000005,8991.18,21677.65,11144.48
2026-03-12,3.0,IEX,6.40606,9737.6,22368.35,11834.33
2026-03-12,4.0,IEX,5.56988,9952.53,21879.28,12519.03
2026-03-12,5.0,IEX,7.754359999999999,9726.05,20383.38,11726.88
2026-03-12,6.0,IEX,7.08442,8188.4,18518.48,10403.55
2026-03-12,7.0,IEX,6.50678,7893.43,20077.23,10016.0
2026-03-12,8.0,IEX,6.500640000000001,10412.1,22934.28,13786.5
2026-03-12,9.0,IEX,3.93464,11930.87,20915.18,18865.75
2026-03-12,10.0,IEX,3.30532,10417.43,19016.38,21393.43
2026-03-12,11.0,IEX,2.9714699999999996,9925.91,18945.35,26357.05
2026-03-12,12.0,IEX,2.4466300000000003,10340.94,19909.48,33136.58
2026-03-12,13.0,IEX,2.25583,10853.01,19018.13,37149.93
2026-03-12,14.0,IEX,2.1214299999999997,11262.85,19075.5,38929.78
2026-03-12,15.0,IEX,2.55336,10046.46,20767.75,33304.25
2026-03-12,16.0,IEX,3.13415,10515.16,20991.45,27977.03
2026-03-12,17.0,IEX,3.35094,10645.53,21277.0,22655.48
2026-03-12,18.0,IEX,4.17871,8924.5,20540.4,14509.6
2026-03-12,19.0,IEX,8.86251,6347.8,23615.05,8458.28
2026-03-12,20.0,IEX,10.0,5911.77,25136.75,7644.38
2026-03-12,21.0,IEX,10.0,8094.65,23309.08,9827.25
2026-03-12,22.0,IEX,9.33446,7479.9,22739.73,9280.25
2026-03-12,23.0,IEX,7.73204,7108.1,21185.9,9050.85
2026-03-12,24.0,IEX,6.06304,7020.24,19799.53,9542.93
2026-03-13,1.0,IEX,10.0,6014.28,21814.48,6014.28
2026-03-13,2.0,IEX,10.0,6696.55,21577.85,6696.55
2026-03-13,3.0,IEX,10.0,6911.4,22572.2,6911.4
2026-03-13,4.0,IEX,10.0,8293.7,22477.68,8293.7
2026-03-13,5.0,IEX,10.0,7948.9,22866.73,7948.9
2026-03-13,6.0,IEX,10.0,6536.1,21268.43,6536.1
2026-03-13,7.0,IEX,10.0,6099.3,23384.58,6099.3
2026-03-13,8.0,IEX,9.95499,8261.52,25926.38,8264.88
2026-03-13,9.0,IEX,4.40544,11231.48,24018.13,14406.4
2026-03-13,10.0,IEX,3.6507199999999997,10426.33,21381.83,16852.38
2026-03-13,11.0,IEX,3.15148,10190.58,20438.95,23523.85
2026-03-13,12.0,IEX,2.66316,9925.78,21487.05,30388.85
2026-03-13,13.0,IEX,2.42516,10717.29,19617.13,34317.63
2026-03-13,14.0,IEX,2.1025,11283.73,19296.98,37856.2
2026-03-13,15.0,IEX,2.64101,10045.59,20995.75,32172.33
2026-03-13,16.0,IEX,3.25769,10801.88,23671.18,25761.73
2026-03-13,17.0,IEX,3.6872,10109.35,23230.98,17002.13
2026-03-13,18.0,IEX,5.91943,8018.27,23950.95,9166.65
2026-03-13,19.0,IEX,10.0,3234.17,25250.5,3234.18
2026-03-13,20.0,IEX,10.0,3012.73,33320.2,3012.73
2026-03-13,21.0,IEX,10.0,3885.57,30072.45,3885.58
2026-03-13,22.0,IEX,10.0,3741.9,26334.53,3741.9
2026-03-13,23.0,IEX,10.0,3775.55,23046.25,3775.55
2026-03-13,24.0,IEX,10.0,4121.02,21649.18,4121.03
2026-03-14,1.0,IEX,10.0,4928.45,20912.45,4928.45
2026-03-14,2.0,IEX,10.0,5514.42,20774.13,5514.43
2026-03-14,3.0,IEX,10.0,5731.52,20955.2,5731.53
2026-03-14,4.0,IEX,10.0,6692.35,21590.68,6692.35
2026-03-14,5.0,IEX,10.0,6310.32,21271.73,6310.33
2026-03-14,6.0,IEX,10.0,5753.67,20705.1,5753.68
2026-03-14,7.0,IEX,10.0,6642.49,22703.88,6655.1
2026-03-14,8.0,IEX,9.09375,8541.35,24121.05,8676.78
2026-03-14,9.0,IEX,4.05006,11497.37,23639.88,15001.68
2026-03-14,10.0,IEX,3.69007,10334.85,21226.8,17934.53
2026-03-14,11.0,IEX,3.15734,9020.63,19861.85,25166.78
2026-03-14,12.0,IEX,2.925,9066.16,20236.48,31772.93
2026-03-14,13.0,IEX,2.41383,9205.67,18664.03,36193.0
2026-03-14,14.0,IEX,2.10295,9384.17,18057.2,37917.9
2026-03-14,15.0,IEX,2.5742800000000003,9200.59,20535.83,32743.95
2026-03-14,16.0,IEX,3.10286,9636.0,21846.13,26874.0
2026-03-14,17.0,IEX,3.64518,9479.55,22797.25,17382.6
2026-03-14,18.0,IEX,6.86833,6674.22,21977.55,7364.8
2026-03-14,19.0,IEX,10.0,2270.37,28191.05,2270.38
2026-03-14,20.0,IEX,10.0,2184.4,33881.98,2184.4
2026-03-14,21.0,IEX,10.0,2752.92,30489.68,2752.93
2026-03-14,22.0,IEX,10.0,3021.7,27492.13,3021.7
2026-03-14,23.0,IEX,10.0,2489.17,24439.2,2489.18
2026-03-14,24.0,IEX,10.0,2611.27,22391.73,2611.28
2026-03-15,1.0,IEX,10.0,7010.18,16942.23,7010.18
2026-03-15,2.0,IEX,9.82522,7443.97,16903.4,7466.23
2026-03-15,3.0,IEX,9.65039,7904.35,17380.8,7948.85
2026-03-15,4.0,IEX,9.627790000000001,8685.07,18623.25,8756.48
2026-03-15,5.0,IEX,9.97742,8573.95,18477.8,8597.78
2026-03-15,6.0,IEX,10.0,7158.88,17647.98,7189.13
2026-03-15,7.0,IEX,9.37737,8107.97,17921.18,8340.88
2026-03-15,8.0,IEX,6.40397,10315.03,19405.55,11420.65
2026-03-15,9.0,IEX,3.6088299999999998,11594.2,18767.6,17697.7
2026-03-15,10.0,IEX,3.19699,10175.91,16144.85,21279.28
2026-03-15,11.0,IEX,2.64933,9171.44,15086.45,28274.9
2026-03-15,12.0,IEX,2.14684,9453.23,14637.35,34120.1
2026-03-15,13.0,IEX,2.01361,10014.55,13191.38,38951.43
2026-03-15,14.0,IEX,1.8504200000000002,10319.04,12931.88,41968.15
2026-03-15,15.0,IEX,2.02402,9576.68,14362.33,38148.4
2026-03-15,16.0,IEX,2.62929,10095.97,16922.9,31195.43
2026-03-15,17.0,IEX,3.20762,10029.27,17626.08,21562.18
2026-03-15,18.0,IEX,3.8930599999999997,7675.25,15019.83,12534.08
2026-03-15,19.0,IEX,8.2626,5306.65,14865.48,5723.28
2026-03-15,20.0,IEX,10.0,4919.27,17910.83,4944.88
2026-03-15,21.0,IEX,10.0,5298.7,17564.68,5298.7
2026-03-15,22.0,IEX,10.0,5076.45,16803.6,5076.45
2026-03-15,23.0,IEX,10.0,4888.39,15552.08,4888.4
2026-03-15,24.0,IEX,7.90065,5081.62,14780.18,5153.35
2026-03-16,1.0,IEX,4.02302,4707.87,10141.58,8342.5
2026-03-16,2.0,IEX,3.95537,5076.01,10302.65,9504.4
2026-03-16,3.0,IEX,4.15854,5851.38,11224.93,10967.75
2026-03-16,4.0,IEX,4.16239,6554.28,11959.35,11864.68
2026-03-16,5.0,IEX,4.31217,6908.95,12079.45,11299.9
2026-03-16,6.0,IEX,5.72788,6417.9,11522.43,7734.2
2026-03-16,7.0,IEX,7.843100000000001,6691.55,13180.3,7259.43
2026-03-16,8.0,IEX,4.795319999999999,8483.54,14279.98,10323.65
2026-03-16,9.0,IEX,3.49864,11127.73,14903.18,16744.2
2026-03-16,10.0,IEX,3.1681500000000002,9922.28,14259.7,20183.35
2026-03-16,11.0,IEX,2.67073,8759.99,12124.1,26534.78
2026-03-16,12.0,IEX,2.43564,9678.25,11433.45,32617.78
2026-03-16,13.0,IEX,2.00999,10364.31,11319.33,38029.65
2026-03-16,14.0,IEX,1.7253399999999999,9270.39,10099.5,39911.13
2026-03-16,15.0,IEX,1.96141,9298.5,10730.2,36651.65
2026-03-16,16.0,IEX,2.8005,9298.82,12873.38,29873.73
2026-03-16,17.0,IEX,3.32864,10183.78,14599.75,20215.9
2026-03-16,18.0,IEX,4.35137,7918.83,14877.7,10448.08
2026-03-16,19.0,IEX,8.87524,4797.01,16554.03,4927.03
2026-03-16,20.0,IEX,10.0,4298.62,21557.88,4315.23
2026-03-16,21.0,IEX,10.0,5508.5,19151.58,5508.5
2026-03-16,22.0,IEX,10.0,5125.72,15938.95,5125.73
2026-03-16,23.0,IEX,10.0,4633.62,13541.63,4633.63
2026-03-16,24.0,IEX,10.0,4816.22,12609.35,4816.23
2026-03-17,1.0,IEX,3.9749499999999998,5164.22,9713.33,8465.53
2026-03-17,2.0,IEX,3.88913,5384.61,9616.78,9544.5
2026-03-17,3.0,IEX,4.078679999999999,5731.95,10245.55,11190.58
2026-03-17,4.0,IEX,4.1288,6426.1,11053.8,11692.0
2026-03-17,5.0,IEX,4.522,6948.13,11397.45,10613.03
2026-03-17,6.0,IEX,5.07449,6057.53,10443.08,7919.58
2026-03-17,7.0,IEX,5.88499,7544.15,13072.73,8507.33
2026-03-17,8.0,IEX,4.7634300000000005,9854.61,14805.53,12239.05
2026-03-17,9.0,IEX,3.05733,11631.1,14674.5,19447.73
2026-03-17,10.0,IEX,2.7985300000000004,10826.93,12636.23,23650.28
2026-03-17,11.0,IEX,1.96,7848.33,9886.88,29830.28
2026-03-17,12.0,IEX,1.54671,7436.98,9183.0,35239.25
2026-03-17,13.0,IEX,1.54617,7384.23,8268.28,38663.0
2026-03-17,14.0,IEX,1.54621,7416.13,8200.5,40117.28
2026-03-17,15.0,IEX,1.6423599999999998,7821.28,9251.98,35737.0
2026-03-17,16.0,IEX,2.5181999999999998,9026.93,10816.73,29918.93
2026-03-17,17.0,IEX,3.1069299999999997,10339.69,13412.1,22029.48
2026-03-17,18.0,IEX,3.95873,8574.65,14084.43,13095.43
2026-03-17,19.0,IEX,7.5085500000000005,5225.47,14975.35,6180.55
2026-03-17,20.0,IEX,10.0,4171.2,17272.7,4237.8
2026-03-17,21.0,IEX,9.24997,5641.87,13248.43,5741.18
2026-03-17,22.0,IEX,7.79914,5530.22,11525.48,5764.83
2026-03-17,23.0,IEX,6.9961199999999995,4949.56,10557.45,5278.13
2026-03-17,24.0,IEX,4.999899999999999,5045.83,10358.05,5824.3
2026-03-18,1.0,IEX,3.7793400000000004,6132.28,13688.95,9759.28
2026-03-18,2.0,IEX,3.6423200000000002,6363.4,13814.4,11653.3
2026-03-18,3.0,IEX,3.7167399999999997,6782.4,14248.03,13267.3
2026-03-18,4.0,IEX,3.8311599999999997,7297.33,14917.15,13876.48
2026-03-18,5.0,IEX,3.84953,7459.85,14900.48,12505.48
2026-03-18,6.0,IEX,4.051,6227.33,13907.3,9150.75
2026-03-18,7.0,IEX,4.78443,7811.9,15429.63,9492.5
2026-03-18,8.0,IEX,4.51558,9062.2,17503.75,11801.43
2026-03-18,9.0,IEX,3.60023,10775.63,17296.63,16788.78
2026-03-18,10.0,IEX,3.07449,9518.85,14856.9,21613.6
2026-03-18,11.0,IEX,2.7127800000000004,8086.41,12910.9,29520.93
2026-03-18,12.0,IEX,2.0900100000000004,8925.21,13010.03,35914.05
2026-03-18,13.0,IEX,1.9526700000000001,9234.83,12380.33,40984.2
2026-03-18,14.0,IEX,1.9333099999999999,8992.61,11794.68,42623.13
2026-03-18,15.0,IEX,2.0756300000000003,8716.75,12782.2,38147.78
2026-03-18,16.0,IEX,2.92565,9424.63,15138.83,30711.3
2026-03-18,17.0,IEX,3.37243,10361.6,17433.18,21694.45
2026-03-18,18.0,IEX,4.113449999999999,9072.35,16939.4,13529.4
2026-03-18,19.0,IEX,7.504029999999999,6819.39,17331.6,7841.85
2026-03-18,20.0,IEX,10.0,6595.38,18493.88,6611.98
2026-03-18,21.0,IEX,7.61332,7470.86,16726.75,7910.25
2026-03-18,22.0,IEX,5.42579,6694.75,15657.68,7345.73
2026-03-18,23.0,IEX,4.48435,5839.09,13285.35,6959.65
2026-03-18,24.0,IEX,3.8894,5859.41,12494.58,7668.48
2026-03-19,1.0,IEX,3.99041,6332.63,13918.28,9385.63
2026-03-19,2.0,IEX,3.7350700000000003,6120.6,13662.35,10329.53
2026-03-19,3.0,IEX,3.8486599999999997,6196.23,13755.75,11568.68
2026-03-19,4.0,IEX,3.8685,6684.08,14207.05,12596.15
2026-03-19,5.0,IEX,3.86341,6598.88,13941.23,11699.0
2026-03-19,6.0,IEX,3.68412,6041.03,12882.35,10158.0
2026-03-19,7.0,IEX,4.50264,7500.24,15359.0,10168.35
2026-03-19,8.0,IEX,4.35362,8772.14,17361.38,12025.63
2026-03-19,9.0,IEX,3.38558,10119.4,16637.5,15939.85
2026-03-19,10.0,IEX,3.03819,9259.08,13517.13,20900.13
2026-03-19,11.0,IEX,2.5335900000000002,8107.96,11483.08,28903.08
2026-03-19,12.0,IEX,2.12605,8948.48,12105.33,35075.33
2026-03-19,13.0,IEX,1.96257,9045.25,11416.28,39127.78
2026-03-19,14.0,IEX,1.79543,8762.73,10581.13,40324.0
2026-03-19,15.0,IEX,2.00914,8543.78,11809.23,35541.98
2026-03-19,16.0,IEX,2.83394,9368.95,14531.65,28215.55
2026-03-19,17.0,IEX,3.3486599999999997,10158.65,17142.85,20617.58
2026-03-19,18.0,IEX,3.86597,8842.2,16107.53,13796.18
2026-03-19,19.0,IEX,6.55306,8238.68,16805.23,9715.55
2026-03-19,20.0,IEX,8.95497,6877.68,16944.68,7179.9
2026-03-19,21.0,IEX,5.510350000000001,6779.13,14485.9,8244.13
2026-03-19,22.0,IEX,5.97138,6590.31,14609.08,7113.7
2026-03-19,23.0,IEX,8.87525,6004.32,14346.08,6125.0
2026-03-19,24.0,IEX,4.6558,6450.08,13415.9,8008.43
2026-03-20,1.0,IEX,3.7262600000000003,5790.41,14012.7,12860.58
2026-03-20,2.0,IEX,3.92075,6525.2,14823.95,14395.45
2026-03-20,3.0,IEX,3.94733,7163.3,15430.83,15588.2
2026-03-20,4.0,IEX,3.9037800000000002,7945.35,16185.28,16584.0
2026-03-20,5.0,IEX,3.9280399999999998,7450.1,15466.08,15554.85
2026-03-20,6.0,IEX,3.9868,5890.0,14096.78,12807.85
2026-03-20,7.0,IEX,4.265359999999999,7457.33,15845.18,13016.0
2026-03-20,8.0,IEX,3.84763,8206.42,16894.08,15584.1
2026-03-20,9.0,IEX,2.94904,11194.6,17607.85,21432.4
2026-03-20,10.0,IEX,2.446,10104.06,15244.63,26541.33
2026-03-20,11.0,IEX,2.01997,10301.31,13183.1,35348.45
2026-03-20,12.0,IEX,1.85694,11326.25,13731.15,40817.75
2026-03-20,13.0,IEX,1.65082,11709.38,12838.93,43052.45
2026-03-20,14.0,IEX,1.5468499999999998,11642.65,12270.85,44505.5
2026-03-20,15.0,IEX,1.71015,11442.8,13466.05,40795.93
2026-03-20,16.0,IEX,2.31984,11246.01,15728.3,33441.05
2026-03-20,17.0,IEX,3.0194,12030.88,18268.38,26346.13
2026-03-20,18.0,IEX,3.37496,9487.61,17607.4,18887.2
2026-03-20,19.0,IEX,5.32734,7869.01,17313.68,12426.95
2026-03-20,20.0,IEX,6.8274099999999995,6397.73,16839.7,9731.25
2026-03-20,21.0,IEX,4.66758,6412.13,14187.75,11040.1
2026-03-20,22.0,IEX,4.55603,5726.17,13713.98,10840.9
2026-03-20,23.0,IEX,4.12292,4633.59,12770.8,10910.55
2026-03-20,24.0,IEX,3.8776599999999997,5031.62,12418.8,12613.0
2026-03-21,1.0,IEX,3.4722399999999998,6063.41,13190.13,16129.88
2026-03-21,2.0,IEX,3.42328,6462.18,13609.43,17573.28
2026-03-21,3.0,IEX,3.48466,6919.68,14087.23,19354.9
2026-03-21,4.0,IEX,3.46522,7400.89,14524.95,20362.98
2026-03-21,5.0,IEX,3.49864,7110.11,13892.93,19030.8
2026-03-21,6.0,IEX,3.50959,6093.89,12847.38,14661.48
2026-03-21,7.0,IEX,4.172479999999999,6690.38,14353.23,12389.85
2026-03-21,8.0,IEX,4.17901,7624.2,16031.6,13834.53
2026-03-21,9.0,IEX,3.23061,8665.53,14879.28,20363.5
2026-03-21,10.0,IEX,2.0275,8040.85,11816.6,29924.25
2026-03-21,11.0,IEX,1.56857,8246.41,10311.1,39982.88
2026-03-21,12.0,IEX,1.3373199999999998,7864.67,9497.18,44693.53
2026-03-21,13.0,IEX,1.11456,7964.88,8405.6,48307.2
2026-03-21,14.0,IEX,1.237,8001.41,8641.8,50123.93
2026-03-21,15.0,IEX,1.5958800000000002,7977.59,9950.88,43822.38
2026-03-21,16.0,IEX,2.0444400000000003,8140.15,11180.25,35277.38
2026-03-21,17.0,IEX,2.90447,8611.7,14593.05,26736.45
2026-03-21,18.0,IEX,3.3863499999999997,7898.75,14567.13,19065.63
2026-03-21,19.0,IEX,4.593229999999999,7955.77,15841.0,14020.58
2026-03-21,20.0,IEX,4.98927,8026.62,15824.03,13307.98
2026-03-21,21.0,IEX,4.24236,7926.7,13881.03,14975.58
2026-03-21,22.0,IEX,4.18196,7334.63,13683.25,14685.63
2026-03-21,23.0,IEX,3.84425,6025.64,12945.1,13843.73
2026-03-21,24.0,IEX,3.44448,5931.37,12398.6,14612.38
2026-03-22,1.0,IEX,3.51344,8910.95,15920.93,20529.43
2026-03-22,2.0,IEX,3.38253,9547.5,16465.0,23273.98
2026-03-22,3.0,IEX,3.4645,10052.45,16973.75,24458.38
2026-03-22,4.0,IEX,3.4495500000000003,10442.18,17224.4,25069.53
2026-03-22,5.0,IEX,3.4821,10087.1,16613.78,23749.58
2026-03-22,6.0,IEX,3.52256,8874.72,15031.95,20295.63
2026-03-22,7.0,IEX,3.78858,9485.61,15400.43,18801.15
2026-03-22,8.0,IEX,3.5654899999999996,10420.15,16603.2,20696.45
2026-03-22,9.0,IEX,2.4704200000000003,9877.4,14764.75,28899.0
2026-03-22,10.0,IEX,1.76539,8085.6,11170.78,39465.78
2026-03-22,11.0,IEX,1.5093299999999998,7878.04,9469.85,49598.55
2026-03-22,12.0,IEX,1.42849,8412.8,10107.05,55227.35
2026-03-22,13.0,IEX,1.04098,8527.57,9133.4,56431.85
2026-03-22,14.0,IEX,0.9920599999999999,8529.62,8981.25,57497.38
2026-03-22,15.0,IEX,1.4371500000000001,8581.18,10255.95,53652.68
2026-03-22,16.0,IEX,1.71755,8587.06,11150.0,44418.93
2026-03-22,17.0,IEX,2.22683,7849.9,12071.23,33711.05
2026-03-22,18.0,IEX,2.4852800000000004,7301.48,12317.8,23514.33
2026-03-22,19.0,IEX,3.70181,8137.4,14154.95,16596.1
2026-03-22,20.0,IEX,3.93256,9047.93,15074.68,15990.23
2026-03-22,21.0,IEX,3.3493000000000004,8671.5,13487.3,17667.98
2026-03-22,22.0,IEX,3.4923699999999998,7848.85,13343.23,16936.6
2026-03-22,23.0,IEX,3.10258,7488.98,12603.03,16459.43
2026-03-22,24.0,IEX,2.9598299999999997,7226.3,12173.43,17515.38
2026-03-23,1.0,IEX,2.7948000000000004,7187.02,13535.88,21099.83
2026-03-23,2.0,IEX,2.76365,7265.15,13657.93,23271.9
2026-03-23,3.0,IEX,2.79854,7817.35,14203.25,24786.35
2026-03-23,4.0,IEX,2.7948000000000004,7940.5,14325.55,25196.93
2026-03-23,5.0,IEX,2.93373,7932.9,14125.68,23603.85
2026-03-23,6.0,IEX,3.15383,7663.7,13683.78,19683.58
2026-03-23,7.0,IEX,3.72161,8444.35,15753.83,16861.13
2026-03-23,8.0,IEX,3.7284800000000002,9489.35,17399.85,18277.9
2026-03-23,9.0,IEX,2.77415,9633.88,14637.73,26604.88
2026-03-23,10.0,IEX,2.01743,8793.78,12690.83,34365.63
2026-03-23,11.0,IEX,1.6138599999999999,9029.81,10457.6,41512.18
2026-03-23,12.0,IEX,1.3213499999999998,8729.47,9905.28,46685.33
2026-03-23,13.0,IEX,0.98676,8636.03,9058.48,50979.0
2026-03-23,14.0,IEX,0.99707,8848.5,9337.65,53391.93
2026-03-23,15.0,IEX,1.52348,9442.45,10975.45,48858.38
2026-03-23,16.0,IEX,1.9680499999999999,9023.34,12718.0,40248.43
2026-03-23,17.0,IEX,2.65723,8974.3,13984.33,29809.3
2026-03-23,18.0,IEX,3.06373,7861.05,14617.13,18995.4
2026-03-23,19.0,IEX,4.584689999999999,7866.1,16093.53,13027.1
2026-03-23,20.0,IEX,5.01019,8190.47,16666.8,12402.85
2026-03-23,21.0,IEX,3.88736,7957.0,14193.25,14000.88
2026-03-23,22.0,IEX,3.79361,7172.88,13944.2,14086.33
2026-03-23,23.0,IEX,3.30454,6024.26,12462.75,14081.43
2026-03-23,24.0,IEX,3.00801,5755.05,11346.65,14883.0
2026-03-24,1.0,IEX,2.97203,6874.89,13549.28,16868.33
2026-03-24,2.0,IEX,2.96777,7557.3,14203.0,18709.93
2026-03-24,3.0,IEX,3.0695300000000003,8012.57,14789.9,20313.43
2026-03-24,4.0,IEX,3.2509699999999997,8516.01,15608.05,21339.98
2026-03-24,5.0,IEX,3.52215,8680.24,15856.9,20042.4
2026-03-24,6.0,IEX,3.7129299999999996,8296.15,15650.48,15952.58
2026-03-24,7.0,IEX,4.08796,8395.25,16943.2,13781.38
2026-03-24,8.0,IEX,4.07506,9236.38,18408.45,15407.2
2026-03-24,9.0,IEX,3.0888400000000003,10031.73,16426.28,24352.88
2026-03-24,10.0,IEX,2.1747199999999998,10069.52,13713.63,34652.6
2026-03-24,11.0,IEX,1.56635,9839.75,11650.75,44605.3
2026-03-24,12.0,IEX,1.25311,10001.37,11342.0,49986.15
2026-03-24,13.0,IEX,1.02799,10236.47,10730.9,53317.48
2026-03-24,14.0,IEX,0.9880399999999999,10127.14,10510.23,56096.88
2026-03-24,15.0,IEX,1.56029,10260.35,11702.15,51369.6
2026-03-24,16.0,IEX,2.01514,10875.25,14433.18,42441.93
2026-03-24,17.0,IEX,2.71531,10531.1,16106.58,30834.93
2026-03-24,18.0,IEX,3.3072,9317.51,16054.33,19266.23
2026-03-24,19.0,IEX,4.9096400000000004,9281.08,17437.28,13344.65
2026-03-24,20.0,IEX,5.3156099999999995,9159.0,17957.53,12465.63
2026-03-24,21.0,IEX,4.05755,9300.75,15723.05,14508.88
2026-03-24,22.0,IEX,3.88489,8556.38,15523.93,14249.33
2026-03-24,23.0,IEX,3.30444,6880.48,13575.75,14187.8
2026-03-24,24.0,IEX,3.1628499999999997,6701.55,12858.35,14538.4
2026-03-25,1.0,IEX,3.75739,7610.27,16249.53,13802.63
2026-03-25,2.0,IEX,3.7705300000000004,8431.4,16915.0,15698.68
2026-03-25,3.0,IEX,3.82518,9212.84,17611.05,17073.45
2026-03-25,4.0,IEX,3.67341,8847.35,17604.23,18084.5
2026-03-25,5.0,IEX,3.66539,8679.1,17288.58,17285.13
2026-03-25,6.0,IEX,3.6999400000000002,8146.85,16580.9,14331.55
2026-03-25,7.0,IEX,4.53751,8840.7,18176.25,12451.08
2026-03-25,8.0,IEX,4.2761499999999995,9794.97,19292.4,13996.23
2026-03-25,9.0,IEX,3.01823,9877.68,16451.45,22408.63
2026-03-25,10.0,IEX,2.21261,9855.52,14136.43,32654.38
2026-03-25,11.0,IEX,1.73254,11346.51,13579.58,43220.63
2026-03-25,12.0,IEX,1.54967,12366.25,14010.18,49072.0
2026-03-25,13.0,IEX,1.54772,12149.78,13097.58,51902.3
2026-03-25,14.0,IEX,1.54612,11269.13,12396.53,53781.43
2026-03-25,15.0,IEX,1.75919,11215.52,13726.73,49364.55
2026-03-25,16.0,IEX,2.13197,10724.73,15338.23,40639.0
2026-03-25,17.0,IEX,2.89777,11088.5,17216.65,28974.0
2026-03-25,18.0,IEX,3.28414,9183.52,16425.05,18049.28
2026-03-25,19.0,IEX,6.29116,9084.9,18747.43,12362.95
2026-03-25,20.0,IEX,7.47499,8535.22,19150.95,11155.3
2026-03-25,21.0,IEX,4.91815,9819.3,17655.95,13341.28
2026-03-25,22.0,IEX,4.562600000000001,8720.78,17739.45,12543.65
2026-03-25,23.0,IEX,3.84977,7235.32,15949.9,12078.45
2026-03-25,24.0,IEX,3.60054,6575.17,15220.35,11794.33
2026-03-26,1.0,IEX,4.34913,6377.97,18058.05,12127.38
2026-03-26,2.0,IEX,4.16183,7069.31,17736.5,14212.4
2026-03-26,3.0,IEX,3.9955,8015.15,17892.1,15795.35
2026-03-26,4.0,IEX,3.86288,8183.25,18017.78,16844.45
2026-03-26,5.0,IEX,3.88823,8035.55,17641.9,16331.3
2026-03-26,6.0,IEX,4.57479,7349.5,17407.25,11421.13
2026-03-26,7.0,IEX,5.07357,7542.58,18280.68,10099.53
2026-03-26,8.0,IEX,4.74805,8717.82,19002.3,11882.38
2026-03-26,9.0,IEX,3.2607199999999996,9520.26,16718.68,19409.53
2026-03-26,10.0,IEX,2.4916300000000002,9063.74,14701.08,31035.85
2026-03-26,11.0,IEX,1.73275,11465.54,13738.6,42852.58
2026-03-26,12.0,IEX,1.5438,12562.7,14249.73,46816.68
2026-03-26,13.0,IEX,1.54353,12586.15,13511.95,49455.3
2026-03-26,14.0,IEX,1.54319,11885.23,12675.28,51611.4
2026-03-26,15.0,IEX,1.55276,12578.67,14007.8,45672.93
2026-03-26,16.0,IEX,2.04717,12020.09,16182.58,37705.95
2026-03-26,17.0,IEX,2.94115,10346.23,17076.95,27760.28
2026-03-26,18.0,IEX,3.6431999999999998,8498.46,16192.1,15542.4
2026-03-26,19.0,IEX,7.57024,8282.24,18362.5,10623.08
2026-03-26,20.0,IEX,10.0,7508.52,20651.4,9300.13
2026-03-26,21.0,IEX,6.93655,8982.0,18325.25,10977.23
2026-03-26,22.0,IEX,5.64756,8044.05,17246.48,10274.63
2026-03-26,23.0,IEX,5.1273,6857.16,16739.4,9409.43
2026-03-26,24.0,IEX,4.32496,5977.57,15927.3,10101.4
2026-03-27,1.0,IEX,4.54132,8625.05,17733.9,12831.93
2026-03-27,2.0,IEX,4.19122,9263.3,17906.9,15108.45
2026-03-27,3.0,IEX,4.03642,9835.45,18315.13,16335.38
2026-03-27,4.0,IEX,3.98009,10226.93,18571.28,17045.93
2026-03-27,5.0,IEX,3.90377,9599.48,17920.98,16383.35
2026-03-27,6.0,IEX,4.4821599999999995,8370.05,16632.1,12578.75
2026-03-27,7.0,IEX,5.17813,9818.15,18948.6,12297.13
2026-03-27,8.0,IEX,4.338310000000001,9846.45,18964.95,14192.38
2026-03-27,9.0,IEX,2.88527,10699.18,17643.28,22380.5
2026-03-27,10.0,IEX,2.4171,10615.54,15886.43,32833.6
2026-03-27,11.0,IEX,2.04909,12013.23,16103.55,43607.23
2026-03-27,12.0,IEX,1.9526199999999998,13334.38,16717.33,49001.18
2026-03-27,13.0,IEX,1.88493,14087.01,16279.68,53055.83
2026-03-27,14.0,IEX,1.54373,14571.63,15998.8,55602.98
2026-03-27,15.0,IEX,1.73822,13729.7,16291.3,47400.95
2026-03-27,16.0,IEX,2.09125,12074.36,16569.45,38898.45
2026-03-27,17.0,IEX,2.92442,12083.45,18083.43,30487.25
2026-03-27,18.0,IEX,3.45357,9468.62,17101.6,18872.63
2026-03-27,19.0,IEX,6.7487200000000005,8483.23,18705.28,11564.58
2026-03-27,20.0,IEX,9.87486,6915.77,18654.15,8820.33
2026-03-27,21.0,IEX,5.09713,7465.6,15941.33,10422.88
2026-03-27,22.0,IEX,5.0968100000000005,6643.18,15786.23,9240.93
2026-03-27,23.0,IEX,5.1714899999999995,6456.99,15665.93,8760.3
2026-03-27,24.0,IEX,4.712560000000001,6651.84,15591.05,9785.98
2026-03-28,1.0,IEX,4.67008,8687.3,17826.1,12186.53
2026-03-28,2.0,IEX,4.25662,9026.93,17845.2,13742.13
2026-03-28,3.0,IEX,4.03981,9548.85,17962.63,15956.43
2026-03-28,4.0,IEX,3.9036,9895.6,18086.78,17192.23
2026-03-28,5.0,IEX,3.9646500000000002,9612.2,18044.6,16083.35
2026-03-28,6.0,IEX,4.6781999999999995,8863.53,17246.45,12388.6
2026-03-28,7.0,IEX,4.94066,8767.53,17598.38,11650.23
2026-03-28,8.0,IEX,3.77917,8512.13,16708.08,15766.28
2026-03-28,9.0,IEX,2.50734,9460.18,15740.08,26299.28
2026-03-28,10.0,IEX,2.1586399999999997,9819.46,14081.8,35870.98
2026-03-28,11.0,IEX,1.65624,11148.12,13273.78,43774.15
2026-03-28,12.0,IEX,1.56979,12375.39,14220.58,47917.8
2026-03-28,13.0,IEX,1.58181,13249.9,14473.8,50795.63
2026-03-28,14.0,IEX,1.54331,13573.95,14684.48,53964.53
2026-03-28,15.0,IEX,1.65496,14426.65,16500.63,47888.75
2026-03-28,16.0,IEX,2.05531,12450.59,16532.2,39396.2
2026-03-28,17.0,IEX,2.60397,10599.94,16417.23,31395.8
2026-03-28,18.0,IEX,3.23637,7863.77,15084.0,19852.95
2026-03-28,19.0,IEX,5.8019,7360.4,16396.0,11867.85
2026-03-28,20.0,IEX,8.236870000000001,6483.65,16699.03,9204.13
2026-03-28,21.0,IEX,4.772609999999999,6658.18,15011.53,10007.25
2026-03-28,22.0,IEX,5.01252,6154.7,15140.85,9227.78
2026-03-28,23.0,IEX,5.4404200000000005,5757.25,15565.48,8530.95
2026-03-28,24.0,IEX,4.74889,5997.7,15082.85,9647.85
2026-03-29,1.0,IEX,4.20406,9438.69,17121.9,15409.1
2026-03-29,2.0,IEX,3.98812,9886.74,17448.88,17023.18
2026-03-29,3.0,IEX,3.9034,10452.57,17746.03,18579.05
2026-03-29,4.0,IEX,3.82769,10639.05,17888.63,19634.5
2026-03-29,5.0,IEX,3.87632,11223.83,18589.58,19375.93
2026-03-29,6.0,IEX,4.1082,10137.25,17191.95,16082.15
2026-03-29,7.0,IEX,4.06811,9669.18,16817.25,16296.2
2026-03-29,8.0,IEX,3.4009699999999996,9599.23,16360.1,19429.88
2026-03-29,9.0,IEX,2.28672,9930.1,14581.78,30757.1
2026-03-29,10.0,IEX,1.50412,9183.22,10825.6,39025.2
2026-03-29,11.0,IEX,0.9832799999999999,8960.85,10032.85,47683.55
2026-03-29,12.0,IEX,0.98329,9590.4,10662.9,54027.08
2026-03-29,13.0,IEX,0.98337,10026.28,10398.78,57610.48
2026-03-29,14.0,IEX,0.98327,10136.43,10759.93,59428.28
2026-03-29,15.0,IEX,0.98362,10680.43,11815.18,53295.68
2026-03-29,16.0,IEX,1.65378,11784.29,13652.05,45640.38
2026-03-29,17.0,IEX,2.16715,10741.2,14789.68,37788.68
2026-03-29,18.0,IEX,2.49735,8308.86,13782.48,24468.3
2026-03-29,19.0,IEX,3.9809200000000002,8414.03,15445.73,15498.75
2026-03-29,20.0,IEX,4.671729999999999,8377.75,16142.33,13587.2
2026-03-29,21.0,IEX,3.84975,8283.95,15352.55,13814.5
2026-03-29,22.0,IEX,3.8873200000000003,7680.32,14740.95,12877.13
2026-03-29,23.0,IEX,4.1051899999999995,6900.65,15240.65,11981.33
2026-03-29,24.0,IEX,3.71761,7143.1,15200.55,12482.73
2026-03-30,1.0,IEX,6.6102,7936.85,16312.48,10799.35
2026-03-30,2.0,IEX,4.65266,8487.35,16238.8,12471.65
2026-03-30,3.0,IEX,4.36029,9323.45,16563.78,14530.28
2026-03-30,4.0,IEX,4.07224,9738.23,16958.83,15765.2
2026-03-30,5.0,IEX,4.2202399999999995,10130.35,17426.8,15227.5
2026-03-30,6.0,IEX,4.87849,8437.82,15870.4,11939.83
2026-03-30,7.0,IEX,5.65642,8718.2,16834.18,11631.05
2026-03-30,8.0,IEX,4.30291,9695.08,16236.03,14875.33
2026-03-30,9.0,IEX,2.84658,10140.28,15008.75,26177.13
2026-03-30,10.0,IEX,2.1391199999999997,9589.73,13246.38,34045.8
2026-03-30,11.0,IEX,1.80044,10468.07,12065.63,41457.98
2026-03-30,12.0,IEX,1.82057,12015.02,13708.18,46241.9
2026-03-30,13.0,IEX,1.7088599999999998,12752.59,13955.15,48259.98
2026-03-30,14.0,IEX,1.5431300000000001,12909.09,13580.5,50576.13
2026-03-30,15.0,IEX,1.65449,13079.12,13908.08,46527.6
2026-03-30,16.0,IEX,2.14681,11726.37,14270.75,39406.6
2026-03-30,17.0,IEX,2.82425,11075.44,16223.58,32420.35
2026-03-30,18.0,IEX,3.33823,8308.7,15165.2,19150.65
2026-03-30,19.0,IEX,8.6381,6985.8,16488.4,9730.5
2026-03-30,20.0,IEX,10.0,6576.5,16909.23,8948.4
2026-03-30,21.0,IEX,8.022689999999999,6624.68,15807.08,9194.38
2026-03-30,22.0,IEX,9.07845,6356.33,16010.55,8758.83
2026-03-30,23.0,IEX,10.0,5185.22,16455.05,7540.53
2026-03-30,24.0,IEX,10.0,4618.23,16176.73,6973.53
2026-03-31,1.0,IEX,10.0,8319.83,21394.65,10427.33
2026-03-31,2.0,IEX,10.0,9918.65,21541.83,12026.15
2026-03-31,3.0,IEX,9.50075,11686.77,21642.8,13802.25
2026-03-31,4.0,IEX,8.15546,12823.03,22049.4,15009.43
2026-03-31,5.0,IEX,8.87534,12425.88,22703.45,14574.9
2026-03-31,6.0,IEX,10.0,9818.12,21043.85,11925.63
2026-03-31,7.0,IEX,10.0,9396.22,21220.88,11520.33
2026-03-31,8.0,IEX,6.07983,11885.15,21022.23,15014.1
2026-03-31,9.0,IEX,3.07029,12853.4,17848.63,26409.03
2026-03-31,10.0,IEX,2.74495,11848.55,16277.55,34481.38
2026-03-31,11.0,IEX,2.01975,12390.76,14057.45,41452.68
2026-03-31,12.0,IEX,1.88333,13424.27,14496.38,45896.65
2026-03-31,13.0,IEX,1.87175,13585.55,14532.9,48123.78
2026-03-31,14.0,IEX,1.5458399999999999,13629.53,13958.5,50287.95
2026-03-31,15.0,IEX,1.92879,13783.84,14736.08,45537.78
2026-03-31,16.0,IEX,2.51387,13114.45,15582.75,37991.83
2026-03-31,17.0,IEX,3.0309299999999997,13506.18,18058.93,31178.7
2026-03-31,18.0,IEX,3.65799,11242.18,19093.9,19728.55
2026-03-31,19.0,IEX,8.725200000000001,8289.5,20296.73,10607.9
2026-03-31,20.0,IEX,10.0,6824.52,20762.53,8948.63
2026-03-31,21.0,IEX,10.0,7242.08,18541.43,9349.58
2026-03-31,22.0,IEX,10.0,6731.48,18714.43,8838.98
2026-03-31,23.0,IEX,10.0,5983.94,19041.58,8091.45
2026-03-31,24.0,IEX,10.0,5868.49,19062.8,7976.0
2026-04-01,1.0,IEX,5.99942,7711.18,14004.25,8857.48
2026-04-01,2.0,IEX,5.33368,8473.55,14520.25,11459.88
2026-04-01,3.0,IEX,4.7667399999999995,9253.4,15078.5,13553.25
2026-04-01,4.0,IEX,4.5428500000000005,9779.78,15689.3,14974.33
2026-04-01,5.0,IEX,5.01765,10334.8,16340.6,14486.4
2026-04-01,6.0,IEX,8.12439,10423.2,16264.65,12730.43
2026-04-01,7.0,IEX,7.6245,11372.51,17627.5,14141.25
2026-04-01,8.0,IEX,4.3308599999999995,11204.25,17176.15,17750.23
2026-04-01,9.0,IEX,2.88835,8802.95,13312.18,25972.78
2026-04-01,10.0,IEX,2.10331,8126.06,11515.45,33440.95
2026-04-01,11.0,IEX,1.7327000000000001,8206.21,9104.03,39330.58
2026-04-01,12.0,IEX,1.3635,8099.73,8692.98,43495.15
2026-04-01,13.0,IEX,0.99624,8342.24,8868.1,44776.88
2026-04-01,14.0,IEX,0.98377,8080.83,8597.88,46884.53
2026-04-01,15.0,IEX,1.70299,8860.65,10038.15,41962.48
2026-04-01,16.0,IEX,2.4117100000000002,9248.25,11681.6,34786.2
2026-04-01,17.0,IEX,3.06103,9468.83,13642.05,27170.63
2026-04-01,18.0,IEX,3.61844,7317.62,13223.63,16840.38
2026-04-01,19.0,IEX,6.5376,7352.3,14312.7,11425.13
2026-04-01,20.0,IEX,10.0,5710.09,15196.4,7909.4
2026-04-01,21.0,IEX,9.7497,6712.67,13337.0,8979.78
2026-04-01,22.0,IEX,9.87488,6069.44,13210.13,8197.48
2026-04-01,23.0,IEX,10.0,4409.65,13469.2,6456.25
2026-04-01,24.0,IEX,10.0,4780.27,12822.88,5995.88
2026-04-02,1.0,IEX,9.00032,8908.2,16766.7,9441.13
2026-04-02,2.0,IEX,5.559279999999999,9439.88,16603.5,11297.53
2026-04-02,3.0,IEX,4.847390000000001,10126.13,17000.45,13123.25
2026-04-02,4.0,IEX,4.55905,10576.43,17605.95,14312.43
2026-04-02,5.0,IEX,5.47432,10425.51,17628.13,13374.25
2026-04-02,6.0,IEX,10.0,10034.19,17746.93,11684.9
2026-04-02,7.0,IEX,7.837350000000001,11656.22,19531.08,13838.18
2026-04-02,8.0,IEX,4.87096,12224.6,19425.4,16735.48
2026-04-02,9.0,IEX,3.3601300000000003,9742.98,15452.2,21776.25
2026-04-02,10.0,IEX,2.8568800000000003,9706.85,14200.05,32022.2
2026-04-02,11.0,IEX,2.37819,9568.54,12644.38,38330.23
2026-04-02,12.0,IEX,2.49868,10194.12,13722.55,43423.85
2026-04-02,13.0,IEX,2.34419,10861.13,14091.4,47666.88
2026-04-02,14.0,IEX,2.10679,10978.34,13519.4,49223.08
2026-04-02,15.0,IEX,2.67637,11515.13,14674.58,42677.13
2026-04-02,16.0,IEX,3.0762199999999997,11870.86,14782.1,33344.03
2026-04-02,17.0,IEX,3.42855,10183.12,15970.25,23164.65
2026-04-02,18.0,IEX,4.05372,7999.5,15908.3,14073.08
2026-04-02,19.0,IEX,6.76263,7176.55,15098.38,10085.65
2026-04-02,20.0,IEX,10.0,5989.22,14952.85,8030.63
2026-04-02,21.0,IEX,8.12459,6765.73,13961.38,9774.85
2026-04-02,22.0,IEX,8.68534,6638.75,14148.05,9029.35
2026-04-02,23.0,IEX,10.0,5531.82,14792.3,7520.53
2026-04-02,24.0,IEX,10.0,6173.3,14608.9,7371.73
2026-04-03,1.0,IEX,5.29444,7236.53,14900.55,9730.4
2026-04-03,2.0,IEX,4.69951,7463.65,14943.28,11202.33
2026-04-03,3.0,IEX,4.65088,8594.73,15963.78,12801.23
2026-04-03,4.0,IEX,4.56313,8648.68,16134.6,13709.5
2026-04-03,5.0,IEX,4.50476,8163.78,15678.0,13090.93
2026-04-03,6.0,IEX,6.2945,8075.2,15488.78,10984.55
2026-04-03,7.0,IEX,9.9595,9318.76,18203.5,11204.68
2026-04-03,8.0,IEX,5.56789,10284.05,17526.33,15206.85
2026-04-03,9.0,IEX,2.9019899999999996,8500.3,13798.23,23265.63
2026-04-03,10.0,IEX,2.2753699999999997,9256.9,12944.53,33870.1
2026-04-03,11.0,IEX,1.96167,10504.03,11327.15,43555.88
2026-04-03,12.0,IEX,1.9078499999999998,11333.95,12099.25,48888.4
2026-04-03,13.0,IEX,1.7071800000000001,11743.5,12436.7,51362.6
2026-04-03,14.0,IEX,1.54543,11413.95,12020.95,51921.0
2026-04-03,15.0,IEX,1.93039,11895.03,13217.45,46600.03
2026-04-03,16.0,IEX,2.51929,10565.79,14127.73,37697.25
2026-04-03,17.0,IEX,2.99281,9715.33,15127.33,26624.0
2026-04-03,18.0,IEX,3.49618,7477.8,14182.35,15896.83
2026-04-03,19.0,IEX,4.5521,7142.93,14338.7,11844.05
2026-04-03,20.0,IEX,9.01224,6588.2,15458.68,9177.43
2026-04-03,21.0,IEX,5.5288900000000005,7527.11,15294.6,11417.55
2026-04-03,22.0,IEX,5.46571,6757.08,14512.53,10241.48
2026-04-03,23.0,IEX,7.52746,6180.85,14804.1,8702.43
2026-04-03,24.0,IEX,6.05463,6214.54,14585.7,8266.43
2026-04-04,1.0,IEX,9.25599,9594.15,17393.03,10169.35
2026-04-04,2.0,IEX,5.90695,9658.12,17037.03,11560.28
2026-04-04,3.0,IEX,4.884600000000001,9520.87,16573.63,13633.05
2026-04-04,4.0,IEX,4.494,9582.42,16682.65,15493.48
2026-04-04,5.0,IEX,4.39136,9178.25,16179.03,15232.25
2026-04-04,6.0,IEX,5.831600000000001,10611.76,17753.38,14301.8
2026-04-04,7.0,IEX,5.80672,11775.01,19658.53,15311.78
2026-04-04,8.0,IEX,4.44024,11729.6,18774.28,18798.35
2026-04-04,9.0,IEX,2.7270700000000003,9888.95,14606.1,29996.08
2026-04-04,10.0,IEX,2.1977800000000003,11428.29,14788.98,40859.65
2026-04-04,11.0,IEX,1.93992,11540.57,12591.45,45811.85
2026-04-04,12.0,IEX,1.65026,11987.25,12463.75,48133.13
2026-04-04,13.0,IEX,1.54566,12052.98,12614.23,49239.93
2026-04-04,14.0,IEX,1.54535,12048.43,12609.8,49738.18
2026-04-04,15.0,IEX,1.67783,12393.85,13069.2,45112.73
2026-04-04,16.0,IEX,2.13444,12202.63,14118.78,39812.7
2026-04-04,17.0,IEX,2.86077,10161.5,15384.8,29518.53
2026-04-04,18.0,IEX,3.59389,8284.43,15260.83,18605.28
2026-04-04,19.0,IEX,7.333069999999999,8977.45,17060.05,12650.98
2026-04-04,20.0,IEX,10.0,6976.42,16512.08,9485.93
2026-04-04,21.0,IEX,5.7213199999999995,8074.42,15640.48,11864.28
2026-04-04,22.0,IEX,5.014600000000001,7709.68,14596.03,12051.33
2026-04-04,23.0,IEX,5.43684,7235.31,15193.0,10994.18
2026-04-04,24.0,IEX,6.81504,7502.6,15746.95,9712.95
2026-04-05,1.0,IEX,4.89477,7632.32,13919.3,11166.48
2026-04-05,2.0,IEX,4.62647,8010.45,14135.15,12426.3
2026-04-05,3.0,IEX,4.5004,8469.18,14253.55,14186.83
2026-04-05,4.0,IEX,4.31472,8646.93,14453.8,15730.58
2026-04-05,5.0,IEX,4.24869,8303.55,14100.65,15262.7
2026-04-05,6.0,IEX,4.77558,9079.3,15146.15,13877.9
2026-04-05,7.0,IEX,4.89484,10274.27,16088.88,14695.2
2026-04-05,8.0,IEX,3.67352,9049.83,14003.2,18779.15
2026-04-05,9.0,IEX,1.95279,7280.73,9460.83,29812.03
2026-04-05,10.0,IEX,1.2593699999999999,8163.58,9633.98,42680.65
2026-04-05,11.0,IEX,0.5277000000000001,8213.85,8275.93,50465.78
2026-04-05,12.0,IEX,0.75427,8864.4,9104.4,53707.93
2026-04-05,13.0,IEX,0.98338,9387.73,9741.63,54775.65
2026-04-05,14.0,IEX,0.9833500000000001,9567.7,9796.1,56001.2
2026-04-05,15.0,IEX,1.24311,10360.48,10792.68,50806.45
2026-04-05,16.0,IEX,1.64383,10378.78,11103.33,42849.53
2026-04-05,17.0,IEX,2.2496,8297.87,11139.8,31307.28
2026-04-05,18.0,IEX,3.0626100000000003,6655.45,11235.4,20283.23
2026-04-05,19.0,IEX,4.570939999999999,7900.57,13343.13,15088.15
2026-04-05,20.0,IEX,5.03869,7794.63,13409.1,13033.85
2026-04-05,21.0,IEX,4.48556,7436.77,13037.63,13898.53
2026-04-05,22.0,IEX,4.39231,7090.94,12545.3,13389.43
2026-04-05,23.0,IEX,4.16123,6264.61,12490.23,12805.9
2026-04-05,24.0,IEX,4.47582,5364.03,11892.7,10884.3
2026-04-06,1.0,IEX,4.387989999999999,5892.3,13659.48,10110.1
2026-04-06,2.0,IEX,4.17012,6498.13,14259.03,12422.85
2026-04-06,3.0,IEX,3.9223600000000003,7080.98,14682.35,14683.73
2026-04-06,4.0,IEX,3.84932,7422.88,15001.0,15946.7
2026-04-06,5.0,IEX,3.90116,7886.55,15453.43,16097.55
2026-04-06,6.0,IEX,4.1588,8020.07,16012.08,14910.48
2026-04-06,7.0,IEX,5.12863,10194.5,19376.03,14849.98
2026-04-06,8.0,IEX,3.81109,9154.27,17201.15,18320.85
2026-04-06,9.0,IEX,2.16545,7745.08,11473.0,30128.35
2026-04-06,10.0,IEX,1.31354,9060.59,10841.65,42603.4
2026-04-06,11.0,IEX,0.98342,8127.48,8863.38,47639.05
2026-04-06,12.0,IEX,0.9835,8757.13,9380.53,49402.33
2026-04-06,13.0,IEX,0.98377,9865.3,10375.95,50691.85
2026-04-06,14.0,IEX,0.98357,9672.23,10083.13,51490.68
2026-04-06,15.0,IEX,1.26447,9652.33,10273.55,46352.9
2026-04-06,16.0,IEX,1.63323,10654.45,11499.7,41368.5
2026-04-06,17.0,IEX,2.29966,9188.65,13065.38,31614.95
2026-04-06,18.0,IEX,2.92482,6828.24,13794.65,20785.83
2026-04-06,19.0,IEX,4.3199,6998.15,14937.7,13540.63
2026-04-06,20.0,IEX,5.2493,6182.93,14771.6,10291.45
2026-04-06,21.0,IEX,4.22582,6249.69,13713.78,11669.75
2026-04-06,22.0,IEX,3.90189,5806.73,12866.65,11584.35
2026-04-06,23.0,IEX,3.85894,4867.5,12982.6,10758.35
2026-04-06,24.0,IEX,4.1832,4547.95,12854.23,9462.78
2026-04-07,1.0,IEX,3.51856,5397.18,12121.98,12127.58
2026-04-07,2.0,IEX,3.48634,6311.58,12909.65,14407.1
2026-04-07,3.0,IEX,3.49647,6992.05,13613.68,16467.25
2026-04-07,4.0,IEX,3.49377,7599.47,14282.2,18135.0
2026-04-07,5.0,IEX,3.61112,7643.75,14372.95,18053.7
2026-04-07,6.0,IEX,3.70319,7204.48,13957.98,15875.6
2026-04-07,7.0,IEX,4.23475,9259.08,16629.25,15442.0
2026-04-07,8.0,IEX,3.38296,9046.58,15714.73,20503.9
2026-04-07,9.0,IEX,2.15776,8561.08,11781.65,33679.68
2026-04-07,10.0,IEX,1.45309,9563.93,11283.58,45357.58
2026-04-07,11.0,IEX,0.7420399999999999,9028.78,9540.35,52566.3
2026-04-07,12.0,IEX,0.8624400000000001,8727.5,9406.9,54002.88
2026-04-07,13.0,IEX,0.9830599999999999,8711.6,9320.9,54348.8
2026-04-07,14.0,IEX,0.89116,8705.58,9233.38,55339.53
2026-04-07,15.0,IEX,0.9877999999999999,9913.47,10339.18,51543.13
2026-04-07,16.0,IEX,1.6985999999999999,11636.28,12371.95,45443.65
2026-04-07,17.0,IEX,2.08479,9419.34,12384.5,36173.6
2026-04-07,18.0,IEX,2.3266,6290.45,10891.58,25032.05
2026-04-07,19.0,IEX,3.6330500000000003,6208.83,12364.83,16443.33
2026-04-07,20.0,IEX,4.38636,6023.85,12984.13,12646.83
2026-04-07,21.0,IEX,3.6996700000000002,5444.7,11386.83,13468.43
2026-04-07,22.0,IEX,3.55127,5385.1,11068.68,14361.75
2026-04-07,23.0,IEX,3.31974,4727.55,11010.45,13304.8
2026-04-07,24.0,IEX,3.38857,4646.92,11009.2,11926.38
2026-04-08,1.0,IEX,3.1982399999999997,6289.02,12392.65,14329.1
2026-04-08,2.0,IEX,3.14076,6913.69,12928.23,16678.7
2026-04-08,3.0,IEX,3.3525500000000004,7688.18,13877.78,18447.15
2026-04-08,4.0,IEX,3.39756,8097.85,14364.18,19894.0
2026-04-08,5.0,IEX,3.4868099999999997,8124.73,14710.95,19101.63
2026-04-08,6.0,IEX,3.45136,6359.88,12802.35,16022.75
2026-04-08,7.0,IEX,4.0223,6636.78,13469.43,13414.65
2026-04-08,8.0,IEX,2.9437800000000003,7358.1,13305.35,18016.33
2026-04-08,9.0,IEX,1.49296,9846.43,11716.25,35254.65
2026-04-08,10.0,IEX,1.40825,9902.19,11269.7,46993.75
2026-04-08,11.0,IEX,0.95505,9377.55,9790.25,53325.88
2026-04-08,12.0,IEX,0.98311,10112.8,10567.0,56617.5
2026-04-08,13.0,IEX,0.9830399999999999,10461.65,10953.35,57807.55
2026-04-08,14.0,IEX,0.72974,10556.35,10958.4,59255.1
2026-04-08,15.0,IEX,0.985,11350.68,11778.13,54760.4
2026-04-08,16.0,IEX,1.57484,12020.2,12606.63,47189.45
2026-04-08,17.0,IEX,1.9949000000000001,9939.04,12639.93,36330.18
2026-04-08,18.0,IEX,2.28011,6879.25,11239.65,23270.35
2026-04-08,19.0,IEX,3.8348400000000002,7069.23,13572.0,14452.88
2026-04-08,20.0,IEX,4.39743,7111.88,14012.83,12481.08
2026-04-08,21.0,IEX,3.8496300000000003,6710.38,13166.35,13289.35
2026-04-08,22.0,IEX,3.5949400000000002,5986.54,12014.93,13771.6
2026-04-08,23.0,IEX,3.59025,5623.93,12615.48,12744.48
2026-04-08,24.0,IEX,3.84933,5384.38,12704.0,10896.33
2026-04-09,1.0,IEX,3.5323200000000003,7594.95,14366.68,16221.35
2026-04-09,2.0,IEX,3.397,8227.58,14596.93,19073.15
2026-04-09,3.0,IEX,3.4482199999999996,8788.21,15179.45,20852.1
2026-04-09,4.0,IEX,3.40627,9149.94,15519.95,22344.53
2026-04-09,5.0,IEX,3.5393600000000003,9067.22,15603.53,21321.93
2026-04-09,6.0,IEX,3.7703800000000003,7849.82,14368.98,17656.35
2026-04-09,7.0,IEX,5.07966,8594.26,16835.1,15059.75
2026-04-09,8.0,IEX,3.51703,8652.8,15883.45,19676.18
2026-04-09,9.0,IEX,1.87153,9057.98,11784.75,36599.73
2026-04-09,10.0,IEX,1.2503199999999999,9829.42,11278.93,49517.05
2026-04-09,11.0,IEX,0.9675499999999999,10106.28,10647.43,55916.25
2026-04-09,12.0,IEX,0.98336,10576.13,10948.53,58527.93
2026-04-09,13.0,IEX,0.9831,10275.13,10647.53,59308.75
2026-04-09,14.0,IEX,0.64366,9799.38,10447.1,60235.6
2026-04-09,15.0,IEX,1.02542,11113.56,11545.4,55750.38
2026-04-09,16.0,IEX,1.6213499999999998,11557.65,12351.33,48047.03
2026-04-09,17.0,IEX,2.03057,10205.28,13085.83,37381.75
2026-04-09,18.0,IEX,2.7247399999999997,7775.65,13528.73,23705.7
2026-04-09,19.0,IEX,5.36332,9366.33,17680.7,15204.6
2026-04-09,20.0,IEX,5.88272,8660.51,17145.08,13831.93
2026-04-09,21.0,IEX,4.84111,8476.15,15567.28,15030.68
2026-04-09,22.0,IEX,4.33242,7950.24,14559.05,15331.68
2026-04-09,23.0,IEX,4.402270000000001,7309.99,15013.38,14056.33
2026-04-09,24.0,IEX,4.67478,7164.87,15017.95,12245.2
2026-04-10,1.0,IEX,4.1563,7915.5,15234.73,12487.53
2026-04-10,2.0,IEX,3.91936,8600.42,15201.98,14327.2
2026-04-10,3.0,IEX,3.87636,9057.96,15770.35,16143.38
2026-04-10,4.0,IEX,3.9005300000000003,9438.8,16205.38,17464.83
2026-04-10,5.0,IEX,3.89829,9041.87,15723.15,17350.8
2026-04-10,6.0,IEX,4.33521,7971.27,14832.75,14991.53
2026-04-10,7.0,IEX,5.31993,8767.79,16582.75,14338.95
2026-04-10,8.0,IEX,3.4618200000000003,8507.65,14696.65,19965.95
2026-04-10,9.0,IEX,1.89035,8755.5,10861.23,35320.33
2026-04-10,10.0,IEX,1.09653,8904.53,10024.13,47789.83
2026-04-10,11.0,IEX,0.62199,8666.18,8865.4,55010.28
2026-04-10,12.0,IEX,0.58105,9210.38,9449.4,58206.2
2026-04-10,13.0,IEX,0.48968,9120.0,9337.7,58396.53
2026-04-10,14.0,IEX,0.34808999999999996,8893.68,9073.88,59105.6
2026-04-10,15.0,IEX,0.98348,9580.1,9907.95,54839.53
2026-04-10,16.0,IEX,1.66944,10643.56,11491.75,47577.13
2026-04-10,17.0,IEX,2.0739099999999997,10059.24,12837.58,36070.65
2026-04-10,18.0,IEX,2.88648,7337.98,13155.18,21858.45
2026-04-10,19.0,IEX,6.57468,8516.97,16631.18,13857.6
2026-04-10,20.0,IEX,9.150120000000001,8376.97,18287.98,12306.78
2026-04-10,21.0,IEX,6.00048,9055.15,17832.53,13449.05
2026-04-10,22.0,IEX,5.38274,8507.6,15938.88,13625.95
2026-04-10,23.0,IEX,4.8949,7716.48,15332.63,12751.78
2026-04-10,24.0,IEX,5.01463,7701.63,15426.7,11077.35
2026-04-11,1.0,IEX,4.54131,8174.73,15469.45,12185.03
2026-04-11,2.0,IEX,4.16474,8369.65,15334.25,13946.05
2026-04-11,3.0,IEX,4.08044,8854.25,15876.48,15330.0
2026-04-11,4.0,IEX,4.17216,8828.28,15892.55,16028.2
2026-04-11,5.0,IEX,4.21727,8245.05,15183.58,15681.68
2026-04-11,6.0,IEX,3.94013,7623.9,14236.7,14845.48
2026-04-11,7.0,IEX,5.40416,8205.25,16123.88,13791.3
2026-04-11,8.0,IEX,3.11291,8144.31,13891.55,20168.43
2026-04-11,9.0,IEX,1.4390399999999999,8434.85,10034.6,34660.98
2026-04-11,10.0,IEX,1.01647,8719.04,9929.05,46849.4
2026-04-11,11.0,IEX,0.46197000000000005,8931.25,9163.0,57283.98
2026-04-11,12.0,IEX,0.48102999999999996,9783.8,10097.98,62570.2
2026-04-11,13.0,IEX,0.87248,10161.09,11038.95,62681.03
2026-04-11,14.0,IEX,0.6918500000000001,10508.58,11300.05,62650.8
2026-04-11,15.0,IEX,0.98364,11521.9,12391.2,57806.63
2026-04-11,16.0,IEX,1.5227,11830.06,12493.9,48526.4
2026-04-11,17.0,IEX,1.84088,10005.73,12115.8,35434.6
2026-04-11,18.0,IEX,2.8641300000000003,7704.08,13155.13,22033.65
2026-04-11,19.0,IEX,7.6386,8901.68,17041.18,13620.28
2026-04-11,20.0,IEX,10.0,7918.7,18071.25,11745.5
2026-04-11,21.0,IEX,8.03147,8980.08,17461.25,13166.58
2026-04-11,22.0,IEX,5.732270000000001,8561.47,15841.48,13268.55
2026-04-11,23.0,IEX,6.53206,7794.08,15981.8,12070.88
2026-04-11,24.0,IEX,6.17529,7352.03,15862.68,10250.68
2026-04-12,1.0,IEX,6.39013,8799.13,17813.68,10210.48
2026-04-12,2.0,IEX,5.05159,9597.18,17986.8,12083.83
2026-04-12,3.0,IEX,5.00035,9840.2,17799.65,13353.18
2026-04-12,4.0,IEX,4.99925,9832.79,17672.13,14284.15
2026-04-12,5.0,IEX,4.94959,9576.2,17372.45,14290.8
2026-04-12,6.0,IEX,4.58716,8307.73,15324.55,13620.98
2026-04-12,7.0,IEX,4.974600000000001,7743.02,15527.03,12652.48
2026-04-12,8.0,IEX,3.1451,7572.18,13310.78,19118.95
2026-04-12,9.0,IEX,0.65812,8877.85,10243.93,35053.93
2026-04-12,10.0,IEX,0.20056000000000002,8844.71,9913.03,48912.33
2026-04-12,11.0,IEX,0.21261000000000002,9734.45,9796.55,60315.28
2026-04-12,12.0,IEX,0.20054,10101.8,10163.85,64087.85
2026-04-12,13.0,IEX,0.20022,10200.44,10262.2,65057.4
2026-04-12,14.0,IEX,0.1999,10110.73,10172.23,64148.4
2026-04-12,15.0,IEX,0.42008,10676.78,10814.18,59319.18
2026-04-12,16.0,IEX,0.94078,9960.35,10440.0,50113.7
2026-04-12,17.0,IEX,1.27799,9194.13,10716.18,37548.45
2026-04-12,18.0,IEX,2.3450300000000004,7143.03,11253.9,23538.3
2026-04-12,19.0,IEX,4.48402,8572.97,15666.85,16107.83
2026-04-12,20.0,IEX,7.39984,9037.97,17874.38,13092.5
2026-04-12,21.0,IEX,5.93555,9758.66,18134.95,14355.05
2026-04-12,22.0,IEX,5.13303,9848.33,17157.18,14624.63
2026-04-12,23.0,IEX,4.79987,8087.63,15973.9,13289.18
2026-04-12,24.0,IEX,4.78963,7424.82,15232.53,11596.95
2026-04-13,1.0,IEX,10.0,7176.82,18271.63,7641.63
2026-04-13,2.0,IEX,9.12548,8002.01,17462.08,9081.55
2026-04-13,3.0,IEX,8.449489999999999,8733.59,17375.95,10569.28
2026-04-13,4.0,IEX,6.44021,8970.34,17183.5,11661.95
2026-04-13,5.0,IEX,5.299300000000001,8536.55,16510.53,12011.43
2026-04-13,6.0,IEX,6.749560000000001,7453.64,16344.98,10847.25
2026-04-13,7.0,IEX,8.70009,6467.41,18149.3,9745.35
2026-04-13,8.0,IEX,3.46381,7545.35,14723.75,16389.0
2026-04-13,9.0,IEX,1.89753,8954.53,11453.63,31242.43
2026-04-13,10.0,IEX,1.56737,9076.35,11584.85,42618.18
2026-04-13,11.0,IEX,1.04962,9505.6,10405.48,51827.23
2026-04-13,12.0,IEX,0.98346,10250.43,11076.83,55859.88
2026-04-13,13.0,IEX,0.98315,9815.83,10642.23,56332.23
2026-04-13,14.0,IEX,0.6204299999999999,9377.95,10147.88,56779.63
2026-04-13,15.0,IEX,0.98357,10807.85,11634.48,53416.48
2026-04-13,16.0,IEX,1.667,11703.52,12851.18,43711.18
2026-04-13,17.0,IEX,2.3626799999999997,9695.46,14192.23,30938.93
2026-04-13,18.0,IEX,3.54604,7224.11,14382.98,17404.88
2026-04-13,19.0,IEX,8.2962,6205.44,17794.38,9856.85
2026-04-13,20.0,IEX,10.0,4939.78,20645.13,8160.58
2026-04-13,21.0,IEX,10.0,6300.85,19717.68,9521.65
2026-04-13,22.0,IEX,10.0,5871.75,18086.83,9062.55
2026-04-13,23.0,IEX,10.0,4476.57,18941.78,7274.68
2026-04-13,24.0,IEX,10.0,3829.67,19292.38,5406.83
2026-04-14,1.0,IEX,10.0,5083.75,14453.25,5343.05
2026-04-14,2.0,IEX,10.0,6620.6,15160.88,7107.8
2026-04-14,3.0,IEX,8.937040000000001,7499.75,14963.55,9196.63
2026-04-14,4.0,IEX,5.014390000000001,7560.12,14818.63,10947.63
2026-04-14,5.0,IEX,4.82305,7351.48,14691.15,11151.95
2026-04-14,6.0,IEX,9.95461,7331.99,15591.83,8908.98
2026-04-14,7.0,IEX,9.68735,6868.1,16287.65,8755.88
2026-04-14,8.0,IEX,3.30036,7210.45,12864.33,15805.3
2026-04-14,9.0,IEX,1.75472,9679.03,11494.15,32492.7
2026-04-14,10.0,IEX,0.93932,10077.03,11178.83,44148.85
2026-04-14,11.0,IEX,0.98339,10025.35,10384.2,52410.78
2026-04-14,12.0,IEX,0.98341,10336.48,10904.08,54080.3
2026-04-14,13.0,IEX,0.96248,10509.7,11087.83,55196.6
2026-04-14,14.0,IEX,0.59548,10072.08,10654.13,55699.5
2026-04-14,15.0,IEX,0.98763,11055.88,11420.98,51123.88
2026-04-14,16.0,IEX,1.53651,11211.73,11811.25,41913.73
2026-04-14,17.0,IEX,2.12024,10321.5,13303.93,31134.98
2026-04-14,18.0,IEX,3.33886,7042.93,12898.35,17560.58
2026-04-14,19.0,IEX,7.53321,6724.43,15221.08,9067.95
2026-04-14,20.0,IEX,10.0,4845.98,16390.35,6622.28
2026-04-14,21.0,IEX,10.0,6076.43,16548.85,7859.63
2026-04-14,22.0,IEX,10.0,5520.3,15761.23,7303.5
2026-04-14,23.0,IEX,10.0,4183.04,14825.58,5903.2
2026-04-14,24.0,IEX,10.0,3580.7,14796.88,4579.6
2026-04-15,1.0,IEX,10.0,3501.37,14747.8,3796.18
2026-04-15,2.0,IEX,10.0,4449.22,14845.48,4998.7
2026-04-15,3.0,IEX,9.88214,5965.9,14569.33,6967.03
2026-04-15,4.0,IEX,6.855090000000001,6741.91,15107.15,8793.3
2026-04-15,5.0,IEX,6.87363,6540.08,15111.05,9069.45
2026-04-15,6.0,IEX,9.74966,6536.7,14985.25,8224.68
2026-04-15,7.0,IEX,9.96719,5638.92,15735.08,7348.13
2026-04-15,8.0,IEX,3.85712,6993.02,13173.78,14577.35
2026-04-15,9.0,IEX,1.94703,8625.13,11576.58,31326.0
2026-04-15,10.0,IEX,1.7650299999999999,9259.65,11686.13,41610.35
2026-04-15,11.0,IEX,1.49479,9400.8,10826.38,50412.1
2026-04-15,12.0,IEX,1.00187,9835.93,11665.43,54281.88
2026-04-15,13.0,IEX,1.00121,9817.88,11798.63,56190.45
2026-04-15,14.0,IEX,0.8348300000000001,9540.74,11409.88,56811.88
2026-04-15,15.0,IEX,1.3869,11302.1,13022.1,50360.35
2026-04-15,16.0,IEX,1.8256400000000002,11868.22,14271.9,41096.03
2026-04-15,17.0,IEX,2.47308,9235.78,14210.23,31616.6
2026-04-15,18.0,IEX,3.46417,6907.7,12847.25,17555.3
2026-04-15,19.0,IEX,7.5849899999999995,5649.17,14568.58,8166.95
2026-04-15,20.0,IEX,10.0,3621.12,17784.93,5420.13
2026-04-15,21.0,IEX,10.0,4045.78,17191.53,5828.18
2026-04-15,22.0,IEX,10.0,3808.95,16987.18,5599.6
2026-04-15,23.0,IEX,10.0,2758.22,18438.75,4481.8
2026-04-15,24.0,IEX,10.0,2486.97,17289.0,3474.38
2026-04-16,1.0,IEX,10.0,2350.0,16431.2,2653.3
2026-04-16,2.0,IEX,10.0,3662.02,15521.83,4241.53
2026-04-16,3.0,IEX,10.0,5072.1,15760.53,6010.4
2026-04-16,4.0,IEX,8.21427,5732.98,16021.53,7211.7
2026-04-16,5.0,IEX,7.425050000000001,5804.25,16189.38,7554.13
2026-04-16,6.0,IEX,5.99996,6012.55,16072.0,8850.88
2026-04-16,7.0,IEX,7.22762,8698.53,19169.2,11268.5
2026-04-16,8.0,IEX,3.55495,7088.55,14906.68,17206.83
2026-04-16,9.0,IEX,2.05038,8288.31,12009.48,31299.73
2026-04-16,10.0,IEX,1.80495,9368.7,12264.05,41890.65
2026-04-16,11.0,IEX,1.2446400000000002,9361.08,11182.78,50740.88
2026-04-16,12.0,IEX,1.00123,9490.48,11539.78,53146.3
2026-04-16,13.0,IEX,0.6917000000000001,8959.8,11120.9,54265.5
2026-04-16,14.0,IEX,0.32548,8498.35,10423.05,55186.68
2026-04-16,15.0,IEX,1.06303,9656.28,11985.03,50600.8
2026-04-16,16.0,IEX,1.8166,11412.33,14833.63,42970.9
2026-04-16,17.0,IEX,2.5321599999999997,8798.75,15339.98,31141.83
2026-04-16,18.0,IEX,3.3852399999999996,6462.13,14290.48,17489.95
2026-04-16,19.0,IEX,7.38739,4219.85,17272.25,7086.48
2026-04-16,20.0,IEX,10.0,1820.11,21789.8,3961.63
2026-04-16,21.0,IEX,10.0,2105.95,17357.5,4230.85
2026-04-16,22.0,IEX,10.0,2221.27,19100.83,4346.18
2026-04-16,23.0,IEX,10.0,2227.89,23399.45,4300.1
2026-04-16,24.0,IEX,10.0,1933.54,21434.33,3149.2
2026-04-17,1.0,IEX,10.0,1359.67,25409.6,1494.98
2026-04-17,2.0,IEX,10.0,1487.12,19688.8,1757.83
2026-04-17,3.0,IEX,10.0,1804.6,17544.1,2181.6
2026-04-17,4.0,IEX,10.0,2487.93,16919.28,2942.13
2026-04-17,5.0,IEX,10.0,2477.62,17527.23,3042.23
2026-04-17,6.0,IEX,10.0,2731.09,16913.45,3361.3
2026-04-17,7.0,IEX,10.0,5059.89,19792.85,5775.0
2026-04-17,8.0,IEX,4.0453600000000005,7243.3,17065.13,13763.73
2026-04-17,9.0,IEX,2.15895,7635.0,13662.7,28935.65
2026-04-17,10.0,IEX,1.34468,7488.42,11765.03,38548.73
2026-04-17,11.0,IEX,0.97517,7438.52,10617.48,47305.03
2026-04-17,12.0,IEX,0.9624299999999999,7780.53,11043.25,50524.08
2026-04-17,13.0,IEX,0.29988,7463.37,10952.78,52037.4
2026-04-17,14.0,IEX,0.29961,7242.62,10764.53,52836.5
2026-04-17,15.0,IEX,1.27719,8849.0,12771.58,47914.3
2026-04-17,16.0,IEX,2.09177,9963.16,15275.78,38321.95
2026-04-17,17.0,IEX,2.80117,8191.52,16266.35,26063.0
2026-04-17,18.0,IEX,4.158930000000001,6955.92,15178.53,11839.15
2026-04-17,19.0,IEX,9.75507,2841.65,18721.53,3711.23
2026-04-17,20.0,IEX,10.0,1431.86,27226.4,2240.78
2026-04-17,21.0,IEX,10.0,1690.34,27709.55,2499.25
2026-04-17,22.0,IEX,10.0,1781.09,31210.33,2590.0
2026-04-17,23.0,IEX,10.0,1620.72,33427.13,2429.63
2026-04-17,24.0,IEX,10.0,1467.15,32950.73,1955.25
2026-04-18,1.0,IEX,10.0,1347.78,29388.23,1493.1
2026-04-18,2.0,IEX,10.0,1509.06,22499.28,1789.78
2026-04-18,3.0,IEX,10.0,1847.34,19389.13,2234.35
2026-04-18,4.0,IEX,10.0,2626.67,18632.35,3090.88
2026-04-18,5.0,IEX,10.0,3024.03,19265.25,3584.83
2026-04-18,6.0,IEX,10.0,2822.62,19189.73,3462.83
2026-04-18,7.0,IEX,10.0,5052.07,21540.6,5777.18
2026-04-18,8.0,IEX,4.2365900000000005,6885.63,18195.0,12472.9
2026-04-18,9.0,IEX,2.2499499999999997,7767.43,14974.78,26540.68
2026-04-18,10.0,IEX,2.06187,8523.5,14043.95,36183.25
2026-04-18,11.0,IEX,1.8118299999999998,9031.72,12649.0,42797.63
2026-04-18,12.0,IEX,1.57619,9189.6,12718.65,46614.4
2026-04-18,13.0,IEX,1.4735,8819.3,12719.13,47374.2
2026-04-18,14.0,IEX,1.16589,8883.9,13195.68,47941.95
2026-04-18,15.0,IEX,1.7442,9599.76,15199.5,43806.3
2026-04-18,16.0,IEX,2.2672800000000004,9149.89,16532.53,35936.35
2026-04-18,17.0,IEX,2.64779,7335.03,17688.1,25928.98
2026-04-18,18.0,IEX,3.6255100000000002,5140.7,16439.08,11472.6
2026-04-18,19.0,IEX,9.000129999999999,2770.62,21314.98,3613.48
2026-04-18,20.0,IEX,10.0,1330.73,28707.48,2139.65
2026-04-18,21.0,IEX,10.0,1500.09,29655.13,2309.0
2026-04-18,22.0,IEX,10.0,1512.58,35752.25,2321.5
2026-04-18,23.0,IEX,10.0,1419.1,38692.28,2228.0
2026-04-18,24.0,IEX,10.0,1325.6,41414.55,1813.7
2026-04-19,1.0,IEX,10.0,1489.05,25729.8,1624.35
2026-04-19,2.0,IEX,10.0,1655.95,20831.25,1996.65
2026-04-19,3.0,IEX,10.0,2052.23,17387.75,2520.53
2026-04-19,4.0,IEX,10.0,2993.55,17104.13,3539.05
2026-04-19,5.0,IEX,10.0,3319.05,17256.68,3961.15
2026-04-19,6.0,IEX,10.0,3610.08,17260.9,4274.18
2026-04-19,7.0,IEX,9.45002,5751.78,18180.6,6683.93
2026-04-19,8.0,IEX,3.68587,7098.26,15522.73,14654.45
2026-04-19,9.0,IEX,1.6695499999999999,8884.77,12580.6,29140.03
2026-04-19,10.0,IEX,1.47899,8477.43,11699.73,36805.83
2026-04-19,11.0,IEX,1.05134,8036.98,10106.68,43052.6
2026-04-19,12.0,IEX,1.00112,8400.63,10533.33,47666.5
2026-04-19,13.0,IEX,0.3394,8479.25,10454.35,50881.65
2026-04-19,14.0,IEX,0.29973,7957.8,10464.9,51194.3
2026-04-19,15.0,IEX,1.08331,8116.68,10833.6,44821.65
2026-04-19,16.0,IEX,1.8642999999999998,8522.86,11773.68,37011.63
2026-04-19,17.0,IEX,2.2401799999999996,7671.44,13674.7,27398.18
2026-04-19,18.0,IEX,2.66278,6063.02,12371.5,14300.05
2026-04-19,19.0,IEX,6.99259,4319.68,14459.38,6205.35
2026-04-19,20.0,IEX,10.0,1899.22,17478.65,2719.83
2026-04-19,21.0,IEX,10.0,1912.82,17216.08,2721.73
2026-04-19,22.0,IEX,10.0,1860.14,19149.65,2770.53
2026-04-19,23.0,IEX,10.0,1538.66,23505.0,2347.58
2026-04-19,24.0,IEX,10.0,1543.33,22892.65,2031.43
2026-04-20,1.0,IEX,10.0,1176.29,30414.43,1311.6
2026-04-20,2.0,IEX,10.0,1320.7,25146.25,1591.4
2026-04-20,3.0,IEX,10.0,1648.1,19760.33,2025.1
2026-04-20,4.0,IEX,10.0,2272.05,19032.23,2726.25
2026-04-20,5.0,IEX,10.0,2719.78,19423.08,3270.58
2026-04-20,6.0,IEX,10.0,2654.97,21397.45,3285.18
2026-04-20,7.0,IEX,10.0,5008.75,24045.0,5723.85
2026-04-20,8.0,IEX,3.8466799999999997,7226.43,18593.5,13619.5
2026-04-20,9.0,IEX,2.1865,7516.63,14802.95,26921.25
2026-04-20,10.0,IEX,2.03857,7468.19,13753.33,34967.5
2026-04-20,11.0,IEX,1.6486500000000002,7834.51,12679.98,40482.08
2026-04-20,12.0,IEX,1.51559,7942.55,13042.98,44846.78
2026-04-20,13.0,IEX,1.33742,7993.67,13150.15,46356.23
2026-04-20,14.0,IEX,1.08862,8197.12,13401.45,46368.55
2026-04-20,15.0,IEX,1.7897100000000001,8895.18,15148.6,41088.25
2026-04-20,16.0,IEX,2.34306,8559.63,16767.6,35053.3
2026-04-20,17.0,IEX,2.9331300000000002,7537.93,18478.6,25905.73
2026-04-20,18.0,IEX,4.523560000000001,5634.33,17719.48,10134.75
2026-04-20,19.0,IEX,10.0,2506.53,23212.95,3315.43
2026-04-20,20.0,IEX,10.0,1313.59,33620.73,2122.5
2026-04-20,21.0,IEX,10.0,1675.12,32512.15,2484.03
2026-04-20,22.0,IEX,10.0,1697.15,38968.7,2506.05
2026-04-20,23.0,IEX,10.0,1382.93,47760.33,2191.85
2026-04-20,24.0,IEX,10.0,1265.72,51162.23,1753.83
2026-04-21,1.0,IEX,10.0,1255.5,34143.0,1390.8
2026-04-21,2.0,IEX,10.0,1435.65,26094.25,1706.35
2026-04-21,3.0,IEX,10.0,1711.94,19895.5,2088.95
2026-04-21,4.0,IEX,10.0,2268.34,17753.98,2722.55
2026-04-21,5.0,IEX,10.0,2699.75,18012.95,3250.55
2026-04-21,6.0,IEX,10.0,2669.48,18110.23,3299.68
2026-04-21,7.0,IEX,10.0,5088.0,20234.0,5803.1
2026-04-21,8.0,IEX,3.96252,6756.11,16567.4,13133.58
2026-04-21,9.0,IEX,2.10517,7649.05,13577.68,28208.28
2026-04-21,10.0,IEX,2.05454,7777.35,12998.83,34806.13
2026-04-21,11.0,IEX,1.71428,7473.55,11299.43,40411.53
2026-04-21,12.0,IEX,1.53725,7633.48,11879.28,44786.7
2026-04-21,13.0,IEX,1.52315,8349.02,12545.08,46254.65
2026-04-21,14.0,IEX,1.48953,8782.3,13016.48,46546.88
2026-04-21,15.0,IEX,1.91248,9743.38,15047.8,41270.68
2026-04-21,16.0,IEX,2.46158,9015.75,16113.63,33205.78
2026-04-21,17.0,IEX,3.1096500000000002,7884.78,17709.53,22891.63
2026-04-21,18.0,IEX,4.65395,5699.9,16316.03,10545.78
2026-04-21,19.0,IEX,9.000219999999999,2537.5,21254.15,3379.38
2026-04-21,20.0,IEX,10.0,1211.26,29270.45,2020.18
2026-04-21,21.0,IEX,10.0,1417.92,31675.25,2226.83
2026-04-21,22.0,IEX,10.0,1427.77,37166.13,2236.68
2026-04-21,23.0,IEX,10.0,1323.82,41119.1,2132.73
2026-04-21,24.0,IEX,10.0,1289.35,44229.15,1777.45
2026-04-22,1.0,IEX,10.0,1218.44,37662.63,1420.7
2026-04-22,2.0,IEX,10.0,1706.3,28009.48,2100.95
2026-04-22,3.0,IEX,10.0,1995.82,21982.8,2562.08
2026-04-22,4.0,IEX,10.0,2221.4,20819.28,2922.45
2026-04-22,5.0,IEX,10.0,2300.07,20357.43,3145.88
2026-04-22,6.0,IEX,10.0,2691.04,19660.18,3652.05
2026-04-22,7.0,IEX,10.0,5097.4,20723.93,6163.8
2026-04-22,8.0,IEX,3.7576,6564.75,18352.93,13157.1
2026-04-22,9.0,IEX,2.2105300000000003,7448.45,15394.05,27514.78
2026-04-22,10.0,IEX,2.17602,7590.76,15344.53,34836.58
2026-04-22,11.0,IEX,1.65842,7809.85,14730.53,41470.1
2026-04-22,12.0,IEX,1.5228199999999998,7662.83,14446.33,44829.93
2026-04-22,13.0,IEX,1.4298199999999999,8095.91,14628.6,47568.03
2026-04-22,14.0,IEX,1.09651,8496.24,14714.73,46984.33
2026-04-22,15.0,IEX,1.6506800000000001,9574.82,16278.63,41977.08
2026-04-22,16.0,IEX,2.23719,9893.13,18323.55,34582.35
2026-04-22,17.0,IEX,3.06697,8938.18,19344.03,24119.18
2026-04-22,18.0,IEX,5.14907,7222.7,18657.73,11259.13
2026-04-22,19.0,IEX,9.17,2715.75,22133.03,3942.2
2026-04-22,20.0,IEX,10.0,1195.99,36055.98,2374.2
2026-04-22,21.0,IEX,10.0,1200.33,37863.45,2378.53
2026-04-22,22.0,IEX,10.0,1223.71,41736.08,2401.93
2026-04-22,23.0,IEX,10.0,1258.2,47623.78,2386.68
2026-04-22,24.0,IEX,10.0,1198.37,50136.55,1863.08
2026-04-23,1.0,IEX,10.0,1331.45,39369.68,1533.73
2026-04-23,2.0,IEX,10.0,1669.9,29645.75,2064.55
2026-04-23,3.0,IEX,10.0,2109.9,20798.63,2676.15
2026-04-23,4.0,IEX,10.0,2664.87,18612.68,3365.93
2026-04-23,5.0,IEX,10.0,2971.75,18578.35,3817.55
2026-04-23,6.0,IEX,10.0,3006.22,19002.18,3967.23
2026-04-23,7.0,IEX,9.74984,5055.35,20676.43,6239.38
2026-04-23,8.0,IEX,3.73244,5982.85,17973.15,13235.1
2026-04-23,9.0,IEX,2.2354600000000002,7445.8,15329.78,28523.35
2026-04-23,10.0,IEX,2.1206199999999997,7954.3,14504.53,35586.13
2026-04-23,11.0,IEX,1.65776,8647.35,13773.63,42929.58
2026-04-23,12.0,IEX,1.0863099999999999,8222.67,13264.28,46337.58
2026-04-23,13.0,IEX,1.00089,7828.47,12941.3,48805.85
2026-04-23,14.0,IEX,1.00121,8071.54,13014.28,47732.55
2026-04-23,15.0,IEX,1.51183,8857.41,14257.8,41585.38
2026-04-23,16.0,IEX,2.34518,8357.02,16625.08,31949.83
2026-04-23,17.0,IEX,3.09236,8004.77,18028.23,24399.83
2026-04-23,18.0,IEX,5.574229999999999,5725.6,16448.18,10334.23
2026-04-23,19.0,IEX,10.0,2661.62,19429.98,3939.83
2026-04-23,20.0,IEX,10.0,1248.47,32797.35,2426.68
2026-04-23,21.0,IEX,10.0,1407.22,33650.73,2585.43
2026-04-23,22.0,IEX,10.0,1540.0,40150.08,2718.2
2026-04-23,23.0,IEX,10.0,1312.14,47551.8,2440.63
2026-04-23,24.0,IEX,10.0,1298.27,48109.33,1962.98
2026-04-24,1.0,IEX,10.0,1055.05,46119.55,1296.0
2026-04-24,2.0,IEX,10.0,1288.41,41217.35,1759.18
2026-04-24,3.0,IEX,10.0,1511.67,31104.35,2210.93
2026-04-24,4.0,IEX,10.0,1979.52,27872.68,2873.88
2026-04-24,5.0,IEX,10.0,2461.95,27398.48,3549.35
2026-04-24,6.0,IEX,10.0,2364.81,28002.18,3619.43
2026-04-24,7.0,IEX,10.0,4531.44,28389.75,5941.45
2026-04-24,8.0,IEX,4.17389,6321.37,20020.35,11987.43
2026-04-24,9.0,IEX,2.69652,6417.82,16814.38,25785.9
2026-04-24,10.0,IEX,2.4281599999999997,6813.1,15787.88,31913.0
2026-04-24,11.0,IEX,2.01978,7917.96,14599.93,37239.5
2026-04-24,12.0,IEX,1.9541,8943.78,15137.73,40960.8
2026-04-24,13.0,IEX,1.69005,9170.9,15202.35,44112.63
2026-04-24,14.0,IEX,1.5776400000000002,9144.1,15683.5,45111.6
2026-04-24,15.0,IEX,2.09914,9983.84,18339.88,41843.08
2026-04-24,16.0,IEX,2.66189,9467.95,20046.55,33332.1
2026-04-24,17.0,IEX,3.30119,8077.78,20583.4,23042.58
2026-04-24,18.0,IEX,7.37629,5897.43,20082.05,8570.58
2026-04-24,19.0,IEX,10.0,2327.02,25984.45,3874.63
2026-04-24,20.0,IEX,10.0,916.75,46718.4,2464.38
2026-04-24,21.0,IEX,10.0,1115.35,49594.3,2662.95
2026-04-24,22.0,IEX,10.0,1161.7,51769.75,2709.3
2026-04-24,23.0,IEX,10.0,1112.04,57634.73,2609.93
2026-04-24,24.0,IEX,10.0,1106.62,63485.98,1987.98
2026-04-25,1.0,IEX,10.0,879.34,55501.08,1120.3
2026-04-25,2.0,IEX,10.0,1073.49,51115.88,1544.25
2026-04-25,3.0,IEX,10.0,1109.15,37182.35,1808.4
2026-04-25,4.0,IEX,10.0,1393.69,32624.5,2288.05
2026-04-25,5.0,IEX,10.0,1580.6,31168.83,2668.0
2026-04-25,6.0,IEX,10.0,1607.72,23530.85,2862.33
2026-04-25,7.0,IEX,10.0,1761.17,22909.28,3171.18
2026-04-25,8.0,IEX,5.9622,4744.3,17584.23,8611.0
2026-04-25,9.0,IEX,2.96468,6088.13,15334.25,19739.2
2026-04-25,10.0,IEX,2.5409499999999996,7231.73,14817.58,27937.75
2026-04-25,11.0,IEX,2.0725700000000002,7806.05,14026.5,34695.9
2026-04-25,12.0,IEX,1.78145,8754.55,14200.95,38533.68
2026-04-25,13.0,IEX,1.56982,9072.22,14552.6,41282.4
2026-04-25,14.0,IEX,1.54249,9133.65,15153.35,42151.6
2026-04-25,15.0,IEX,2.20832,9240.7,17392.58,38037.0
2026-04-25,16.0,IEX,3.0588699999999998,9074.95,18922.68,29151.78
2026-04-25,17.0,IEX,3.51567,8546.83,18669.2,19422.93
2026-04-25,18.0,IEX,7.162439999999999,6240.48,18045.2,8780.55
2026-04-25,19.0,IEX,10.0,2103.03,21614.7,3850.65
2026-04-25,20.0,IEX,10.0,736.52,35135.28,2284.15
2026-04-25,21.0,IEX,10.0,881.75,40640.78,2429.35
2026-04-25,22.0,IEX,10.0,874.59,53978.73,2422.2
2026-04-25,23.0,IEX,10.0,841.35,57984.4,2339.23
2026-04-25,24.0,IEX,10.0,838.09,58700.53,1719.45
2026-04-26,1.0,IEX,10.0,777.41,51237.73,952.33
2026-04-26,2.0,IEX,10.0,944.64,46609.83,1281.35
2026-04-26,3.0,IEX,10.0,937.62,33644.68,1420.15
2026-04-26,4.0,IEX,10.0,1141.7,31960.75,1741.0
2026-04-26,5.0,IEX,10.0,1445.33,29708.48,2167.58
2026-04-26,6.0,IEX,10.0,1543.11,25180.83,2357.93
2026-04-26,7.0,IEX,10.0,1928.02,15892.83,2827.73
2026-04-26,8.0,IEX,4.62021,4790.72,14395.05,8655.45
2026-04-26,9.0,IEX,2.45066,6882.6,12968.23,19770.88
2026-04-26,10.0,IEX,2.3926100000000003,7614.95,13377.78,28683.7
2026-04-26,11.0,IEX,1.5911600000000001,7716.5,12325.35,35578.4
2026-04-26,12.0,IEX,1.48253,7192.1,11860.33,40101.25
2026-04-26,13.0,IEX,1.00176,7128.47,11962.35,41916.83
2026-04-26,14.0,IEX,1.00165,7204.35,12553.1,42248.63
2026-04-26,15.0,IEX,1.6437899999999999,7792.41,13967.83,38097.88
2026-04-26,16.0,IEX,2.66025,8080.2,15052.45,28933.38
2026-04-26,17.0,IEX,3.0970500000000003,7643.49,15287.28,21613.18
2026-04-26,18.0,IEX,4.1544099999999995,5710.98,14838.13,10212.88
2026-04-26,19.0,IEX,9.000219999999999,2422.01,16111.5,3823.8
2026-04-26,20.0,IEX,10.0,882.77,34114.88,1876.28
2026-04-26,21.0,IEX,10.0,1057.35,39804.53,2050.85
2026-04-26,22.0,IEX,10.0,1497.19,49685.55,2490.7
2026-04-26,23.0,IEX,10.0,995.98,53310.68,1936.78
2026-04-26,24.0,IEX,10.0,869.79,55918.95,1423.9
2026-04-27,1.0,IEX,10.0,974.57,51567.68,1149.48
2026-04-27,2.0,IEX,10.0,1864.42,50285.75,2201.13
2026-04-27,3.0,IEX,10.0,2082.7,34783.98,2565.23
2026-04-27,4.0,IEX,10.0,2489.52,33732.65,3088.83
2026-04-27,5.0,IEX,10.0,2731.35,32895.0,3453.6
2026-04-27,6.0,IEX,10.0,2409.37,27699.88,3224.18
2026-04-27,7.0,IEX,10.0,2545.94,17935.83,3445.65
2026-04-27,8.0,IEX,5.92912,5253.15,17617.45,8900.28
2026-04-27,9.0,IEX,3.27759,6722.58,16115.48,18871.15
2026-04-27,10.0,IEX,3.09393,7053.54,17291.45,25625.5
2026-04-27,11.0,IEX,2.43377,7338.43,16328.8,30743.48
2026-04-27,12.0,IEX,2.1992399999999996,7886.05,16487.1,35128.55
2026-04-27,13.0,IEX,2.07473,8576.58,16929.9,36932.55
2026-04-27,14.0,IEX,2.0933699999999997,8498.62,17293.38,36669.55
2026-04-27,15.0,IEX,2.61806,8663.87,18768.23,31371.85
2026-04-27,16.0,IEX,3.3834400000000002,9401.02,20865.28,22489.55
2026-04-27,17.0,IEX,3.95373,9249.6,22508.38,14588.93
2026-04-27,18.0,IEX,8.82749,5998.25,22330.45,7329.28
2026-04-27,19.0,IEX,10.0,2040.0,27035.98,3033.5
2026-04-27,20.0,IEX,10.0,747.84,46503.13,1741.35
2026-04-27,21.0,IEX,10.0,874.72,49590.75,1868.23
2026-04-27,22.0,IEX,10.0,981.63,56597.5,1975.15
2026-04-27,23.0,IEX,10.0,907.76,63683.35,1848.58
2026-04-27,24.0,IEX,10.0,930.69,66801.78,1484.8
2026-04-28,1.0,IEX,10.0,1012.99,47519.93,1226.6
2026-04-28,2.0,IEX,10.0,1269.2,39749.1,1682.1
2026-04-28,3.0,IEX,10.0,1448.24,24489.1,2063.78
2026-04-28,4.0,IEX,10.0,1937.47,22850.23,2730.18
2026-04-28,5.0,IEX,10.0,2428.37,22020.95,3392.23
2026-04-28,6.0,IEX,10.0,2469.39,19983.0,3577.8
2026-04-28,7.0,IEX,10.0,2428.9,16857.23,3672.2
2026-04-28,8.0,IEX,4.17229,5515.65,16010.03,10764.15
2026-04-28,9.0,IEX,2.66048,6835.68,15327.78,22963.25
2026-04-28,10.0,IEX,2.4963,7560.48,15581.3,29836.9
2026-04-28,11.0,IEX,2.11078,7992.77,13996.05,35310.85
2026-04-28,12.0,IEX,1.9853699999999999,8740.26,14206.15,39295.23
2026-04-28,13.0,IEX,1.8046099999999998,8851.93,14178.58,40311.2
2026-04-28,14.0,IEX,1.7473299999999998,9091.29,14614.88,40713.1
2026-04-28,15.0,IEX,2.32365,8949.03,16376.95,34378.7
2026-04-28,16.0,IEX,3.29208,9170.74,18585.13,24272.25
2026-04-28,17.0,IEX,3.68698,9244.98,20069.83,17290.58
2026-04-28,18.0,IEX,6.07023,6660.65,18195.48,9822.63
2026-04-28,19.0,IEX,10.0,2762.16,19557.7,4262.58
2026-04-28,20.0,IEX,10.0,989.92,34874.03,2352.83
2026-04-28,21.0,IEX,10.0,1222.27,33939.95,2585.18
2026-04-28,22.0,IEX,10.0,1376.87,44731.73,2739.78
2026-04-28,23.0,IEX,10.0,1190.03,48920.38,2500.25
2026-04-28,24.0,IEX,10.0,1037.94,49028.65,1808.75
2026-04-29,1.0,IEX,10.0,2041.72,20439.08,2543.93
2026-04-29,2.0,IEX,10.0,2518.8,15709.28,3407.7
2026-04-29,3.0,IEX,10.0,3013.72,13799.93,4262.05
2026-04-29,4.0,IEX,9.265139999999999,3467.87,13576.83,5454.18
2026-04-29,5.0,IEX,8.06347,3547.0,13066.55,6094.75
2026-04-29,6.0,IEX,9.51792,3629.98,13383.08,5531.88
2026-04-29,7.0,IEX,6.40209,4816.8,13667.28,7779.1
2026-04-29,8.0,IEX,3.30983,5984.36,13626.03,18798.68
2026-04-29,9.0,IEX,2.0989,7146.6,12115.05,32142.23
2026-04-29,10.0,IEX,2.1940399999999998,7170.89,11804.03,39082.03
2026-04-29,11.0,IEX,1.9208800000000001,7620.9,11014.45,44089.88
2026-04-29,12.0,IEX,1.5915899999999998,8301.18,11079.4,47953.43
2026-04-29,13.0,IEX,1.5799400000000001,8428.09,11186.53,49109.45
2026-04-29,14.0,IEX,1.64717,8421.9,11239.65,47585.7
2026-04-29,15.0,IEX,2.20198,8530.2,12729.43,40700.55
2026-04-29,16.0,IEX,3.0229,8651.88,14894.6,30459.5
2026-04-29,17.0,IEX,3.31242,8199.12,16030.25,22760.2
2026-04-29,18.0,IEX,3.92442,6099.66,14915.25,12525.48
2026-04-29,19.0,IEX,8.69275,3789.77,15887.73,5893.0
2026-04-29,20.0,IEX,10.0,1610.09,19025.8,3342.4
2026-04-29,21.0,IEX,10.0,1422.25,18188.55,3154.55
2026-04-29,22.0,IEX,10.0,1752.87,24108.08,3485.18
2026-04-29,23.0,IEX,10.0,1455.55,26916.63,3135.15
2026-04-29,24.0,IEX,10.0,1181.55,27258.75,2168.95
2026-04-30,1.0,IEX,10.0,1415.6,18086.2,1667.8
2026-04-30,2.0,IEX,10.0,1785.9,14126.13,2274.8
2026-04-30,3.0,IEX,9.25294,2352.92,11091.2,3330.43
2026-04-30,4.0,IEX,6.78759,2412.73,10401.98,4588.5
2026-04-30,5.0,IEX,5.50145,2490.15,10090.95,5151.73
2026-04-30,6.0,IEX,6.52081,2791.93,10787.0,5144.65
2026-04-30,7.0,IEX,5.27658,4684.25,12043.03,8108.98
2026-04-30,8.0,IEX,2.9231,5343.53,10817.75,18931.05
2026-04-30,9.0,IEX,1.79353,6501.56,8668.95,33903.98
2026-04-30,10.0,IEX,1.9490999999999998,6299.55,8712.8,39936.98
2026-04-30,11.0,IEX,1.66154,7135.73,8056.38,44594.35
2026-04-30,12.0,IEX,1.51636,7005.35,7701.78,47001.78
2026-04-30,13.0,IEX,1.51551,6780.33,7615.75,47420.15
2026-04-30,14.0,IEX,1.55073,7073.32,8000.7,47137.9
2026-04-30,15.0,IEX,1.9739,7661.97,9624.8,40865.63
2026-04-30,16.0,IEX,2.67288,7713.3,10483.18,29941.75
2026-04-30,17.0,IEX,2.94249,6288.57,11308.78,22131.18
2026-04-30,18.0,IEX,3.1107199999999997,5035.68,10683.7,12583.23
2026-04-30,19.0,IEX,7.1417399999999995,2596.02,10547.33,5028.3
2026-04-30,20.0,IEX,10.0,1442.15,13961.9,3187.95
2026-04-30,21.0,IEX,10.0,1410.15,14500.2,3142.45
2026-04-30,22.0,IEX,10.0,1859.05,16593.75,3591.35
2026-04-30,23.0,IEX,10.0,1361.65,23203.93,3041.25
2026-04-30,24.0,IEX,10.0,1322.05,24452.48,2309.45
2026-05-01,1.0,IEX,10.0,3919.34,10298.7,4171.55
2026-05-01,2.0,IEX,9.37486,4103.65,8787.58,4709.63
2026-05-01,3.0,IEX,5.10903,4415.53,8193.28,6639.33
2026-05-01,4.0,IEX,4.64508,4636.23,8359.2,8621.35
2026-05-01,5.0,IEX,4.45213,4258.83,7694.65,9239.8
2026-05-01,6.0,IEX,4.21168,4282.1,7309.85,10759.85
2026-05-01,7.0,IEX,3.5822399999999996,5193.38,7306.65,15074.03
2026-05-01,8.0,IEX,0.91237,3648.97,5058.25,26588.9
2026-05-01,9.0,IEX,0.29935,3025.63,4270.03,40367.15
2026-05-01,10.0,IEX,0.27403,3646.1,4690.5,47219.6
2026-05-01,11.0,IEX,0.27420999999999995,3527.58,3571.98,49380.8
2026-05-01,12.0,IEX,0.2489,3327.73,3372.13,50241.45
2026-05-01,13.0,IEX,0.24884,3207.13,3251.53,50745.23
2026-05-01,14.0,IEX,0.2489,3366.33,3410.73,50293.2
2026-05-01,15.0,IEX,0.30010000000000003,4084.02,4128.55,42840.4
2026-05-01,16.0,IEX,1.68151,4939.85,5173.9,34742.3
2026-05-01,17.0,IEX,0.30073,5004.43,6055.13,28167.73
2026-05-01,18.0,IEX,0.93971,4762.13,5900.93,17334.2
2026-05-01,19.0,IEX,3.5812,3673.58,5435.7,9680.03
2026-05-01,20.0,IEX,7.14756,4085.03,7521.8,6568.85
2026-05-01,21.0,IEX,8.92225,3926.95,7269.1,5939.45
2026-05-01,22.0,IEX,10.0,4009.12,8219.85,5742.23
2026-05-01,23.0,IEX,10.0,3362.24,10326.75,5040.08
2026-05-01,24.0,IEX,10.0,2905.3,9136.58,3892.7
2026-05-02,1.0,IEX,2.94135,3985.35,9359.45,9875.9
2026-05-02,2.0,IEX,2.82077,4190.65,9507.33,12016.1
2026-05-02,3.0,IEX,2.82027,4036.9,9315.03,13360.85
2026-05-02,4.0,IEX,2.82983,3869.83,9172.03,13360.3
2026-05-02,5.0,IEX,2.8206599999999997,4051.6,9246.15,14156.55
2026-05-02,6.0,IEX,2.83428,4065.17,8955.55,14236.78
2026-05-02,7.0,IEX,2.8692800000000003,5959.6,10317.7,18276.4
2026-05-02,8.0,IEX,1.403,4763.37,6957.38,26631.28
2026-05-02,9.0,IEX,0.20058,4074.32,5414.83,42544.28
2026-05-02,10.0,IEX,0.20081,4551.6,5692.1,47741.33
2026-05-02,11.0,IEX,0.20069,4744.95,4885.93,52397.75
2026-05-02,12.0,IEX,0.20028,4360.81,4501.63,55323.65
2026-05-02,13.0,IEX,0.20026,4390.32,4528.63,55910.95
2026-05-02,14.0,IEX,0.20038,4682.89,4821.25,54800.35
2026-05-02,15.0,IEX,0.2501,5107.9,5246.45,47191.63
2026-05-02,16.0,IEX,1.35868,5976.81,6294.98,37944.25
2026-05-02,17.0,IEX,1.21622,6523.81,7944.85,30996.75
2026-05-02,18.0,IEX,2.3975,6306.4,10023.85,21116.55
2026-05-02,19.0,IEX,3.16798,5799.88,10349.65,12790.7
2026-05-02,20.0,IEX,5.4814099999999994,6659.84,13327.7,9804.3
2026-05-02,21.0,IEX,8.01708,6285.45,13621.33,9116.03
2026-05-02,22.0,IEX,10.0,6423.92,14740.58,8586.73
2026-05-02,23.0,IEX,10.0,6103.6,15763.48,8200.13
2026-05-02,24.0,IEX,10.0,5597.05,14448.9,6950.13
2026-05-03,1.0,IEX,3.9996300000000002,5957.28,13245.0,10265.03
2026-05-03,2.0,IEX,3.68027,5980.65,12490.6,11845.75
2026-05-03,3.0,IEX,3.39757,5925.96,11889.2,13043.05
2026-05-03,4.0,IEX,3.4504699999999997,5622.81,11608.8,13064.23
2026-05-03,5.0,IEX,3.47916,5637.25,11513.53,13926.58
2026-05-03,6.0,IEX,3.37363,5531.73,11030.95,14756.2
2026-05-03,7.0,IEX,3.33579,6558.63,11826.95,20010.05
2026-05-03,8.0,IEX,2.31824,5808.48,9949.3,28593.88
2026-05-03,9.0,IEX,0.21268,5936.84,7487.83,45264.33
2026-05-03,10.0,IEX,0.19981000000000002,5307.54,6572.85,53025.28
2026-05-03,11.0,IEX,0.19788,5535.82,5538.43,57344.75
2026-05-03,12.0,IEX,0.09974,4856.09,4858.1,59523.93
2026-05-03,13.0,IEX,0.09961,4247.07,4249.08,61160.2
2026-05-03,14.0,IEX,0.0996,4131.5,4133.5,60378.85
2026-05-03,15.0,IEX,0.17545,4576.11,4578.7,52905.35
2026-05-03,16.0,IEX,0.40656,5249.13,5302.25,43597.73
2026-05-03,17.0,IEX,0.27581,5299.25,6334.48,36923.5
2026-05-03,18.0,IEX,0.98258,5515.18,6869.13,25591.4
2026-05-03,19.0,IEX,2.56724,5256.53,8951.73,18798.0
2026-05-03,20.0,IEX,3.4651,5717.31,10754.35,15809.93
2026-05-03,21.0,IEX,3.77617,5215.15,10609.3,14124.85
2026-05-03,22.0,IEX,3.96581,5263.55,10808.23,13543.15
2026-05-03,23.0,IEX,4.09872,5416.85,11961.15,12516.6
2026-05-03,24.0,IEX,4.388229999999999,5595.78,12537.88,10294.2
2026-05-04,1.0,IEX,4.58334,8012.78,15147.55,11206.5
2026-05-04,2.0,IEX,4.19946,7321.0,14240.43,12427.18
2026-05-04,3.0,IEX,3.74636,6945.35,13434.43,13592.05
2026-05-04,4.0,IEX,3.5091799999999997,6789.21,12892.13,15174.95
2026-05-04,5.0,IEX,3.48712,6836.85,12882.3,16450.1
2026-05-04,6.0,IEX,3.7237199999999997,7777.93,13610.83,16908.98
2026-05-04,7.0,IEX,3.2103699999999997,8716.06,13560.58,20643.58
2026-05-04,8.0,IEX,1.87885,6095.78,8914.18,29416.13
2026-05-04,9.0,IEX,0.30065,4855.02,6335.28,45121.88
2026-05-04,10.0,IEX,0.30075,5826.92,7250.93,53643.4
2026-05-04,11.0,IEX,0.30072000000000004,5877.2,6320.5,57096.55
2026-05-04,12.0,IEX,0.30048,5370.83,5814.13,58804.03
2026-05-04,13.0,IEX,0.30044,5140.13,5583.43,58965.65
2026-05-04,14.0,IEX,0.30046,5262.93,5706.23,57749.78
2026-05-04,15.0,IEX,0.42548,5563.3,6091.05,49781.83
2026-05-04,16.0,IEX,1.28053,6199.22,6976.38,42020.1
2026-05-04,17.0,IEX,1.73148,6721.83,8552.75,34677.65
2026-05-04,18.0,IEX,2.1229400000000003,6609.9,9132.1,22316.38
2026-05-04,19.0,IEX,3.4977600000000004,8572.7,12899.0,17372.55
2026-05-04,20.0,IEX,3.88306,10713.34,15641.43,16509.0
2026-05-04,21.0,IEX,3.889,9090.64,13956.28,14761.7
2026-05-04,22.0,IEX,3.8605,8792.15,13678.9,14475.73
2026-05-04,23.0,IEX,4.70041,9045.72,15573.88,13248.93
2026-05-04,24.0,IEX,6.2521,8330.85,15447.1,10964.48
2026-05-05,1.0,IEX,4.22283,7386.6,13705.38,12319.53
2026-05-05,2.0,IEX,3.73478,7328.58,13116.95,13611.48
2026-05-05,3.0,IEX,3.57037,7426.56,13059.95,14581.53
2026-05-05,4.0,IEX,3.41996,6755.93,12233.53,15489.9
2026-05-05,5.0,IEX,3.31633,6543.27,11993.4,16527.75
2026-05-05,6.0,IEX,3.39807,7718.79,12860.83,16223.08
2026-05-05,7.0,IEX,3.13348,8316.71,12606.73,17514.08
2026-05-05,8.0,IEX,1.88302,6304.33,9570.65,28993.63
2026-05-05,9.0,IEX,0.39975,5837.53,7631.25,46594.43
2026-05-05,10.0,IEX,0.40038999999999997,6769.23,8437.58,56499.3
2026-05-05,11.0,IEX,0.32456999999999997,6892.58,8383.83,59616.75
2026-05-05,12.0,IEX,0.20094,6716.79,8145.68,59334.88
2026-05-05,13.0,IEX,0.20087,6624.4,7344.8,58097.18
2026-05-05,14.0,IEX,0.31801999999999997,6900.12,7661.85,57016.75
2026-05-05,15.0,IEX,1.23896,7553.1,9498.38,50787.4
2026-05-05,16.0,IEX,1.98535,9004.08,10829.48,40818.18
2026-05-05,17.0,IEX,2.01401,8541.64,9998.45,32216.2
2026-05-05,18.0,IEX,2.34564,6635.52,9830.33,18410.88
2026-05-05,19.0,IEX,4.30013,7652.9,12281.55,12883.03
2026-05-05,20.0,IEX,5.875310000000001,7829.21,14274.35,10934.73
2026-05-05,21.0,IEX,5.6087,7639.92,13340.03,10981.08
2026-05-05,22.0,IEX,5.5622,7833.0,13709.35,11271.25
2026-05-05,23.0,IEX,8.99994,8002.98,15391.53,10658.15
2026-05-05,24.0,IEX,10.0,6988.47,15482.88,8678.85
2026-05-06,1.0,IEX,4.13802,7376.72,14649.88,11729.8
2026-05-06,2.0,IEX,3.63237,7399.05,14022.15,13320.95
2026-05-06,3.0,IEX,3.51854,7006.17,13432.5,13861.13
2026-05-06,4.0,IEX,3.44474,6650.88,12723.6,14860.58
2026-05-06,5.0,IEX,3.4391,6598.91,12611.8,15618.93
2026-05-06,6.0,IEX,3.62568,7238.39,13627.88,15170.58
2026-05-06,7.0,IEX,3.40388,8111.69,13621.25,17245.65
2026-05-06,8.0,IEX,2.40073,6004.45,9721.05,26010.15
2026-05-06,9.0,IEX,0.67469,5553.6,7036.0,43430.33
2026-05-06,10.0,IEX,0.43942000000000003,6110.93,7417.0,54389.05
2026-05-06,11.0,IEX,0.24953999999999998,6210.55,7434.45,57562.3
2026-05-06,12.0,IEX,0.24944,6088.23,7262.13,58586.53
2026-05-06,13.0,IEX,0.24938,5891.5,6365.4,56426.43
2026-05-06,14.0,IEX,0.24944999999999998,6001.53,6475.43,55112.63
2026-05-06,15.0,IEX,1.0884200000000002,6998.27,8469.7,46967.28
2026-05-06,16.0,IEX,2.19902,7824.09,10331.85,35893.58
2026-05-06,17.0,IEX,2.44836,7427.45,9958.55,27539.53
2026-05-06,18.0,IEX,2.86602,6115.88,10887.33,16092.43
2026-05-06,19.0,IEX,5.51542,5516.65,13058.75,10403.78
2026-05-06,20.0,IEX,9.87467,5671.12,15341.48,8988.25
2026-05-06,21.0,IEX,9.24963,5198.41,13513.4,8666.43
2026-05-06,22.0,IEX,9.37237,5591.95,13258.55,8990.85
2026-05-06,23.0,IEX,10.0,5700.8,14917.18,8846.93
2026-05-06,24.0,IEX,10.0,5399.17,14738.68,7643.55
2026-05-07,1.0,IEX,4.3070900000000005,5450.55,13573.63,9415.58
2026-05-07,2.0,IEX,3.67234,5610.35,13114.1,10504.45
2026-05-07,3.0,IEX,3.35082,5667.9,12667.5,11911.45
2026-05-07,4.0,IEX,3.17503,5444.98,12302.78,13285.8
2026-05-07,5.0,IEX,3.28247,5559.8,12499.2,14025.3
2026-05-07,6.0,IEX,3.36952,6057.18,12856.35,14171.0
2026-05-07,7.0,IEX,3.20381,7008.86,13083.45,17108.45
2026-05-07,8.0,IEX,2.12867,6025.02,10528.25,26435.0
2026-05-07,9.0,IEX,1.3776700000000002,5829.14,8285.45,45011.95
2026-05-07,10.0,IEX,1.06398,5943.75,8738.53,56696.45
2026-05-07,11.0,IEX,1.00089,6464.44,9330.58,60043.93
2026-05-07,12.0,IEX,0.5002,6853.25,8904.33,61536.53
2026-05-07,13.0,IEX,0.21059,6642.59,7919.05,60746.15
2026-05-07,14.0,IEX,0.55023,6583.68,7952.1,58729.85
2026-05-07,15.0,IEX,1.2496500000000001,7693.88,9911.45,50624.75
2026-05-07,16.0,IEX,1.99044,8249.62,11086.4,39357.68
2026-05-07,17.0,IEX,2.2714000000000003,8518.45,12101.95,30639.15
2026-05-07,18.0,IEX,2.73989,6642.4,11545.88,17610.08
2026-05-07,19.0,IEX,5.26172,5834.58,12194.98,10497.35
2026-05-07,20.0,IEX,10.0,5340.12,14353.2,7556.13
2026-05-07,21.0,IEX,9.82478,4887.37,13632.35,7225.05
2026-05-07,22.0,IEX,7.8555399999999995,4371.33,13343.68,7285.78
2026-05-07,23.0,IEX,10.0,4565.9,14352.98,6715.43
2026-05-07,24.0,IEX,10.0,4461.55,14564.9,6000.83
2026-05-08,1.0,IEX,5.31234,6549.72,16391.73,8616.28
2026-05-08,2.0,IEX,4.90226,7020.35,16124.43,9571.83
2026-05-08,3.0,IEX,4.308770000000001,6575.89,15181.25,10610.38
2026-05-08,4.0,IEX,3.7904,6161.45,14305.25,11219.9
2026-05-08,5.0,IEX,3.60375,6263.98,14083.28,12056.98
2026-05-08,6.0,IEX,3.83869,6669.98,14710.45,12528.28
2026-05-08,7.0,IEX,3.3806,7579.85,14131.25,15651.75
2026-05-08,8.0,IEX,2.29521,6613.65,10620.85,24776.43
2026-05-08,9.0,IEX,1.5098699999999998,6984.42,9734.55,42122.15
2026-05-08,10.0,IEX,0.97339,7342.08,10488.25,53809.38
2026-05-08,11.0,IEX,1.00089,7204.43,10703.3,56784.75
2026-05-08,12.0,IEX,0.7308300000000001,7272.78,10609.98,58869.88
2026-05-08,13.0,IEX,0.7304700000000001,7148.98,9336.35,58139.4
2026-05-08,14.0,IEX,0.25318999999999997,6703.46,8151.9,57333.45
2026-05-08,15.0,IEX,1.45932,8133.23,10755.35,50608.45
2026-05-08,16.0,IEX,2.23952,9096.33,13152.73,39575.4
2026-05-08,17.0,IEX,2.80806,9261.38,13371.15,29628.48
2026-05-08,18.0,IEX,3.4191,7478.87,12374.93,17681.85
2026-05-08,19.0,IEX,5.9840100000000005,7112.48,14083.03,10947.48
2026-05-08,20.0,IEX,10.0,5670.95,15913.9,7626.85
2026-05-08,21.0,IEX,10.0,5150.72,14199.05,7093.13
2026-05-08,22.0,IEX,9.37242,4785.8,13235.5,6821.3
2026-05-08,23.0,IEX,10.0,4893.81,15233.63,6783.25
2026-05-08,24.0,IEX,10.0,4911.35,15967.2,6266.73
2026-05-09,1.0,IEX,5.95048,6469.52,15821.88,8684.93
2026-05-09,2.0,IEX,4.98924,6731.05,15098.68,9780.83
2026-05-09,3.0,IEX,4.37533,6409.08,14289.43,11339.58
2026-05-09,4.0,IEX,4.10677,5938.66,13401.0,12789.0
2026-05-09,5.0,IEX,4.12042,6256.16,13602.88,13233.75
2026-05-09,6.0,IEX,4.16282,6625.4,13874.53,12844.55
2026-05-09,7.0,IEX,3.54653,7570.97,13524.33,16914.95
2026-05-09,8.0,IEX,2.5003800000000003,6412.97,10817.38,25749.75
2026-05-09,9.0,IEX,1.40717,6455.17,8752.7,42032.15
2026-05-09,10.0,IEX,1.3649200000000001,6829.6,9673.98,54880.65
2026-05-09,11.0,IEX,1.05694,7577.05,10621.2,59559.0
2026-05-09,12.0,IEX,1.00137,7401.63,10336.48,59607.83
2026-05-09,13.0,IEX,1.00122,7550.83,9794.43,58696.83
2026-05-09,14.0,IEX,1.00143,7705.93,8894.48,57278.93
2026-05-09,15.0,IEX,1.5062200000000001,8891.73,11319.8,49406.4
2026-05-09,16.0,IEX,2.07539,8826.65,11556.6,39502.38
2026-05-09,17.0,IEX,2.31348,7973.04,11616.08,31719.08
2026-05-09,18.0,IEX,3.07712,7268.03,11912.2,20551.45
2026-05-09,19.0,IEX,4.73758,7825.52,13366.83,13474.8
2026-05-09,20.0,IEX,8.928700000000001,6750.07,15031.2,9247.38
2026-05-09,21.0,IEX,9.87483,5329.47,13847.8,7552.78
2026-05-09,22.0,IEX,8.04544,5364.48,13477.85,8112.68
2026-05-09,23.0,IEX,9.749870000000001,6357.47,14959.83,8472.98
2026-05-09,24.0,IEX,10.0,5463.91,15109.1,7045.13
2026-05-10,1.0,IEX,7.87471,6497.33,14705.05,7554.38
2026-05-10,2.0,IEX,5.2096,6960.84,13356.25,8597.83
2026-05-10,3.0,IEX,4.76228,6679.32,12872.3,10066.4
2026-05-10,4.0,IEX,4.0868899999999995,6244.27,12201.73,11576.98
2026-05-10,5.0,IEX,3.9616700000000002,6284.81,12002.33,12623.0
2026-05-10,6.0,IEX,3.68018,6194.14,11659.45,12682.33
2026-05-10,7.0,IEX,3.32842,6128.55,10874.25,17161.13
2026-05-10,8.0,IEX,1.73377,5833.75,9068.15,27227.8
2026-05-10,9.0,IEX,0.20065,5954.83,7224.0,45253.7
2026-05-10,10.0,IEX,0.20061,7164.89,8234.05,57527.9
2026-05-10,11.0,IEX,0.20063,7956.59,9047.55,61881.05
2026-05-10,12.0,IEX,0.20069,8037.44,9128.48,63538.13
2026-05-10,13.0,IEX,0.20068,7954.11,8345.15,62479.1
2026-05-10,14.0,IEX,0.20044,7348.88,7739.83,62210.03
2026-05-10,15.0,IEX,0.6501699999999999,7619.2,8856.98,54965.35
2026-05-10,16.0,IEX,1.78718,7580.3,9344.75,43344.83
2026-05-10,17.0,IEX,1.87449,6580.65,8491.2,31803.7
2026-05-10,18.0,IEX,1.97481,6086.77,8027.7,21337.6
2026-05-10,19.0,IEX,3.78979,7337.0,10940.05,16135.13
2026-05-10,20.0,IEX,4.88476,7551.11,13175.48,11886.85
2026-05-10,21.0,IEX,5.54749,6843.7,12949.55,10117.98
2026-05-10,22.0,IEX,5.67765,6105.2,12683.8,9534.3
2026-05-10,23.0,IEX,6.06289,6907.85,13830.35,9544.8
2026-05-10,24.0,IEX,7.19987,6890.12,13751.63,8521.2
2026-05-11,1.0,IEX,6.047020000000001,5404.56,12705.25,7021.8
2026-05-11,2.0,IEX,4.86571,5441.55,11718.18,8274.25
2026-05-11,3.0,IEX,4.2107600000000005,5502.88,11348.48,9646.78
2026-05-11,4.0,IEX,3.97985,5566.25,11645.8,11560.45
2026-05-11,5.0,IEX,3.99687,5905.06,12036.95,12662.58
2026-05-11,6.0,IEX,4.17752,5716.86,11863.08,12088.18
2026-05-11,7.0,IEX,3.79669,6214.6,11511.3,15755.68
2026-05-11,8.0,IEX,2.5488600000000003,6243.8,9963.23,25008.75
2026-05-11,9.0,IEX,1.3018599999999998,5994.73,8067.08,42104.28
2026-05-11,10.0,IEX,1.35722,6032.03,8194.53,52471.15
2026-05-11,11.0,IEX,1.21744,6244.8,8674.28,56125.58
2026-05-11,12.0,IEX,1.00177,6905.28,9033.58,57095.93
2026-05-11,13.0,IEX,1.00171,7334.93,8679.73,55579.95
2026-05-11,14.0,IEX,1.0631400000000002,7574.95,8555.6,54512.4
2026-05-11,15.0,IEX,1.78915,8233.73,10794.5,47319.48
2026-05-11,16.0,IEX,2.49603,7563.14,10987.8,37519.68
2026-05-11,17.0,IEX,2.58594,6500.13,9643.75,27547.4
2026-05-11,18.0,IEX,3.35045,6353.8,9394.53,17611.45
2026-05-11,19.0,IEX,4.75732,6139.58,10618.68,10417.2
2026-05-11,20.0,IEX,9.499870000000001,5647.19,13724.85,7675.2
2026-05-11,21.0,IEX,10.0,4258.72,13670.53,6167.13
2026-05-11,22.0,IEX,10.0,4208.89,13211.58,6117.3
2026-05-11,23.0,IEX,10.0,4248.12,14538.5,6103.55
2026-05-11,24.0,IEX,10.0,3611.22,14725.9,4750.8
2026-05-12,1.0,IEX,10.0,4636.77,15879.43,5052.85
2026-05-12,2.0,IEX,7.426279999999999,5293.18,13325.35,6281.25
2026-05-12,3.0,IEX,4.60268,5096.3,12657.68,7143.5
2026-05-12,4.0,IEX,3.9372800000000003,5162.03,12291.63,8782.25
2026-05-12,5.0,IEX,4.03367,5435.28,12530.0,9140.43
2026-05-12,6.0,IEX,4.0494200000000005,5680.5,12152.75,9411.83
2026-05-12,7.0,IEX,3.56373,6318.98,11740.23,13210.43
2026-05-12,8.0,IEX,2.50284,6005.08,9283.33,24082.23
2026-05-12,9.0,IEX,1.538,5965.84,8666.85,40585.93
2026-05-12,10.0,IEX,1.53725,6991.03,10273.35,49638.95
2026-05-12,11.0,IEX,1.53756,7366.48,10998.0,53707.63
2026-05-12,12.0,IEX,1.3523699999999999,7798.95,11015.78,54627.73
2026-05-12,13.0,IEX,1.2546300000000001,8082.31,10442.88,53195.78
2026-05-12,14.0,IEX,1.29256,8415.29,10157.1,53350.18
2026-05-12,15.0,IEX,1.79569,8741.26,11938.88,48019.3
2026-05-12,16.0,IEX,2.6563600000000003,8486.87,12933.0,37141.63
2026-05-12,17.0,IEX,2.8937600000000003,8232.98,12391.63,29575.33
2026-05-12,18.0,IEX,3.20164,6293.33,9828.05,18145.98
2026-05-12,19.0,IEX,5.75542,5019.1,10444.58,9381.85
2026-05-12,20.0,IEX,10.0,3733.42,13832.48,5097.73
2026-05-12,21.0,IEX,10.0,2808.52,14094.35,4159.33
2026-05-12,22.0,IEX,10.0,2965.79,13937.05,4316.6
2026-05-12,23.0,IEX,10.0,3099.07,15796.18,4396.9
2026-05-12,24.0,IEX,10.0,2777.37,16508.0,3629.43
2026-05-13,1.0,IEX,10.0,2327.19,24699.35,2346.2
2026-05-13,2.0,IEX,10.0,2159.44,19978.65,2178.45
2026-05-13,3.0,IEX,10.0,2599.0,16530.7,2618.0
2026-05-13,4.0,IEX,10.0,3347.9,14486.78,3366.9
2026-05-13,5.0,IEX,10.0,4793.58,15327.95,4835.68
2026-05-13,6.0,IEX,5.44333,3932.4,13776.78,4869.2
2026-05-13,7.0,IEX,4.895449999999999,4611.38,12884.5,7408.38
2026-05-13,8.0,IEX,3.59821,5949.63,11789.15,18030.78
2026-05-13,9.0,IEX,2.0731100000000002,6995.71,11441.68,30618.15
2026-05-13,10.0,IEX,1.64266,8267.42,12392.53,39677.35
2026-05-13,11.0,IEX,1.5146199999999999,7951.81,11601.18,44038.08
2026-05-13,12.0,IEX,1.5193699999999999,8146.52,11894.25,45696.55
2026-05-13,13.0,IEX,1.37682,8434.54,11231.98,45838.68
2026-05-13,14.0,IEX,1.2198099999999998,8436.61,10976.03,44691.23
2026-05-13,15.0,IEX,1.97383,8363.54,13470.08,35322.73
2026-05-13,16.0,IEX,3.02354,7709.31,15320.73,25367.68
2026-05-13,17.0,IEX,3.33307,7523.48,15796.08,18663.35
2026-05-13,18.0,IEX,3.72939,5214.97,12332.73,9965.5
2026-05-13,19.0,IEX,7.08529,3649.86,11768.65,4817.78
2026-05-13,20.0,IEX,10.0,2048.2,17520.7,2080.7
2026-05-13,21.0,IEX,10.0,1982.7,25487.2,2001.7
2026-05-13,22.0,IEX,10.0,1885.79,28337.53,1904.8
2026-05-13,23.0,IEX,10.0,2041.67,30195.8,2060.68
2026-05-13,24.0,IEX,10.0,1985.77,29970.75,2004.78
2026-05-14,1.0,IEX,10.0,1940.92,25029.05,1953.13
2026-05-14,2.0,IEX,10.0,1932.32,19524.5,1944.53
2026-05-14,3.0,IEX,10.0,2302.13,13802.45,2314.33
2026-05-14,4.0,IEX,10.0,2793.93,11842.4,2856.13
2026-05-14,5.0,IEX,8.66948,3474.2,11604.33,3774.9
2026-05-14,6.0,IEX,4.73128,2589.83,10277.43,4092.48
2026-05-14,7.0,IEX,5.0573999999999995,3601.35,11202.63,6171.8
2026-05-14,8.0,IEX,3.18037,5735.43,10758.4,17775.78
2026-05-14,9.0,IEX,1.97135,6635.23,10761.03,34577.7
2026-05-14,10.0,IEX,1.6493699999999998,8111.3,12660.3,42611.83
2026-05-14,11.0,IEX,1.56854,7967.19,13164.1,47742.98
2026-05-14,12.0,IEX,1.5687,8445.47,13213.0,49916.88
2026-05-14,13.0,IEX,1.56446,9039.14,12935.48,48292.95
2026-05-14,14.0,IEX,1.61073,9168.54,12858.43,46407.88
2026-05-14,15.0,IEX,2.27263,9951.38,14451.6,39748.38
2026-05-14,16.0,IEX,3.36556,10115.51,15907.48,26437.35
2026-05-14,17.0,IEX,3.56361,9606.29,15968.3,18909.4
2026-05-14,18.0,IEX,3.9863299999999997,6312.68,12608.68,9227.73
2026-05-14,19.0,IEX,7.2631000000000006,3439.19,12606.23,4071.08
2026-05-14,20.0,IEX,10.0,2146.29,23882.75,2172.0
2026-05-14,21.0,IEX,10.0,1806.99,31121.65,1819.2
2026-05-14,22.0,IEX,10.0,1670.93,33161.13,1683.13
2026-05-14,23.0,IEX,10.0,1789.37,36732.1,1801.58
2026-05-14,24.0,IEX,10.0,1665.52,34289.43,1677.75
2026-05-15,1.0,IEX,10.0,2476.22,20164.6,2476.23
2026-05-15,2.0,IEX,10.0,3138.87,16862.25,3138.88
2026-05-15,3.0,IEX,10.0,3848.9,13204.8,3872.0
2026-05-15,4.0,IEX,5.43391,3971.75,11816.98,4731.18
2026-05-15,5.0,IEX,4.46851,4216.8,11599.33,6063.38
2026-05-15,6.0,IEX,4.4058,4006.54,10901.3,5994.8
2026-05-15,7.0,IEX,4.6136,4805.6,11516.13,7911.15
2026-05-15,8.0,IEX,3.1707199999999998,5918.43,10959.6,17484.35
2026-05-15,9.0,IEX,2.12773,7460.52,10830.2,34590.15
2026-05-15,10.0,IEX,1.96465,8961.87,12653.6,43280.2
2026-05-15,11.0,IEX,1.83854,8428.23,12817.63,47269.68
2026-05-15,12.0,IEX,1.62006,8721.83,13101.08,49525.1
2026-05-15,13.0,IEX,1.60771,8760.0,12432.43,49317.65
2026-05-15,14.0,IEX,1.68957,8520.71,12065.65,46359.9
2026-05-15,15.0,IEX,2.31557,9551.21,13881.93,37303.98
2026-05-15,16.0,IEX,3.21683,9121.72,14762.65,23260.43
2026-05-15,17.0,IEX,3.3799200000000003,8170.08,14725.4,16849.35
2026-05-15,18.0,IEX,3.74287,6823.38,13273.53,10450.75
2026-05-15,19.0,IEX,7.266229999999999,4378.57,12724.5,5144.95
2026-05-15,20.0,IEX,10.0,2989.17,21628.85,2989.18
2026-05-15,21.0,IEX,10.0,2354.36,29595.3,2354.38
2026-05-15,22.0,IEX,10.0,2249.11,30949.15,2249.13
2026-05-15,23.0,IEX,10.0,2245.75,32806.73,2245.75
2026-05-15,24.0,IEX,10.0,2088.74,32019.5,2088.75
2026-05-16,1.0,IEX,10.0,2787.88,17212.73,2787.88
2026-05-16,2.0,IEX,10.0,3607.27,15078.58,3607.28
2026-05-16,3.0,IEX,10.0,4732.62,13698.4,4746.13
2026-05-16,4.0,IEX,4.4651499999999995,4537.55,12507.95,5777.2
2026-05-16,5.0,IEX,4.22168,4211.78,11818.93,6461.95
2026-05-16,6.0,IEX,4.26484,3808.33,11232.48,5481.53
2026-05-16,7.0,IEX,4.1216800000000005,4779.03,11232.83,7540.9
2026-05-16,8.0,IEX,2.7265300000000003,5212.7,10366.15,18815.33
2026-05-16,9.0,IEX,2.00563,7162.97,10800.58,33838.1
2026-05-16,10.0,IEX,1.98183,8277.7,12523.95,42941.93
2026-05-16,11.0,IEX,1.87322,8391.45,12391.73,46645.85
2026-05-16,12.0,IEX,1.85822,8612.76,12445.05,47525.18
2026-05-16,13.0,IEX,1.75429,8570.96,11689.9,48295.78
2026-05-16,14.0,IEX,1.79904,8569.23,11366.78,46065.05
2026-05-16,15.0,IEX,2.42447,9656.55,13997.83,37201.0
2026-05-16,16.0,IEX,2.9857,9391.12,14592.15,26243.45
2026-05-16,17.0,IEX,3.27756,7911.93,14451.98,18633.28
2026-05-16,18.0,IEX,4.40362,6571.55,14126.83,9986.85
2026-05-16,19.0,IEX,7.70633,4328.47,13090.35,4845.5
2026-05-16,20.0,IEX,10.0,2898.15,18626.98,2898.15
2026-05-16,21.0,IEX,10.0,2624.3,19671.23,2624.3
2026-05-16,22.0,IEX,10.0,2614.2,19974.45,2614.2
2026-05-16,23.0,IEX,10.0,2472.53,21865.55,2472.53
2026-05-16,24.0,IEX,10.0,2342.04,22159.33,2342.05
2026-05-17,1.0,IEX,10.0,3259.77,15918.98,3259.78
2026-05-17,2.0,IEX,10.0,3772.2,13589.15,3772.2
2026-05-17,3.0,IEX,8.499649999999999,4473.77,12352.0,4635.45
2026-05-17,4.0,IEX,6.04488,4533.08,11710.05,4986.03
2026-05-17,5.0,IEX,5.8138000000000005,4774.53,11773.7,5265.05
2026-05-17,6.0,IEX,4.6239,4291.83,10666.38,5679.33
2026-05-17,7.0,IEX,4.1476999999999995,4994.52,10815.05,7964.15
2026-05-17,8.0,IEX,2.19282,5618.58,9007.63,18364.33
2026-05-17,9.0,IEX,0.94496,7456.64,8875.98,35958.25
2026-05-17,10.0,IEX,1.10555,7828.21,9595.98,45265.38
2026-05-17,11.0,IEX,1.01094,7458.91,8682.9,50126.73
2026-05-17,12.0,IEX,1.01813,6939.33,8333.68,51205.2
2026-05-17,13.0,IEX,1.09144,6875.66,7688.3,50684.7
2026-05-17,14.0,IEX,1.23164,6348.58,7660.33,47741.93
2026-05-17,15.0,IEX,1.7998599999999998,7651.0,9978.08,39563.3
2026-05-17,16.0,IEX,2.44415,8367.15,11155.85,28404.4
2026-05-17,17.0,IEX,2.47966,7247.35,10417.3,21739.25
2026-05-17,18.0,IEX,2.54967,5008.2,7755.35,12697.05
2026-05-17,19.0,IEX,4.05243,5268.9,9444.65,8457.13
2026-05-17,20.0,IEX,6.60927,4695.98,12577.83,5576.53
2026-05-17,21.0,IEX,10.0,3987.32,13880.65,4021.83
2026-05-17,22.0,IEX,10.0,3282.6,14407.1,3288.6
2026-05-17,23.0,IEX,10.0,3142.67,16477.35,3142.68
2026-05-17,24.0,IEX,10.0,2974.0,17207.13,2974.0
2026-05-18,1.0,IEX,10.0,2410.04,26959.5,2422.25
2026-05-18,2.0,IEX,10.0,2605.37,20091.7,2617.58
2026-05-18,3.0,IEX,10.0,3079.28,15612.13,3091.48
2026-05-18,4.0,IEX,10.0,3759.38,13353.15,3780.58
2026-05-18,5.0,IEX,7.3251,4243.05,12555.08,4410.58
2026-05-18,6.0,IEX,4.13183,3553.7,11092.73,5412.23
2026-05-18,7.0,IEX,3.88369,4899.5,11529.53,8394.95
2026-05-18,8.0,IEX,2.70031,5720.13,12109.6,18169.5
2026-05-18,9.0,IEX,1.51296,6524.89,12109.73,33464.48
2026-05-18,10.0,IEX,1.55143,7002.38,13493.8,40311.3
2026-05-18,11.0,IEX,1.7815699999999999,7694.4,13661.78,43117.28
2026-05-18,12.0,IEX,1.75805,7932.68,13704.53,43130.98
2026-05-18,13.0,IEX,1.62321,7786.55,13137.7,42807.8
2026-05-18,14.0,IEX,1.6008900000000001,7820.97,13311.93,41652.75
2026-05-18,15.0,IEX,1.95451,8823.5,14965.78,36416.1
2026-05-18,16.0,IEX,2.74298,9489.15,16778.93,26909.13
2026-05-18,17.0,IEX,3.13178,8225.99,15942.23,19822.9
2026-05-18,18.0,IEX,3.9338200000000003,6601.02,13655.4,11167.05
2026-05-18,19.0,IEX,7.3643,4486.84,13302.75,5161.1
2026-05-18,20.0,IEX,10.0,2238.71,23377.9,2250.93
2026-05-18,21.0,IEX,10.0,1985.47,27120.28,1997.68
2026-05-18,22.0,IEX,10.0,1900.35,32087.13,1912.55
2026-05-18,23.0,IEX,10.0,2002.9,35623.43,2015.1
2026-05-18,24.0,IEX,10.0,1889.12,37009.0,1901.33
2026-05-19,1.0,IEX,10.0,2511.9,29710.08,2659.2
2026-05-19,2.0,IEX,10.0,2826.95,23021.1,3109.55
2026-05-19,3.0,IEX,10.0,3093.27,17338.7,3482.08
2026-05-19,4.0,IEX,10.0,3735.92,15278.68,4201.83
2026-05-19,5.0,IEX,9.22485,4030.92,13950.88,4806.7
2026-05-19,6.0,IEX,3.8239699999999996,3393.52,11424.7,5996.2
2026-05-19,7.0,IEX,4.18358,4185.38,12019.98,7536.08
2026-05-19,8.0,IEX,2.52974,6098.4,12211.0,16422.48
2026-05-19,9.0,IEX,1.70757,8000.98,12046.9,32213.45
2026-05-19,10.0,IEX,1.7145,8547.83,13781.0,39226.65
2026-05-19,11.0,IEX,1.7930599999999999,8996.69,13876.15,43561.75
2026-05-19,12.0,IEX,1.77794,9536.75,14233.93,44661.83
2026-05-19,13.0,IEX,1.65079,8882.39,13240.93,45297.5
2026-05-19,14.0,IEX,1.69061,8580.82,13292.53,42908.68
2026-05-19,15.0,IEX,2.2658899999999997,9246.28,15817.35,36108.75
2026-05-19,16.0,IEX,2.85995,9065.16,16024.2,25882.33
2026-05-19,17.0,IEX,3.24012,7550.26,14805.2,19683.68
2026-05-19,18.0,IEX,3.72417,6009.15,13233.6,12344.33
2026-05-19,19.0,IEX,7.0550299999999995,5068.35,14333.25,7167.43
2026-05-19,20.0,IEX,10.0,2653.77,21919.33,3475.08
2026-05-19,21.0,IEX,10.0,2296.56,26425.38,3117.88
2026-05-19,22.0,IEX,10.0,2265.05,29554.65,3086.35
2026-05-19,23.0,IEX,10.0,2244.56,33927.98,3065.88
2026-05-19,24.0,IEX,10.0,2216.2,33842.85,2715.9
2026-05-20,1.0,IEX,10.0,2137.57,30077.03,2272.68
2026-05-20,2.0,IEX,10.0,2512.49,21330.65,2782.9
2026-05-20,3.0,IEX,10.0,2996.4,16392.3,3373.0
2026-05-20,4.0,IEX,9.93325,4187.18,14478.35,4673.98
2026-05-20,5.0,IEX,9.654129999999999,4337.35,13410.98,5116.38
2026-05-20,6.0,IEX,4.33112,3338.7,11413.58,5385.53
2026-05-20,7.0,IEX,4.05872,4050.05,11296.93,7378.8
2026-05-20,8.0,IEX,2.6618000000000004,6049.25,12092.98,17406.83
2026-05-20,9.0,IEX,1.53791,7606.42,11683.78,34768.28
2026-05-20,10.0,IEX,1.7593800000000002,9649.79,14696.25,40448.55
2026-05-20,11.0,IEX,1.76401,10103.91,15715.28,44809.28
2026-05-20,12.0,IEX,1.8195,10967.1,15673.23,46601.38
2026-05-20,13.0,IEX,1.78409,10941.07,14993.58,46673.6
2026-05-20,14.0,IEX,1.62587,10196.76,14006.48,45769.98
2026-05-20,15.0,IEX,2.26131,10735.46,16202.9,37735.0
2026-05-20,16.0,IEX,2.95924,10519.3,17540.7,25764.78
2026-05-20,17.0,IEX,3.27436,7857.49,15127.53,18407.05
2026-05-20,18.0,IEX,3.8491999999999997,6310.05,14136.7,11292.88
2026-05-20,19.0,IEX,7.1895299999999995,4631.37,13409.45,6582.43
2026-05-20,20.0,IEX,10.0,2362.22,18665.38,3171.33
2026-05-20,21.0,IEX,10.0,2018.35,24320.3,2827.45
2026-05-20,22.0,IEX,10.0,1882.32,30025.95,2691.43
2026-05-20,23.0,IEX,10.0,1740.69,33477.65,2549.8
2026-05-20,24.0,IEX,10.0,1673.31,33723.43,2160.83
2026-05-21,1.0,IEX,10.0,2202.1,31087.9,2337.2
2026-05-21,2.0,IEX,10.0,2147.37,25220.98,2417.78
2026-05-21,3.0,IEX,10.0,2468.69,21012.73,2845.3
2026-05-21,4.0,IEX,10.0,3311.84,18503.78,3765.55
2026-05-21,5.0,IEX,10.0,3403.92,16366.43,3954.13
2026-05-21,6.0,IEX,6.06875,3497.63,12755.25,4583.35
2026-05-21,7.0,IEX,4.79274,4225.95,12533.43,6310.58
2026-05-21,8.0,IEX,3.0598400000000003,4763.2,12653.73,14695.1
2026-05-21,9.0,IEX,1.72648,6466.76,13685.2,31407.88
2026-05-21,10.0,IEX,1.78983,9389.27,16896.9,39032.7
2026-05-21,11.0,IEX,1.8703599999999998,11176.88,18067.98,43521.15
2026-05-21,12.0,IEX,1.8368499999999999,11746.65,18568.78,44108.13
2026-05-21,13.0,IEX,1.7474100000000001,11547.64,17781.65,43986.98
2026-05-21,14.0,IEX,1.64914,10783.65,16787.68,43231.0
2026-05-21,15.0,IEX,2.30902,10940.89,18874.23,36880.13
2026-05-21,16.0,IEX,3.0431399999999997,10277.58,19855.43,24898.45
2026-05-21,17.0,IEX,3.16807,7461.07,17399.75,19105.45
2026-05-21,18.0,IEX,3.68171,5920.87,14278.65,11464.23
2026-05-21,19.0,IEX,7.18627,4545.68,14298.05,6117.98
2026-05-21,20.0,IEX,10.0,2736.07,25499.85,3545.18
2026-05-21,21.0,IEX,10.0,2462.84,31520.13,3271.95
2026-05-21,22.0,IEX,10.0,2226.89,35214.88,3036.0
2026-05-21,23.0,IEX,10.0,1848.87,39140.53,2657.98
2026-05-21,24.0,IEX,10.0,1688.39,40996.88,2175.9
2026-05-22,1.0,IEX,10.0,1359.33,46940.55,1494.45
2026-05-22,2.0,IEX,10.0,1320.54,38276.28,1590.95
2026-05-22,3.0,IEX,10.0,1541.32,26985.88,1917.93
2026-05-22,4.0,IEX,10.0,1947.17,24217.35,2400.88
2026-05-22,5.0,IEX,10.0,2261.2,20253.93,2811.4
2026-05-22,6.0,IEX,10.0,2304.97,16553.63,2934.48
2026-05-22,7.0,IEX,8.25019,3390.12,15272.88,4220.6
2026-05-22,8.0,IEX,3.97153,5745.95,16393.98,12426.15
2026-05-22,9.0,IEX,2.34224,7569.58,17798.5,27875.8
2026-05-22,10.0,IEX,2.1429899999999997,8899.15,21441.23,35199.35
2026-05-22,11.0,IEX,2.0943899999999998,9964.33,22462.53,39083.9
2026-05-22,12.0,IEX,1.9856500000000001,10788.62,22872.55,40621.73
2026-05-22,13.0,IEX,1.98251,10918.26,21643.6,41501.78
2026-05-22,14.0,IEX,1.9974100000000001,10852.94,21593.15,40929.3
2026-05-22,15.0,IEX,2.6625799999999997,11052.89,24223.95,33918.03
2026-05-22,16.0,IEX,3.47861,10926.6,24847.83,21848.13
2026-05-22,17.0,IEX,3.65515,9426.46,22789.13,17039.48
2026-05-22,18.0,IEX,4.91638,7275.58,21344.73,10279.58
2026-05-22,19.0,IEX,9.00003,3886.75,21069.88,4805.6
2026-05-22,20.0,IEX,10.0,2122.17,32228.88,2931.28
2026-05-22,21.0,IEX,10.0,2008.23,38276.18,2817.35
2026-05-22,22.0,IEX,10.0,1812.16,44939.58,2621.28
2026-05-22,23.0,IEX,10.0,1749.49,52834.65,2558.6
2026-05-22,24.0,IEX,10.0,1665.48,52970.63,2153.0
2026-05-23,1.0,IEX,10.0,1788.42,41524.75,1788.43
2026-05-23,2.0,IEX,10.0,1801.44,38002.43,1801.45
2026-05-23,3.0,IEX,10.0,1877.46,24851.08,1877.48
2026-05-23,4.0,IEX,10.0,2325.73,21531.6,2325.73
2026-05-23,5.0,IEX,10.0,2334.2,18979.58,2334.2
2026-05-23,6.0,IEX,10.0,2415.7,16330.78,2415.7
2026-05-23,7.0,IEX,6.81916,3119.33,16076.45,3400.13
2026-05-23,8.0,IEX,3.5954800000000002,5951.8,16641.35,12559.48
2026-05-23,9.0,IEX,1.7825199999999999,8370.78,17162.15,28737.8
2026-05-23,10.0,IEX,2.23062,10266.02,20801.58,36267.43
2026-05-23,11.0,IEX,2.2594499999999997,12558.1,21464.93,41340.98
2026-05-23,12.0,IEX,2.1365700000000003,12586.0,21059.33,42136.75
2026-05-23,13.0,IEX,2.13213,12123.66,18998.65,41752.63
2026-05-23,14.0,IEX,2.00224,12088.31,18591.08,41540.38
2026-05-23,15.0,IEX,2.89087,10657.98,20735.95,31656.88
2026-05-23,16.0,IEX,3.54629,10031.54,21279.83,20175.15
2026-05-23,17.0,IEX,3.6310700000000002,9134.04,19754.03,16549.58
2026-05-23,18.0,IEX,4.273029999999999,6692.03,16274.63,10104.35
2026-05-23,19.0,IEX,7.46764,4703.04,16880.0,5665.65
2026-05-23,20.0,IEX,10.0,3007.59,25378.0,3007.6
2026-05-23,21.0,IEX,10.0,2634.08,30991.5,2634.08
2026-05-23,22.0,IEX,10.0,2329.4,35795.55,2329.4
2026-05-23,23.0,IEX,10.0,2036.27,44600.48,2036.28
2026-05-23,24.0,IEX,10.0,1865.71,43519.83,1865.73
2026-05-24,1.0,IEX,10.0,2209.92,29781.73,2209.93
2026-05-24,2.0,IEX,10.0,2462.5,26285.8,2462.5
2026-05-24,3.0,IEX,10.0,2945.12,22082.5,2945.13
2026-05-24,4.0,IEX,10.0,3390.52,21530.25,3390.53
2026-05-24,5.0,IEX,10.0,3830.15,19312.78,3830.15
2026-05-24,6.0,IEX,8.17509,4610.57,15884.0,4896.15
2026-05-24,7.0,IEX,4.87845,4603.77,14182.18,6424.5
2026-05-24,8.0,IEX,3.07849,6351.9,12970.75,14622.1
2026-05-24,9.0,IEX,1.7780799999999999,7990.85,12134.63,30720.05
2026-05-24,10.0,IEX,1.8878199999999998,8952.83,13025.7,40129.08
2026-05-24,11.0,IEX,1.55824,10368.65,13323.03,45111.68
2026-05-24,12.0,IEX,1.53762,10918.63,14002.65,44921.48
2026-05-24,13.0,IEX,1.5371,10914.93,13337.83,44110.45
2026-05-24,14.0,IEX,1.46648,10947.02,13445.7,43526.95
2026-05-24,15.0,IEX,2.1699200000000003,11248.27,16607.38,35190.8
2026-05-24,16.0,IEX,2.9616700000000002,9125.22,18497.85,22474.25
2026-05-24,17.0,IEX,3.3364499999999997,7022.98,15879.5,15729.2
2026-05-24,18.0,IEX,3.64659,5531.15,12676.53,10385.83
2026-05-24,19.0,IEX,4.47231,4908.17,12341.03,6830.75
2026-05-24,20.0,IEX,9.00307,3676.05,16562.33,3831.9
2026-05-24,21.0,IEX,10.0,3003.81,21264.25,3003.83
2026-05-24,22.0,IEX,10.0,2697.22,23176.03,2697.23
2026-05-24,23.0,IEX,10.0,2358.67,29913.18,2358.68
2026-05-24,24.0,IEX,10.0,2214.89,30362.3,2214.9
2026-05-25,1.0,IEX,10.0,2197.27,33390.85,2255.28
2026-05-25,2.0,IEX,10.0,2268.5,29872.0,2403.9
2026-05-25,3.0,IEX,10.0,2688.52,20808.2,2881.93
2026-05-25,4.0,IEX,10.0,3477.19,19166.33,3728.4
2026-05-25,5.0,IEX,10.0,3975.63,16894.0,4284.83
2026-05-25,6.0,IEX,6.00073,3533.93,13470.35,4765.88
2026-05-25,7.0,IEX,5.3799399999999995,4687.13,14189.53,7383.78
2026-05-25,8.0,IEX,2.83281,6017.75,15123.33,14807.53
2026-05-25,9.0,IEX,1.9939500000000001,7451.05,15334.2,29038.68
2026-05-25,10.0,IEX,2.08167,8512.73,18193.35,36930.4
2026-05-25,11.0,IEX,2.09043,9829.86,19101.63,40666.38
2026-05-25,12.0,IEX,1.8794600000000001,9282.75,19282.08,42238.55
2026-05-25,13.0,IEX,1.98053,10076.39,18237.5,42027.83
2026-05-25,14.0,IEX,1.9358499999999998,9078.5,18104.3,40227.4
2026-05-25,15.0,IEX,2.70013,9583.75,20614.08,32088.35
2026-05-25,16.0,IEX,3.32092,8617.41,20574.2,20617.58
2026-05-25,17.0,IEX,3.6315500000000003,8412.99,20013.83,15679.53
2026-05-25,18.0,IEX,4.793189999999999,6868.98,18938.23,9142.13
2026-05-25,19.0,IEX,7.5858,4105.68,16865.73,5072.5
2026-05-25,20.0,IEX,10.0,2560.83,26379.68,3000.53
2026-05-25,21.0,IEX,10.0,2493.81,32937.6,2933.53
2026-05-25,22.0,IEX,10.0,2167.03,35201.15,2606.73
2026-05-25,23.0,IEX,10.0,1804.74,45974.53,2244.45
2026-05-25,24.0,IEX,10.0,1684.95,46661.33,1936.25
2026-05-26,1.0,IEX,10.0,1890.02,45543.93,1986.63
2026-05-26,2.0,IEX,10.0,1819.43,37706.58,2022.33
2026-05-26,3.0,IEX,10.0,2097.27,27707.03,2382.28
2026-05-26,4.0,IEX,10.0,2757.1,25138.23,3109.6
2026-05-26,5.0,IEX,10.0,3530.02,22740.55,3959.73
2026-05-26,6.0,IEX,9.50001,4046.95,18262.35,4547.2
2026-05-26,7.0,IEX,6.3594,4704.33,17194.9,6651.75
2026-05-26,8.0,IEX,3.18687,6009.08,17199.3,15934.4
2026-05-26,9.0,IEX,2.11186,7552.63,18203.93,28263.1
2026-05-26,10.0,IEX,2.46291,8619.75,20040.75,35928.43
2026-05-26,11.0,IEX,1.88501,9430.63,21951.33,40906.78
2026-05-26,12.0,IEX,2.11963,11042.48,22673.58,42847.83
2026-05-26,13.0,IEX,2.13062,11385.82,21677.3,43524.35
2026-05-26,14.0,IEX,2.12562,11284.22,21783.55,42313.23
2026-05-26,15.0,IEX,2.8508299999999998,11101.46,24864.63,32348.63
2026-05-26,16.0,IEX,3.47121,9980.89,25365.83,21419.18
2026-05-26,17.0,IEX,3.87066,8854.98,23588.75,15369.98
2026-05-26,18.0,IEX,5.39415,7141.28,21264.43,10896.48
2026-05-26,19.0,IEX,8.33307,4550.02,21062.8,5640.05
2026-05-26,20.0,IEX,10.0,2666.37,29412.68,3290.78
2026-05-26,21.0,IEX,10.0,2333.29,36508.75,2957.7
2026-05-26,22.0,IEX,10.0,1859.72,40659.93,2484.13
2026-05-26,23.0,IEX,10.0,1484.11,49223.0,2108.53
2026-05-26,24.0,IEX,10.0,1443.17,48693.83,1812.63
2026-05-27,1.0,IEX,10.0,1549.19,45327.03,1645.8
2026-05-27,2.0,IEX,10.0,1636.17,39150.03,1839.08
2026-05-27,3.0,IEX,10.0,1699.52,27785.63,1984.53
2026-05-27,4.0,IEX,10.0,2077.5,23009.15,2430.0
2026-05-27,5.0,IEX,10.0,2255.5,20522.9,2685.2
2026-05-27,6.0,IEX,10.0,2995.85,17228.73,3489.45
2026-05-27,7.0,IEX,6.57574,3760.7,17465.68,4545.28
2026-05-27,8.0,IEX,3.2429,5020.22,15254.5,11824.88
2026-05-27,9.0,IEX,2.14891,6407.71,16300.43,21766.35
2026-05-27,10.0,IEX,2.52211,8739.63,19450.4,30003.85
2026-05-27,11.0,IEX,2.10556,9734.69,21563.88,35020.08
2026-05-27,12.0,IEX,2.33806,11713.6,22593.53,37237.3
2026-05-27,13.0,IEX,2.33018,12155.51,21798.88,38216.33
2026-05-27,14.0,IEX,2.3025700000000002,11717.8,21433.38,37170.0
2026-05-27,15.0,IEX,2.96358,12155.43,23990.48,30752.98
2026-05-27,16.0,IEX,3.57779,11057.56,24125.35,20215.13
2026-05-27,17.0,IEX,3.7338400000000003,8839.47,22831.9,14444.9
2026-05-27,18.0,IEX,5.45963,7520.93,20374.28,9518.33
2026-05-27,19.0,IEX,8.68758,4266.4,19418.28,4983.58
2026-05-27,20.0,IEX,10.0,2072.93,29848.8,2697.33
2026-05-27,21.0,IEX,10.0,1841.53,36958.7,2465.93
2026-05-27,22.0,IEX,10.0,1589.95,40255.83,2214.35
2026-05-27,23.0,IEX,10.0,1429.06,50397.25,2053.48
2026-05-27,24.0,IEX,10.0,1422.49,52785.13,1791.95
2026-05-28,1.0,IEX,10.0,2109.76,42402.05,2306.38
2026-05-28,2.0,IEX,10.0,2146.04,36755.25,2448.95
2026-05-28,3.0,IEX,10.0,2341.3,24907.3,2726.3
2026-05-28,4.0,IEX,10.0,3019.12,19549.05,3471.63
2026-05-28,5.0,IEX,10.0,3344.8,16580.73,3874.5
2026-05-28,6.0,IEX,5.58157,3897.45,13448.85,5065.45
2026-05-28,7.0,IEX,5.26595,5096.78,13301.23,6664.23
2026-05-28,8.0,IEX,3.33448,6517.82,12074.23,14271.45
2026-05-28,9.0,IEX,2.1561,7409.33,13388.6,23731.88
2026-05-28,10.0,IEX,2.46698,9958.7,16719.2,31377.03
2026-05-28,11.0,IEX,2.2880599999999998,10659.41,17597.5,34483.6
2026-05-28,12.0,IEX,2.3297600000000003,11622.2,18222.58,35482.25
2026-05-28,13.0,IEX,2.21776,11265.07,16200.95,36070.68
2026-05-28,14.0,IEX,2.11171,11225.95,16219.53,35842.33
2026-05-28,15.0,IEX,2.85054,11149.92,18135.2,29622.23
2026-05-28,16.0,IEX,3.54729,9339.25,17834.95,19013.48
2026-05-28,17.0,IEX,3.8185,8422.4,17739.03,13909.13
2026-05-28,18.0,IEX,5.34671,7589.83,15868.9,9838.45
2026-05-28,19.0,IEX,7.87535,5757.68,14279.98,6707.03
2026-05-28,20.0,IEX,10.0,3707.79,21100.8,4332.2
2026-05-28,21.0,IEX,10.0,3145.82,30700.48,3770.23
2026-05-28,22.0,IEX,10.0,2790.5,34036.1,3414.9
2026-05-28,23.0,IEX,10.0,2319.22,39844.48,2943.63
2026-05-28,24.0,IEX,10.0,2203.74,38893.9,2573.2
2026-05-29,1.0,IEX,10.0,2850.1,22880.55,3185.4
2026-05-29,2.0,IEX,10.0,2917.4,20697.03,3388.1
2026-05-29,3.0,IEX,10.0,3855.4,14711.88,4439.9
2026-05-29,4.0,IEX,5.14843,3877.28,11313.68,6426.95
2026-05-29,5.0,IEX,5.0224899999999995,4513.95,11603.38,7528.15
2026-05-29,6.0,IEX,4.44194,4332.43,11042.53,7650.95
2026-05-29,7.0,IEX,4.12317,4767.15,10151.45,8745.95
2026-05-29,8.0,IEX,2.51273,6182.38,8707.75,17013.05
2026-05-29,9.0,IEX,1.33206,7022.66,9427.98,31811.3
2026-05-29,10.0,IEX,1.56014,9030.73,12060.25,38875.38
2026-05-29,11.0,IEX,1.73041,9358.48,11850.05,41885.3
2026-05-29,12.0,IEX,1.8226900000000001,10241.08,12151.75,44092.13
2026-05-29,13.0,IEX,1.6325399999999999,9571.73,10767.78,43472.45
2026-05-29,14.0,IEX,1.57921,8751.38,9920.93,41394.78
2026-05-29,15.0,IEX,2.3537,9842.83,12281.03,32781.73
2026-05-29,16.0,IEX,3.26917,8850.73,12936.9,22339.55
2026-05-29,17.0,IEX,3.52159,8323.79,13343.13,16222.85
2026-05-29,18.0,IEX,4.78974,7939.9,12441.63,11213.6
2026-05-29,19.0,IEX,6.66799,6884.73,12874.65,8247.33
2026-05-29,20.0,IEX,10.0,4216.0,21547.15,5024.9
2026-05-29,21.0,IEX,10.0,3386.43,27416.6,4195.33
2026-05-29,22.0,IEX,10.0,3281.0,28202.13,4089.9
2026-05-29,23.0,IEX,10.0,2660.72,29385.43,3469.63
2026-05-29,24.0,IEX,10.0,2569.87,29162.35,3057.98
2026-05-30,1.0,IEX,5.97487,6077.58,12862.73,7517.58
2026-05-30,2.0,IEX,4.26326,4684.55,11022.08,8538.05
2026-05-30,3.0,IEX,3.65054,4612.98,10279.23,11669.98
2026-05-30,4.0,IEX,3.34064,4392.98,9621.2,13592.28
2026-05-30,5.0,IEX,3.22231,4682.93,9706.85,15593.25
2026-05-30,6.0,IEX,3.2804,4795.13,9758.38,16313.45
2026-05-30,7.0,IEX,3.1515,5559.05,9079.15,20024.33
2026-05-30,8.0,IEX,1.67971,4931.75,6545.63,30222.98
2026-05-30,9.0,IEX,0.3505,5687.93,7031.03,46574.65
2026-05-30,10.0,IEX,0.49957999999999997,7419.17,9580.98,55848.53
2026-05-30,11.0,IEX,0.85311,7963.52,9407.05,60694.33
2026-05-30,12.0,IEX,1.03605,7870.26,9079.0,61048.05
2026-05-30,13.0,IEX,1.04817,7510.13,8043.2,58826.25
2026-05-30,14.0,IEX,1.0363699999999998,7606.29,8115.05,57673.73
2026-05-30,15.0,IEX,1.76896,8941.03,10470.58,49720.55
2026-05-30,16.0,IEX,2.63173,7962.67,10445.88,36067.53
2026-05-30,17.0,IEX,2.9032199999999997,8089.29,10787.03,29388.58
2026-05-30,18.0,IEX,3.37469,7661.86,10139.3,21944.33
2026-05-30,19.0,IEX,4.07897,6406.28,8891.45,14441.73
2026-05-30,20.0,IEX,7.40013,6525.7,12228.73,9180.7
2026-05-30,21.0,IEX,10.0,4472.2,12376.38,6241.0
2026-05-30,22.0,IEX,10.0,4583.15,14135.93,6321.45
2026-05-30,23.0,IEX,10.0,3759.09,17144.28,5436.93
2026-05-30,24.0,IEX,10.0,3446.66,16857.1,4432.35
2026-05-31,1.0,IEX,5.54305,8009.48,14597.35,9695.75
2026-05-31,2.0,IEX,4.45897,7484.0,13442.08,11095.35
2026-05-31,3.0,IEX,4.11079,7132.5,12844.58,12691.28
2026-05-31,4.0,IEX,3.72684,6815.75,11838.85,14747.0
2026-05-31,5.0,IEX,3.71461,7018.35,12079.98,16290.9
2026-05-31,6.0,IEX,3.6485,6098.75,10818.78,15948.3
2026-05-31,7.0,IEX,3.25452,6061.14,9809.15,19389.5
2026-05-31,8.0,IEX,1.3451600000000001,5389.71,7141.63,32132.25
2026-05-31,9.0,IEX,0.30024,5359.4,6605.2,48860.83
2026-05-31,10.0,IEX,0.197,5683.29,6713.2,59535.25
2026-05-31,11.0,IEX,0.04979,5468.85,5798.03,62474.05
2026-05-31,12.0,IEX,0.04965,5456.32,5780.23,61974.88
2026-05-31,13.0,IEX,0.02093,4455.22,4496.08,60046.25
2026-05-31,14.0,IEX,0.02084,4065.93,4105.9,57713.73
2026-05-31,15.0,IEX,0.18753,5251.09,6110.1,49987.03
2026-05-31,16.0,IEX,0.30083,5434.38,6476.7,35862.0
2026-05-31,17.0,IEX,1.72769,5361.82,6989.58,27679.95
2026-05-31,18.0,IEX,2.41752,5282.58,7215.98,20247.75
2026-05-31,19.0,IEX,2.65532,5533.06,8234.18,17406.0
2026-05-31,20.0,IEX,4.24892,7574.55,12613.08,13774.9
2026-05-31,21.0,IEX,4.596439999999999,7016.7,12813.6,10860.38
2026-05-31,22.0,IEX,4.80274,6894.63,12867.65,10310.78
2026-05-31,23.0,IEX,6.92524,6559.26,14336.35,9389.15
2026-05-31,24.0,IEX,9.330309999999999,6453.74,14801.9,8055.33
2026-06-01,1.0,IEX,7.22946,8153.92,15047.38,10002.7
2026-06-01,2.0,IEX,3.9480999999999997,7169.98,13004.13,12242.45
2026-06-01,3.0,IEX,3.6088,7240.12,12726.18,13624.8
2026-06-01,4.0,IEX,3.4659899999999997,6379.43,11529.95,14491.03
2026-06-01,5.0,IEX,3.5914800000000002,6955.23,11957.78,14224.38
2026-06-01,6.0,IEX,3.8069499999999996,7515.24,12508.73,13283.48
2026-06-01,7.0,IEX,3.67484,7775.52,12329.28,15745.18
2026-06-01,8.0,IEX,2.63595,6550.78,9836.38,27063.03
2026-06-01,9.0,IEX,1.84984,6557.6,9090.95,38659.28
2026-06-01,10.0,IEX,1.1630999999999998,6652.77,8604.25,44961.98
2026-06-01,11.0,IEX,1.0488199999999999,6831.4,8170.5,44265.38
2026-06-01,12.0,IEX,1.0488,6969.9,8109.0,43600.3
2026-06-01,13.0,IEX,1.0488499999999998,6794.44,7283.55,41796.55
2026-06-01,14.0,IEX,1.38422,6841.4,7469.58,41282.53
2026-06-01,15.0,IEX,1.84298,8941.78,10311.33,37251.0
2026-06-01,16.0,IEX,2.40671,8714.38,11085.63,29641.4
2026-06-01,17.0,IEX,3.03607,7977.0,11116.73,22806.75
2026-06-01,18.0,IEX,3.66554,7775.38,11511.38,15477.6
2026-06-01,19.0,IEX,5.60729,6717.5,12936.55,11373.38
2026-06-01,20.0,IEX,10.0,5931.02,17031.83,8674.7
2026-06-01,21.0,IEX,10.0,5529.7,16007.73,8277.05
2026-06-01,22.0,IEX,10.0,5046.14,15568.48,7790.25
2026-06-01,23.0,IEX,10.0,4949.12,19330.5,7622.88
2026-06-01,24.0,IEX,10.0,4583.23,19373.98,6344.88
2026-06-02,1.0,IEX,10.0,3829.29,19266.23,4570.28
2026-06-02,2.0,IEX,10.0,5122.65,16594.45,6120.35
2026-06-02,3.0,IEX,9.82494,5908.62,15288.4,7207.4
2026-06-02,4.0,IEX,4.66229,6458.47,13884.73,9788.35
2026-06-02,5.0,IEX,4.16057,6586.83,13724.88,11392.3
2026-06-02,6.0,IEX,4.3171,6822.3,13309.73,11565.4
2026-06-02,7.0,IEX,3.93235,7739.18,13118.6,14798.2
2026-06-02,8.0,IEX,2.8212800000000002,6953.7,11181.48,24420.05
2026-06-02,9.0,IEX,2.09371,7140.35,10379.85,37556.38
2026-06-02,10.0,IEX,1.70601,8677.83,11061.28,45591.43
2026-06-02,11.0,IEX,1.54704,8493.15,10408.33,47183.35
2026-06-02,12.0,IEX,1.53752,8359.5,10308.18,46514.4
2026-06-02,13.0,IEX,1.53773,8442.78,9682.3,44790.23
2026-06-02,14.0,IEX,1.54099,8628.0,10483.7,43506.95
2026-06-02,15.0,IEX,1.83698,9601.68,12774.58,39036.88
2026-06-02,16.0,IEX,2.71944,9238.71,14216.48,28768.63
2026-06-02,17.0,IEX,3.1347199999999997,8760.3,14023.38,22344.6
2026-06-02,18.0,IEX,3.68687,7997.63,13288.55,16448.48
2026-06-02,19.0,IEX,5.63112,6725.82,14256.5,11869.65
2026-06-02,20.0,IEX,10.0,5510.92,18864.88,7860.85
2026-06-02,21.0,IEX,10.0,3988.15,18488.15,6378.3
2026-06-02,22.0,IEX,10.0,3354.07,21086.0,5694.23
2026-06-02,23.0,IEX,10.0,2907.32,24019.85,5190.78
2026-06-02,24.0,IEX,10.0,2663.54,24623.9,4205.18
2026-06-03,1.0,IEX,10.0,2084.49,22851.35,2149.3
2026-06-03,2.0,IEX,10.0,3399.35,19436.0,3541.55
2026-06-03,3.0,IEX,10.0,4330.57,16193.33,4530.78
2026-06-03,4.0,IEX,8.09767,4931.4,13795.45,5772.58
2026-06-03,5.0,IEX,4.80054,5142.85,13251.68,6704.9
2026-06-03,6.0,IEX,4.6284,5623.15,13107.48,7666.28
2026-06-03,7.0,IEX,4.242859999999999,7583.28,14208.28,13157.03
2026-06-03,8.0,IEX,3.21767,6692.23,12435.53,22689.98
2026-06-03,9.0,IEX,2.53167,8187.48,13678.35,34597.48
2026-06-03,10.0,IEX,1.94429,9414.33,14107.98,43148.48
2026-06-03,11.0,IEX,1.6562999999999999,9575.68,13488.75,45294.15
2026-06-03,12.0,IEX,1.5377,9537.35,13237.05,46203.23
2026-06-03,13.0,IEX,1.55789,9411.65,13176.28,45450.83
2026-06-03,14.0,IEX,1.59314,8983.8,13177.23,43775.13
2026-06-03,15.0,IEX,2.08065,9842.86,15668.85,40164.08
2026-06-03,16.0,IEX,2.91448,9274.0,16183.03,30625.08
2026-06-03,17.0,IEX,3.19772,7732.29,14109.98,23213.95
2026-06-03,18.0,IEX,3.51901,7155.04,13167.45,15253.88
2026-06-03,19.0,IEX,5.35558,5488.2,12609.5,9777.48
2026-06-03,20.0,IEX,10.0,5570.12,18378.2,6011.83
2026-06-03,21.0,IEX,10.0,4550.67,19252.9,4992.38
2026-06-03,22.0,IEX,10.0,4292.92,23262.28,4734.63
2026-06-03,23.0,IEX,10.0,2884.55,25949.43,3326.25
2026-06-03,24.0,IEX,10.0,1958.76,24995.2,2216.88
2026-06-04,1.0,IEX,10.0,1156.52,26503.18,1163.33
2026-06-04,2.0,IEX,10.0,1920.24,21938.65,1927.05
2026-06-04,3.0,IEX,10.0,2750.8,18637.68,2757.6
2026-06-04,4.0,IEX,10.0,2991.82,15940.58,2998.63
2026-06-04,5.0,IEX,5.47532,3554.65,15156.53,3934.05
2026-06-04,6.0,IEX,5.1428400000000005,4149.09,14402.15,4813.2
2026-06-04,7.0,IEX,4.38072,6087.15,15586.75,10113.3
2026-06-04,8.0,IEX,3.20209,5964.5,14842.03,18734.2
2026-06-04,9.0,IEX,2.40996,7198.1,14693.8,30663.13
2026-06-04,10.0,IEX,1.80793,8589.3,15157.83,40526.43
2026-06-04,11.0,IEX,1.58284,8567.28,15215.28,43285.0
2026-06-04,12.0,IEX,1.51047,8441.9,15118.7,44105.3
2026-06-04,13.0,IEX,1.5071400000000001,8151.4,14490.88,42998.7
2026-06-04,14.0,IEX,1.28393,8091.33,14393.83,43035.63
2026-06-04,15.0,IEX,1.78203,8250.5,15886.53,37632.33
2026-06-04,16.0,IEX,2.65686,7938.32,16243.7,26018.38
2026-06-04,17.0,IEX,3.08325,6810.97,15668.23,20037.35
2026-06-04,18.0,IEX,3.4871399999999997,5915.99,15049.93,14099.05
2026-06-04,19.0,IEX,5.54461,4909.59,14079.13,7711.95
2026-06-04,20.0,IEX,10.0,4044.42,20816.73,4051.23
2026-06-04,21.0,IEX,10.0,3309.0,22374.28,3315.8
2026-06-04,22.0,IEX,10.0,2540.4,28281.93,2547.2
2026-06-04,23.0,IEX,10.0,1853.61,30730.93,1860.43
2026-06-04,24.0,IEX,10.0,1094.76,30647.4,1101.58
2026-06-05,1.0,IEX,10.0,1351.02,28634.1,1357.83
2026-06-05,2.0,IEX,10.0,2237.45,22461.08,2244.25
2026-06-05,3.0,IEX,10.0,2792.69,17442.3,2799.5
2026-06-05,4.0,IEX,10.0,3031.5,13757.48,3038.3
2026-06-05,5.0,IEX,9.50016,3464.75,15005.0,3491.48
2026-06-05,6.0,IEX,7.750100000000001,4173.35,15435.58,4367.13
2026-06-05,7.0,IEX,4.840020000000001,5659.08,14994.4,8300.98
2026-06-05,8.0,IEX,3.17877,5950.2,13618.9,19467.3
2026-06-05,9.0,IEX,1.99972,6972.1,13320.5,32244.65
2026-06-05,10.0,IEX,1.5668,8508.14,14766.7,41868.3
2026-06-05,11.0,IEX,1.27564,8667.82,15068.25,44587.8
2026-06-05,12.0,IEX,1.0483,8470.9,15066.53,45371.75
2026-06-05,13.0,IEX,1.04852,8572.95,14871.38,43182.0
2026-06-05,14.0,IEX,1.18835,7944.89,14300.93,41802.35
2026-06-05,15.0,IEX,2.07259,8395.62,16810.95,35371.35
2026-06-05,16.0,IEX,2.91058,7628.74,17005.33,24741.53
2026-06-05,17.0,IEX,3.07383,6146.98,15003.35,18022.65
2026-06-05,18.0,IEX,3.82319,5718.35,13302.95,11936.03
2026-06-05,19.0,IEX,5.6118999999999994,4086.42,11378.7,6081.55
2026-06-05,20.0,IEX,10.0,2674.8,17081.38,2681.6
2026-06-05,21.0,IEX,10.0,1879.05,19986.7,1885.85
2026-06-05,22.0,IEX,10.0,1293.39,25014.18,1300.2
2026-06-05,23.0,IEX,10.0,1266.7,29760.35,1273.5
2026-06-05,24.0,IEX,10.0,964.46,31775.15,971.28
2026-06-06,1.0,IEX,10.0,2580.47,17905.68,2587.28
2026-06-06,2.0,IEX,10.0,3470.67,15444.98,3477.48
2026-06-06,3.0,IEX,5.80019,5126.08,13637.0,5582.5
2026-06-06,4.0,IEX,4.435560000000001,4946.38,12703.48,6691.1
2026-06-06,5.0,IEX,4.7773,6523.65,14370.8,7582.78
2026-06-06,6.0,IEX,4.5651,6902.34,14739.65,8529.78
2026-06-06,7.0,IEX,3.7950399999999997,7419.45,13649.35,13773.5
2026-06-06,8.0,IEX,2.92734,6520.58,11130.7,23238.83
2026-06-06,9.0,IEX,1.9766700000000001,7722.08,11310.63,37011.85
2026-06-06,10.0,IEX,1.1410799999999999,9200.87,11811.63,46961.65
2026-06-06,11.0,IEX,1.04827,9007.08,11535.35,48908.35
2026-06-06,12.0,IEX,1.04826,8700.89,11260.95,49233.98
2026-06-06,13.0,IEX,1.0481500000000001,8080.47,10289.0,47652.15
2026-06-06,14.0,IEX,1.04814,8001.67,10199.45,46330.25
2026-06-06,15.0,IEX,1.7136500000000001,8888.02,12214.25,37964.6
2026-06-06,16.0,IEX,2.65565,8016.63,12110.5,27698.7
2026-06-06,17.0,IEX,2.90923,7316.84,11627.0,22616.35
2026-06-06,18.0,IEX,3.34506,6934.67,11721.25,15873.7
2026-06-06,19.0,IEX,3.33433,4489.16,10098.75,9492.9
2026-06-06,20.0,IEX,7.95925,4779.85,13102.7,5079.85
2026-06-06,21.0,IEX,10.0,3404.95,14910.03,3411.75
2026-06-06,22.0,IEX,10.0,2274.32,18963.08,2281.13
2026-06-06,23.0,IEX,10.0,2441.28,23244.63,2448.1
2026-06-06,24.0,IEX,10.0,1765.03,23398.68,1771.83
2026-06-07,1.0,IEX,10.0,2195.5,17316.6,2202.3
2026-06-07,2.0,IEX,10.0,2557.97,13433.95,2564.78
2026-06-07,3.0,IEX,8.04991,2921.4,10919.73,3040.53
2026-06-07,4.0,IEX,4.65457,3971.63,10264.68,4745.85
2026-06-07,5.0,IEX,6.7503400000000005,5424.9,12639.08,5636.53
2026-06-07,6.0,IEX,5.62111,6198.4,12412.58,6717.05
2026-06-07,7.0,IEX,4.28708,7295.14,12398.03,10800.3
2026-06-07,8.0,IEX,2.54596,6013.6,9852.2,21468.88
2026-06-07,9.0,IEX,1.79436,6798.75,9917.88,34039.88
2026-06-07,10.0,IEX,1.30036,7645.81,10042.18,43599.2
2026-06-07,11.0,IEX,1.03608,7700.89,9837.35,46545.4
2026-06-07,12.0,IEX,0.50646,7727.94,9391.0,46899.25
2026-06-07,13.0,IEX,0.49999,7665.67,8994.08,45784.3
2026-06-07,14.0,IEX,0.63685,7855.38,9169.68,45390.98
2026-06-07,15.0,IEX,1.30163,7562.95,10772.6,39915.45
2026-06-07,16.0,IEX,2.00292,6751.03,10340.3,29258.4
2026-06-07,17.0,IEX,2.44543,6051.75,9901.7,22415.8
2026-06-07,18.0,IEX,3.1396599999999997,6207.6,9455.2,16122.2
2026-06-07,19.0,IEX,1.9773800000000001,4120.98,7875.4,12037.9
2026-06-07,20.0,IEX,4.51022,4468.75,9173.63,7192.78
2026-06-07,21.0,IEX,7.1626,3682.75,10396.13,4446.83
2026-06-07,22.0,IEX,10.0,2628.75,12900.05,2642.55
2026-06-07,23.0,IEX,10.0,2579.62,18940.5,2586.43
2026-06-07,24.0,IEX,10.0,1789.99,17777.55,1796.8
2026-06-08,1.0,IEX,10.0,1744.19,17915.5,1744.2
2026-06-08,2.0,IEX,10.0,2931.1,12685.95,2931.1
2026-06-08,3.0,IEX,10.0,3456.7,11226.6,3481.7
2026-06-08,4.0,IEX,6.68328,3753.4,10666.68,4270.3
2026-06-08,5.0,IEX,5.588550000000001,4359.15,12147.33,5165.63
2026-06-08,6.0,IEX,4.614739999999999,4566.28,12426.88,6333.13
2026-06-08,7.0,IEX,4.39236,5527.8,12764.83,9035.4
2026-06-08,8.0,IEX,2.6295300000000004,5393.13,10832.73,18695.23
2026-06-08,9.0,IEX,1.9991199999999998,7189.08,11292.78,31862.35
2026-06-08,10.0,IEX,1.46376,7912.33,11450.15,41605.28
2026-06-08,11.0,IEX,1.04825,7866.84,11159.43,45163.63
2026-06-08,12.0,IEX,1.04826,7695.34,11343.8,43917.2
2026-06-08,13.0,IEX,1.0485,7708.6,11007.63,41694.18
2026-06-08,14.0,IEX,1.12152,7917.14,11361.65,40841.03
2026-06-08,15.0,IEX,2.09139,8899.13,14045.55,34836.4
2026-06-08,16.0,IEX,2.7163000000000004,7266.53,13925.6,25429.33
2026-06-08,17.0,IEX,3.01655,6426.43,13620.9,18869.28
2026-06-08,18.0,IEX,3.53763,6128.55,11795.88,12634.1
2026-06-08,19.0,IEX,4.05923,4390.85,10490.78,7485.3
2026-06-08,20.0,IEX,10.0,2721.77,14071.6,2728.58
2026-06-08,21.0,IEX,10.0,2381.2,18044.45,2388.0
2026-06-08,22.0,IEX,10.0,2036.47,25013.43,2043.28
2026-06-08,23.0,IEX,10.0,1486.2,35056.53,1493.0
2026-06-08,24.0,IEX,10.0,1111.43,34251.13,1118.23
2026-06-09,1.0,IEX,10.0,2243.09,17084.83,2249.9
2026-06-09,2.0,IEX,10.0,3001.98,13539.8,3008.78
2026-06-09,3.0,IEX,8.00023,4309.92,11720.75,4599.43
2026-06-09,4.0,IEX,5.03951,4181.18,10462.6,5590.0
2026-06-09,5.0,IEX,5.596229999999999,5323.03,11640.98,6528.05
2026-06-09,6.0,IEX,5.02232,5277.28,11652.65,6622.58
2026-06-09,7.0,IEX,4.53701,6399.0,11944.75,9576.58
2026-06-09,8.0,IEX,3.33148,5904.39,10176.63,19976.1
2026-06-09,9.0,IEX,2.30038,7914.54,10807.68,35142.05
2026-06-09,10.0,IEX,1.22383,8640.59,10827.03,45212.65
2026-06-09,11.0,IEX,1.04838,8125.46,10683.1,48066.95
2026-06-09,12.0,IEX,1.0483399999999998,8035.41,11019.38,47641.63
2026-06-09,13.0,IEX,1.04886,9221.63,10970.2,45884.05
2026-06-09,14.0,IEX,1.20072,8657.87,11504.33,44812.13
2026-06-09,15.0,IEX,2.2145900000000003,9560.73,14373.28,37996.78
2026-06-09,16.0,IEX,3.0533099999999997,8215.05,13897.35,27734.8
2026-06-09,17.0,IEX,3.28382,7506.75,12895.28,22253.03
2026-06-09,18.0,IEX,3.61627,6973.47,11082.6,14334.13
2026-06-09,19.0,IEX,4.00543,4858.33,9794.7,8567.85
2026-06-09,20.0,IEX,10.0,4361.87,13595.25,4368.68
2026-06-09,21.0,IEX,10.0,3361.5,16733.9,3368.3
2026-06-09,22.0,IEX,10.0,3389.1,22691.6,3395.9
2026-06-09,23.0,IEX,10.0,2642.15,26747.4,2648.95
2026-06-09,24.0,IEX,10.0,1824.74,27767.88,1831.55
2026-06-10,1.0,IEX,10.0,1868.79,21010.53,1875.6
2026-06-10,2.0,IEX,10.0,2636.23,14306.93,2643.03
2026-06-10,3.0,IEX,10.0,2913.28,12140.3,2920.08
2026-06-10,4.0,IEX,6.06233,3042.26,11225.2,3676.6
2026-06-10,5.0,IEX,6.12432,3889.5,11551.08,4468.08
2026-06-10,6.0,IEX,5.06478,4387.75,11520.03,5281.9
2026-06-10,7.0,IEX,4.30309,5324.77,12151.7,9599.95
2026-06-10,8.0,IEX,2.97769,5470.53,11083.08,19079.5
2026-06-10,9.0,IEX,2.25856,7751.36,10849.53,33718.58
2026-06-10,10.0,IEX,1.57941,8723.0,11640.98,43178.38
2026-06-10,11.0,IEX,1.2013399999999999,8624.9,11590.33,46085.0
2026-06-10,12.0,IEX,1.0926099999999999,8503.22,11768.7,46242.55
2026-06-10,13.0,IEX,1.1073199999999999,8895.16,11770.2,44467.23
2026-06-10,14.0,IEX,1.6131300000000002,9684.52,12677.15,43696.78
2026-06-10,15.0,IEX,2.47969,10365.3,15718.73,37408.83
2026-06-10,16.0,IEX,3.2314499999999997,8663.81,15250.9,27214.08
2026-06-10,17.0,IEX,3.41915,8011.73,13798.53,20938.8
2026-06-10,18.0,IEX,3.5889,7013.61,12463.2,13237.68
2026-06-10,19.0,IEX,4.178319999999999,4992.46,11658.65,7478.63
2026-06-10,20.0,IEX,10.0,3806.62,15563.88,3813.43
2026-06-10,21.0,IEX,10.0,2992.03,19521.63,2998.83
2026-06-10,22.0,IEX,10.0,2768.75,25728.05,2775.55
2026-06-10,23.0,IEX,10.0,1878.65,28666.55,1885.45
2026-06-10,24.0,IEX,10.0,1577.67,28616.45,1584.48
2026-06-11,1.0,IEX,10.0,2742.5,14728.78,2808.3
2026-06-11,2.0,IEX,7.62506,3445.98,11460.2,4115.45
2026-06-11,3.0,IEX,4.343520000000001,2942.85,9825.43,5324.05
2026-06-11,4.0,IEX,4.05292,2725.98,9471.53,5523.1
2026-06-11,5.0,IEX,4.22762,3974.62,10596.1,7155.05
2026-06-11,6.0,IEX,4.4069899999999995,4929.9,11531.8,7934.53
2026-06-11,7.0,IEX,3.9672199999999997,6083.3,12149.73,12987.7
2026-06-11,8.0,IEX,3.17194,5953.91,10739.38,21763.63
2026-06-11,9.0,IEX,2.10935,7731.05,10246.08,35534.85
2026-06-11,10.0,IEX,1.36348,7984.48,10555.6,46349.98
2026-06-11,11.0,IEX,1.35213,8910.32,11781.48,49632.28
2026-06-11,12.0,IEX,1.1502999999999999,9020.12,11941.4,48753.05
2026-06-11,13.0,IEX,1.15201,9384.24,12058.0,44992.35
2026-06-11,14.0,IEX,1.45932,9342.41,11838.85,42178.45
2026-06-11,15.0,IEX,2.33064,10085.01,13551.15,35073.3
2026-06-11,16.0,IEX,3.07381,8724.02,13700.23,26230.1
2026-06-11,17.0,IEX,3.20509,7848.08,13120.98,22554.3
2026-06-11,18.0,IEX,3.40817,8052.88,12822.53,17160.93
2026-06-11,19.0,IEX,3.27231,4423.68,9663.75,11485.0
2026-06-11,20.0,IEX,5.50342,4862.86,11706.8,6929.13
2026-06-11,21.0,IEX,8.89988,4036.15,11834.73,4874.8
2026-06-11,22.0,IEX,10.0,3663.1,16742.83,4114.5
2026-06-11,23.0,IEX,10.0,3302.44,22298.08,3748.85
2026-06-11,24.0,IEX,10.0,2676.65,15951.85,2935.75
2026-06-12,1.0,IEX,6.06292,2940.08,11163.08,4276.83
2026-06-12,2.0,IEX,4.38995,3060.15,10029.45,5399.98
2026-06-12,3.0,IEX,3.57676,3590.83,10043.7,8782.53
2026-06-12,4.0,IEX,3.40368,4100.38,10387.53,11264.7
2026-06-12,5.0,IEX,3.38837,4935.88,11194.08,13689.65
2026-06-12,6.0,IEX,3.43902,5324.53,11438.53,14342.2
2026-06-12,7.0,IEX,3.10235,6483.13,11585.85,19601.0
2026-06-12,8.0,IEX,2.40358,6655.4,10422.55,27882.35
2026-06-12,9.0,IEX,1.3993499999999999,6935.2,8962.78,42654.03
2026-06-12,10.0,IEX,0.87679,6683.92,8324.1,51990.2
2026-06-12,11.0,IEX,0.94001,6778.05,8665.75,55119.5
2026-06-12,12.0,IEX,1.04746,6799.8,9148.03,56180.43
2026-06-12,13.0,IEX,1.09205,6599.85,8670.48,53296.6
2026-06-12,14.0,IEX,1.0923800000000001,7055.85,9082.88,51283.3
2026-06-12,15.0,IEX,1.84613,8016.85,11067.55,42102.4
2026-06-12,16.0,IEX,2.5189899999999996,7059.31,11360.25,31522.68
2026-06-12,17.0,IEX,2.66039,6983.78,12080.55,26415.18
2026-06-12,18.0,IEX,2.82838,6189.35,11604.38,18747.38
2026-06-12,19.0,IEX,3.41927,5057.3,10920.6,11828.7
2026-06-12,20.0,IEX,4.83371,4901.3,11970.23,6724.3
2026-06-12,21.0,IEX,6.05018,3722.1,11293.08,4858.2
2026-06-12,22.0,IEX,9.74962,3763.97,13152.1,4688.8
2026-06-12,23.0,IEX,10.0,3555.13,14764.03,4001.53
2026-06-12,24.0,IEX,10.0,3035.87,14093.63,3294.98
2026-06-13,1.0,IEX,5.53337,5359.95,12596.45,7175.0
2026-06-13,2.0,IEX,4.24505,5758.3,12432.15,9630.4
2026-06-13,3.0,IEX,4.0323899999999995,5478.85,11788.1,11219.85
2026-06-13,4.0,IEX,3.40502,4812.0,10509.23,12810.35
2026-06-13,5.0,IEX,3.45488,5391.18,11075.48,13714.25
2026-06-13,6.0,IEX,3.04717,5219.75,10717.98,14060.58
2026-06-13,7.0,IEX,2.80637,6315.7,11282.73,19005.7
2026-06-13,8.0,IEX,2.17737,7131.28,9995.78,27801.35
2026-06-13,9.0,IEX,1.14861,6499.51,8371.25,40946.95
2026-06-13,10.0,IEX,0.49939999999999996,5687.04,6835.68,50857.15
2026-06-13,11.0,IEX,0.49198000000000003,5366.33,6549.8,54511.53
2026-06-13,12.0,IEX,0.55231,5481.6,6878.25,54933.33
2026-06-13,13.0,IEX,1.09247,5638.93,6781.78,52796.83
2026-06-13,14.0,IEX,1.23152,5581.3,6838.3,49763.55
2026-06-13,15.0,IEX,1.7153399999999999,6495.19,8994.03,41521.25
2026-06-13,16.0,IEX,2.26458,6476.21,9552.35,28984.68
2026-06-13,17.0,IEX,2.40061,6867.95,10744.48,23486.25
2026-06-13,18.0,IEX,2.5226100000000002,6089.67,10380.88,18686.65
2026-06-13,19.0,IEX,2.93269,5763.03,10457.48,14347.05
2026-06-13,20.0,IEX,4.37341,6304.03,12414.28,9756.5
2026-06-13,21.0,IEX,4.597189999999999,6044.78,12524.35,8784.23
2026-06-13,22.0,IEX,5.7107,4901.9,13296.78,6990.65
2026-06-13,23.0,IEX,9.39983,5129.68,15376.4,6564.8
2026-06-13,24.0,IEX,10.0,4699.29,16022.28,5705.13
2026-06-14,1.0,IEX,4.90569,7687.31,15168.35,11025.73
2026-06-14,2.0,IEX,4.32325,7510.03,13974.48,12356.73
2026-06-14,3.0,IEX,3.49068,6228.33,11832.3,13920.33
2026-06-14,4.0,IEX,3.33387,5115.56,10743.38,15009.25
2026-06-14,5.0,IEX,3.18473,4865.42,10463.75,15820.6
2026-06-14,6.0,IEX,3.13757,4895.38,10380.4,15866.48
2026-06-14,7.0,IEX,2.60001,5962.88,10202.38,21681.43
2026-06-14,8.0,IEX,1.9057,6336.48,8756.35,29454.63
2026-06-14,9.0,IEX,0.41629,5900.61,7165.98,44706.0
2026-06-14,10.0,IEX,0.19968,5425.05,5946.1,54681.13
2026-06-14,11.0,IEX,0.19956000000000002,5498.44,6019.38,58147.2
2026-06-14,12.0,IEX,0.19971,6385.11,6900.63,58062.48
2026-06-14,13.0,IEX,0.19975,6361.47,6532.65,56057.73
2026-06-14,14.0,IEX,0.19982,6365.73,6536.38,54007.15
2026-06-14,15.0,IEX,0.9570700000000001,7550.8,9175.0,47552.8
2026-06-14,16.0,IEX,1.82197,6802.03,8893.8,35261.75
2026-06-14,17.0,IEX,1.47474,6180.6,8066.95,29909.98
2026-06-14,18.0,IEX,1.4317,5633.53,7426.53,24511.05
2026-06-14,19.0,IEX,2.15688,6161.51,8341.7,18653.08
2026-06-14,20.0,IEX,2.77137,5184.03,9616.63,16098.48
2026-06-14,21.0,IEX,3.14736,5273.18,9957.5,14376.0
2026-06-14,22.0,IEX,4.12073,6786.02,11995.73,12400.18
2026-06-14,23.0,IEX,6.2637,6854.49,13761.4,11077.85
2026-06-14,24.0,IEX,6.6244499999999995,6787.43,13757.03,10035.93
2026-06-15,1.0,IEX,5.2056700000000005,6116.2,13687.03,8774.58
2026-06-15,2.0,IEX,4.7563,6555.0,12784.68,9896.9
2026-06-15,3.0,IEX,3.99542,5983.3,11125.83,11686.95
2026-06-15,4.0,IEX,3.6397,5928.93,10700.08,13388.18
2026-06-15,5.0,IEX,3.61233,5911.25,10560.13,14503.35
2026-06-15,6.0,IEX,3.50671,5698.38,10414.93,14654.28
2026-06-15,7.0,IEX,3.14027,5790.82,10920.03,18973.48
2026-06-15,8.0,IEX,2.3051,5857.5,9514.48,28835.08
2026-06-15,9.0,IEX,1.28326,5931.73,8185.43,41364.93
2026-06-15,10.0,IEX,0.92789,6081.64,7726.38,48940.68
2026-06-15,11.0,IEX,0.75271,5918.86,7520.58,53001.88
2026-06-15,12.0,IEX,1.09209,5982.6,7970.95,52136.38
2026-06-15,13.0,IEX,1.0923800000000001,5961.34,7622.78,49871.33
2026-06-15,14.0,IEX,1.0926099999999999,5949.83,7606.23,47705.28
2026-06-15,15.0,IEX,1.73655,7605.08,10420.25,40962.63
2026-06-15,16.0,IEX,2.50421,6265.97,10576.15,28634.18
2026-06-15,17.0,IEX,2.8325,6384.2,11694.9,24309.85
2026-06-15,18.0,IEX,3.24166,6796.2,11854.6,17084.0
2026-06-15,19.0,IEX,3.75283,5635.5,11084.85,11147.3
2026-06-15,20.0,IEX,4.6146,6009.48,13243.03,9177.78
2026-06-15,21.0,IEX,5.167680000000001,5770.18,13546.9,8112.4
2026-06-15,22.0,IEX,9.24988,5324.14,14763.35,6484.75
2026-06-15,23.0,IEX,10.0,4861.23,17341.18,5912.93
2026-06-15,24.0,IEX,10.0,3888.7,18217.98,4664.73
2026-06-16,1.0,IEX,10.0,5112.3,18961.25,5669.5
2026-06-16,2.0,IEX,7.188,5321.07,17040.0,6730.13
2026-06-16,3.0,IEX,5.58986,6048.66,15413.93,8750.98
2026-06-16,4.0,IEX,4.448510000000001,5713.0,13362.63,11353.75
2026-06-16,5.0,IEX,3.95449,4904.5,11889.23,12121.93
2026-06-16,6.0,IEX,3.5894299999999997,5439.54,12254.6,12930.23
2026-06-16,7.0,IEX,3.16564,6634.84,13281.63,18954.15
2026-06-16,8.0,IEX,2.4897199999999997,6155.63,11712.85,27583.68
2026-06-16,9.0,IEX,1.80315,6454.48,10156.5,41436.58
2026-06-16,10.0,IEX,1.20039,5936.4,8817.95,52109.03
2026-06-16,11.0,IEX,1.1803800000000002,6865.58,9608.15,55064.15
2026-06-16,12.0,IEX,1.11974,7481.7,10416.0,54974.75
2026-06-16,13.0,IEX,1.20485,7347.54,9990.33,53617.45
2026-06-16,14.0,IEX,1.51269,7392.15,10257.48,51495.5
2026-06-16,15.0,IEX,1.95776,7891.45,12882.1,44954.85
2026-06-16,16.0,IEX,2.51134,6902.57,12542.35,30958.5
2026-06-16,17.0,IEX,2.76579,6987.59,13552.63,26479.58
2026-06-16,18.0,IEX,3.38827,6207.38,11965.58,19848.33
2026-06-16,19.0,IEX,3.5265500000000003,4975.98,11638.4,13304.9
2026-06-16,20.0,IEX,4.527310000000001,5866.04,14725.9,8811.18
2026-06-16,21.0,IEX,5.82239,5368.77,15328.63,6535.48
2026-06-16,22.0,IEX,10.0,4152.15,16255.03,4989.95
2026-06-16,23.0,IEX,10.0,3757.62,19349.85,4595.43
2026-06-16,24.0,IEX,10.0,2859.9,19056.0,3510.4
2026-06-17,1.0,IEX,10.0,3696.74,19577.85,3703.55
2026-06-17,2.0,IEX,9.80248,5237.15,17625.1,5250.55
2026-06-17,3.0,IEX,8.075479999999999,5636.18,16789.73,5988.53
2026-06-17,4.0,IEX,5.26977,5804.4,16076.93,6562.5
2026-06-17,5.0,IEX,4.37507,5748.2,15059.08,7984.23
2026-06-17,6.0,IEX,4.400810000000001,5900.77,15978.4,8039.6
2026-06-17,7.0,IEX,4.05562,8179.95,17240.25,12994.38
2026-06-17,8.0,IEX,3.12508,6815.2,15914.83,22573.98
2026-06-17,9.0,IEX,2.32129,7718.51,14516.25,34394.85
2026-06-17,10.0,IEX,1.2922799999999999,7694.67,12202.65,44943.83
2026-06-17,11.0,IEX,1.09271,8223.25,12603.53,47559.85
2026-06-17,12.0,IEX,1.0926500000000001,8659.06,12979.85,47355.2
2026-06-17,13.0,IEX,1.09267,8568.18,12618.78,46156.88
2026-06-17,14.0,IEX,1.25897,8725.0,12763.98,43419.43
2026-06-17,15.0,IEX,2.0215199999999998,9100.81,15527.9,36716.55
2026-06-17,16.0,IEX,2.61021,7191.46,15677.85,26314.05
2026-06-17,17.0,IEX,3.12759,7222.6,17342.43,21734.75
2026-06-17,18.0,IEX,3.5189899999999996,6866.5,16420.15,14971.0
2026-06-17,19.0,IEX,4.09405,5481.47,14408.05,8923.18
2026-06-17,20.0,IEX,7.1502,4466.13,16321.98,4571.33
2026-06-17,21.0,IEX,10.0,2728.24,17473.58,2735.05
2026-06-17,22.0,IEX,10.0,2124.88,19894.85,2131.68
2026-06-17,23.0,IEX,10.0,1988.97,25922.0,1995.78
2026-06-17,24.0,IEX,10.0,1755.34,26852.15,1762.15
2026-06-18,1.0,IEX,10.0,1806.09,28071.83,1841.9
2026-06-18,2.0,IEX,10.0,2976.9,22792.25,3051.4
2026-06-18,3.0,IEX,10.0,4167.37,18755.25,4270.88
2026-06-18,4.0,IEX,9.000860000000001,4604.15,18275.3,4875.83
2026-06-18,5.0,IEX,6.9738299999999995,5533.28,19102.88,6271.48
2026-06-18,6.0,IEX,9.12429,7340.18,22629.98,7737.18
2026-06-18,7.0,IEX,5.28971,10711.1,23170.1,13090.78
2026-06-18,8.0,IEX,3.3207199999999997,7922.83,19934.43,22363.73
2026-06-18,9.0,IEX,2.64677,7861.14,18724.58,32147.23
2026-06-18,10.0,IEX,2.00369,8742.78,17055.48,40249.28
2026-06-18,11.0,IEX,1.6627100000000001,9001.0,17050.0,42448.95
2026-06-18,12.0,IEX,1.5763900000000002,9078.4,17475.15,41536.75
2026-06-18,13.0,IEX,1.4378499999999999,8661.08,16917.3,39664.03
2026-06-18,14.0,IEX,1.5446900000000001,8762.37,17145.88,38257.9
2026-06-18,15.0,IEX,2.12099,9011.37,19598.68,33176.38
2026-06-18,16.0,IEX,2.98868,8788.6,20655.98,25399.58
2026-06-18,17.0,IEX,3.4657,9479.82,22331.73,22410.08
2026-06-18,18.0,IEX,3.91424,9213.76,22553.48,15887.93
2026-06-18,19.0,IEX,3.97774,5829.68,18179.55,9659.05
2026-06-18,20.0,IEX,9.12523,4886.35,20975.48,5606.03
2026-06-18,21.0,IEX,10.0,3952.3,23560.05,4203.38
2026-06-18,22.0,IEX,10.0,2910.6,31130.98,3136.7
2026-06-18,23.0,IEX,10.0,2878.29,35000.4,3111.9
2026-06-18,24.0,IEX,10.0,2647.61,33356.13,2780.08
2026-06-19,1.0,IEX,10.0,1242.37,34276.33,1249.18
2026-06-19,2.0,IEX,10.0,1515.6,27640.65,1522.4
2026-06-19,3.0,IEX,10.0,1974.62,23148.65,1981.43
2026-06-19,4.0,IEX,10.0,2908.3,21054.03,2915.1
2026-06-19,5.0,IEX,10.0,3914.8,21681.35,3921.6
2026-06-19,6.0,IEX,10.0,4217.99,24168.38,4224.8
2026-06-19,7.0,IEX,8.78269,6646.78,24988.53,6808.5
2026-06-19,8.0,IEX,3.8669000000000002,6589.25,22710.4,14366.05
2026-06-19,9.0,IEX,2.63616,6912.17,20129.5,25083.35
2026-06-19,10.0,IEX,1.8661500000000002,8506.52,18009.9,35535.63
2026-06-19,11.0,IEX,1.6399000000000001,8918.5,18639.53,40788.13
2026-06-19,12.0,IEX,1.55572,8888.03,19335.73,41376.35
2026-06-19,13.0,IEX,1.5683099999999999,9514.3,19696.7,39985.2
2026-06-19,14.0,IEX,1.66329,9528.71,19835.43,38984.25
2026-06-19,15.0,IEX,2.37573,9617.63,22792.7,33460.15
2026-06-19,16.0,IEX,2.94483,8143.5,22665.4,24886.25
2026-06-19,17.0,IEX,3.2441,7056.93,23231.23,19616.15
2026-06-19,18.0,IEX,4.1373299999999995,7506.95,23894.0,12374.55
2026-06-19,19.0,IEX,7.27796,5071.1,21217.13,5723.23
2026-06-19,20.0,IEX,10.0,2098.87,27080.5,2105.68
2026-06-19,21.0,IEX,10.0,1631.24,32513.28,1638.05
2026-06-19,22.0,IEX,10.0,1388.06,37813.88,1394.88
2026-06-19,23.0,IEX,10.0,1289.74,40921.85,1296.55
2026-06-19,24.0,IEX,10.0,1179.47,41560.28,1186.28
2026-06-20,1.0,IEX,10.0,1533.12,23364.85,1539.93
2026-06-20,2.0,IEX,10.0,2404.7,20129.6,2411.5
2026-06-20,3.0,IEX,10.0,3492.1,16951.1,3498.9
2026-06-20,4.0,IEX,10.0,4508.72,16871.73,4515.53
2026-06-20,5.0,IEX,10.0,5039.2,16816.55,5046.0
2026-06-20,6.0,IEX,9.25,4481.77,16063.5,4603.93
2026-06-20,7.0,IEX,5.79959,7058.25,18070.78,7796.33
2026-06-20,8.0,IEX,3.6455900000000003,7266.53,18663.48,13756.23
2026-06-20,9.0,IEX,2.67144,8002.67,18018.83,24677.75
2026-06-20,10.0,IEX,2.22369,9275.94,17083.83,35068.73
2026-06-20,11.0,IEX,1.9617,9687.35,16882.7,39390.23
2026-06-20,12.0,IEX,1.8198299999999998,9859.38,17065.8,40833.38
2026-06-20,13.0,IEX,1.79308,10002.89,17361.5,40717.55
2026-06-20,14.0,IEX,1.89831,9651.74,16988.95,38553.08
2026-06-20,15.0,IEX,2.36852,9390.78,18252.43,31523.2
2026-06-20,16.0,IEX,2.93845,8321.5,18797.95,23553.93
2026-06-20,17.0,IEX,3.34044,7330.13,20045.08,17072.13
2026-06-20,18.0,IEX,3.7328699999999997,7384.73,20163.45,11979.7
2026-06-20,19.0,IEX,6.04006,5509.02,17721.53,6652.58
2026-06-20,20.0,IEX,10.0,3697.97,22770.28,3704.78
2026-06-20,21.0,IEX,10.0,2547.79,28448.05,2554.6
2026-06-20,22.0,IEX,10.0,1878.87,32899.08,1885.68
2026-06-20,23.0,IEX,10.0,1481.05,37286.78,1487.85
2026-06-20,24.0,IEX,10.0,1276.88,38322.3,1283.7
2026-06-21,1.0,IEX,10.0,1554.81,21274.3,1554.83
2026-06-21,2.0,IEX,10.0,2039.97,18276.7,2039.98
2026-06-21,3.0,IEX,10.0,2963.67,16953.8,2963.68
2026-06-21,4.0,IEX,10.0,4076.82,16476.98,4076.83
2026-06-21,5.0,IEX,9.39997,4821.82,16058.23,4832.63
2026-06-21,6.0,IEX,10.0,5290.22,17393.68,5290.23
2026-06-21,7.0,IEX,7.96824,7396.5,18325.85,7627.48
2026-06-21,8.0,IEX,3.20608,6986.11,15944.23,15074.7
2026-06-21,9.0,IEX,1.82703,8149.35,11712.6,27513.88
2026-06-21,10.0,IEX,1.04572,7528.44,9103.95,39312.1
2026-06-21,11.0,IEX,1.0691,7557.14,9171.15,45027.25
2026-06-21,12.0,IEX,1.0922,7998.94,9775.78,46578.5
2026-06-21,13.0,IEX,1.09225,8291.47,9796.7,46716.2
2026-06-21,14.0,IEX,1.09268,8604.82,10035.33,44499.23
2026-06-21,15.0,IEX,1.7291800000000002,9209.22,12256.38,36496.23
2026-06-21,16.0,IEX,2.46452,8192.56,13286.2,27851.0
2026-06-21,17.0,IEX,2.71809,7674.93,14290.38,21484.75
2026-06-21,18.0,IEX,2.95999,6594.22,13778.33,15920.75
2026-06-21,19.0,IEX,3.63863,5897.83,13683.4,10292.38
2026-06-21,20.0,IEX,5.7458800000000005,6169.9,15481.43,6868.23
2026-06-21,21.0,IEX,10.0,4690.85,17129.0,4695.55
2026-06-21,22.0,IEX,10.0,3136.85,19228.65,3136.85
2026-06-21,23.0,IEX,10.0,2647.6,20405.9,2647.6
2026-06-21,24.0,IEX,10.0,1957.45,21563.18,1957.45
2026-06-22,1.0,IEX,10.0,1821.63,21747.73,1828.43
2026-06-22,2.0,IEX,10.0,2660.47,18147.05,2667.28
2026-06-22,3.0,IEX,10.0,3301.75,16096.73,3308.55
2026-06-22,4.0,IEX,10.0,3677.33,16138.6,3684.13
2026-06-22,5.0,IEX,9.999889999999999,3939.65,16837.2,3952.05
2026-06-22,6.0,IEX,9.24976,4328.82,17792.3,4385.9
2026-06-22,7.0,IEX,9.00017,6350.39,20729.95,6456.83
2026-06-22,8.0,IEX,3.68279,7169.31,19750.35,13260.15
2026-06-22,9.0,IEX,2.39367,8220.63,17034.7,25712.85
2026-06-22,10.0,IEX,1.66243,8513.84,15979.1,38066.95
2026-06-22,11.0,IEX,1.50162,9616.7,17170.13,43454.2
2026-06-22,12.0,IEX,1.39727,10127.48,17523.63,44409.38
2026-06-22,13.0,IEX,1.55653,10467.8,17507.28,43574.83
2026-06-22,14.0,IEX,1.66069,10557.03,17732.35,42368.13
2026-06-22,15.0,IEX,2.4785,10896.78,20210.18,36329.53
2026-06-22,16.0,IEX,2.9974499999999997,9324.6,20218.6,25395.53
2026-06-22,17.0,IEX,3.35283,8114.96,20774.18,18625.73
2026-06-22,18.0,IEX,3.7448699999999997,8410.42,21145.5,12849.35
2026-06-22,19.0,IEX,5.39897,5769.83,17145.0,7568.78
2026-06-22,20.0,IEX,10.0,3159.47,19381.65,3166.28
2026-06-22,21.0,IEX,10.0,2308.88,21274.4,2315.68
2026-06-22,22.0,IEX,10.0,1945.58,29101.08,1952.38
2026-06-22,23.0,IEX,10.0,1676.13,34195.83,1684.2
2026-06-22,24.0,IEX,10.0,1396.17,33835.08,1402.98
2026-06-23,1.0,IEX,10.0,2167.07,19749.33,2173.88
2026-06-23,2.0,IEX,10.0,2915.34,16116.6,2922.15
2026-06-23,3.0,IEX,10.0,4575.15,14653.25,4581.95
2026-06-23,4.0,IEX,10.0,5117.2,14811.55,5124.0
2026-06-23,5.0,IEX,9.24979,5702.52,15321.83,5791.63
2026-06-23,6.0,IEX,7.394819999999999,5702.48,15678.68,6161.25
2026-06-23,7.0,IEX,5.50937,7752.05,19204.8,9136.3
2026-06-23,8.0,IEX,3.18826,7390.58,17926.48,15841.55
2026-06-23,9.0,IEX,2.26097,8876.96,15017.05,29084.43
2026-06-23,10.0,IEX,1.3853,8723.83,13750.95,41357.0
2026-06-23,11.0,IEX,1.32298,9231.6,14712.7,48277.98
2026-06-23,12.0,IEX,1.2781,9181.12,14734.0,48287.68
2026-06-23,13.0,IEX,1.3534300000000001,10371.08,15507.93,48032.98
2026-06-23,14.0,IEX,1.28513,9926.91,15548.68,46589.5
2026-06-23,15.0,IEX,1.88984,10455.1,16587.9,39333.15
2026-06-23,16.0,IEX,2.6729600000000002,8592.46,16874.18,29208.9
2026-06-23,17.0,IEX,2.9814499999999997,7600.98,16952.68,22232.7
2026-06-23,18.0,IEX,3.40914,6823.78,16263.05,15162.33
2026-06-23,19.0,IEX,4.04779,5088.13,13308.55,8277.93
2026-06-23,20.0,IEX,7.93195,3761.45,14787.35,4057.0
2026-06-23,21.0,IEX,10.0,2594.39,16147.43,2605.2
2026-06-23,22.0,IEX,10.0,1924.35,18617.1,1931.15
2026-06-23,23.0,IEX,10.0,1730.26,24370.1,1737.08
2026-06-23,24.0,IEX,10.0,1504.5,25389.05,1511.3
2026-06-24,1.0,IEX,10.0,3736.22,16922.18,3743.03
2026-06-24,2.0,IEX,9.249780000000001,4835.19,13012.83,4903.7
2026-06-24,3.0,IEX,4.5441199999999995,5130.31,12030.9,6361.53
2026-06-24,4.0,IEX,4.560569999999999,5466.1,13528.1,6719.23
2026-06-24,5.0,IEX,4.51062,5075.03,13541.93,6541.88
2026-06-24,6.0,IEX,5.89016,6421.77,15279.5,6946.78
2026-06-24,7.0,IEX,4.8797299999999995,7842.1,16205.73,9290.93
2026-06-24,8.0,IEX,3.05149,7689.78,15316.3,15990.35
2026-06-24,9.0,IEX,1.84975,9038.42,12978.2,30485.0
2026-06-24,10.0,IEX,1.24103,8241.1,11186.68,40721.7
2026-06-24,11.0,IEX,1.16577,9450.88,12097.3,46384.15
2026-06-24,12.0,IEX,1.09393,9915.5,11707.78,46932.08
2026-06-24,13.0,IEX,1.1515199999999999,9921.22,11372.65,46466.9
2026-06-24,14.0,IEX,1.2159200000000001,9818.83,11599.28,45981.03
2026-06-24,15.0,IEX,1.7288800000000002,11148.48,14149.68,40078.75
2026-06-24,16.0,IEX,2.5246,9876.7,13970.05,31771.93
2026-06-24,17.0,IEX,2.83032,8786.84,13896.03,26052.95
2026-06-24,18.0,IEX,3.34696,8123.02,14586.65,17787.73
2026-06-24,19.0,IEX,3.8952199999999997,6409.84,12896.15,9523.9
2026-06-24,20.0,IEX,5.69385,4332.23,13061.33,4827.85
2026-06-24,21.0,IEX,10.0,3098.2,13647.55,3109.0
2026-06-24,22.0,IEX,10.0,2558.74,17589.05,2565.55
2026-06-24,23.0,IEX,10.0,2556.12,22826.3,2562.93
2026-06-24,24.0,IEX,10.0,2247.86,23362.23,2254.68
2026-06-25,1.0,IEX,10.0,5236.75,15652.35,5461.55
2026-06-25,2.0,IEX,4.2238500000000005,4287.53,11727.1,6830.8
2026-06-25,3.0,IEX,3.88004,4363.11,11737.18,7684.7
2026-06-25,4.0,IEX,4.24149,5178.95,13071.98,8260.7
2026-06-25,5.0,IEX,4.24004,5577.93,14137.15,8752.38
2026-06-25,6.0,IEX,5.27307,5801.85,14877.6,7269.48
2026-06-25,7.0,IEX,5.23107,8407.73,17516.88,10051.53
2026-06-25,8.0,IEX,3.67356,8105.45,16624.75,16458.68
2026-06-25,9.0,IEX,2.27614,8232.19,13054.08,30226.18
2026-06-25,10.0,IEX,1.67383,8951.78,11571.6,40938.08
2026-06-25,11.0,IEX,1.4153,9610.73,12140.18,46172.4
2026-06-25,12.0,IEX,1.1480299999999999,9744.21,11677.73,46763.05
2026-06-25,13.0,IEX,1.1663299999999999,10167.5,11925.93,46149.73
2026-06-25,14.0,IEX,1.1761,10233.83,12416.83,45490.88
2026-06-25,15.0,IEX,1.7871199999999998,10283.48,13976.0,40037.58
2026-06-25,16.0,IEX,2.54226,8781.16,14619.78,29803.05
2026-06-25,17.0,IEX,2.7356700000000003,7436.93,14474.33,22845.58
2026-06-25,18.0,IEX,3.54839,7823.33,14583.1,15033.1
2026-06-25,19.0,IEX,4.36972,5926.93,13029.25,8532.0
2026-06-25,20.0,IEX,5.8753,4751.43,13213.43,5486.43
2026-06-25,21.0,IEX,9.12484,4158.47,14272.3,4367.45
2026-06-25,22.0,IEX,10.0,3645.1,19849.95,3651.9
2026-06-25,23.0,IEX,10.0,3623.47,24103.7,3630.28
2026-06-25,24.0,IEX,10.0,3426.12,24950.25,3432.93
2026-06-26,1.0,IEX,10.0,2736.08,22026.73,2742.88
2026-06-26,2.0,IEX,10.0,2975.87,17927.4,2982.68
2026-06-26,3.0,IEX,9.124709999999999,4704.15,15771.6,4803.28
2026-06-26,4.0,IEX,9.24311,5220.02,17420.43,5254.95
2026-06-26,5.0,IEX,9.13008,5532.8,17798.65,5695.05
2026-06-26,6.0,IEX,5.89408,5200.15,16945.98,6010.55
2026-06-26,7.0,IEX,6.92507,6859.68,19302.43,7511.5
2026-06-26,8.0,IEX,3.23076,7051.35,16945.3,14359.78
2026-06-26,9.0,IEX,2.11031,8154.57,14677.48,27831.3
2026-06-26,10.0,IEX,1.3109600000000001,7813.39,13385.43,37998.45
2026-06-26,11.0,IEX,1.09262,8277.18,13977.05,45119.45
2026-06-26,12.0,IEX,1.09226,8061.07,13605.03,45952.63
2026-06-26,13.0,IEX,1.09249,8522.48,13729.23,45337.3
2026-06-26,14.0,IEX,1.0927,8726.2,13983.95,44070.98
2026-06-26,15.0,IEX,1.8271600000000001,9456.35,16398.0,38109.68
2026-06-26,16.0,IEX,2.58404,8381.52,16473.25,28746.25
2026-06-26,17.0,IEX,2.63771,6999.68,16434.13,22869.43
2026-06-26,18.0,IEX,3.2096799999999996,7238.3,16158.43,15409.08
2026-06-26,19.0,IEX,3.49323,5037.7,13954.88,8873.35
2026-06-26,20.0,IEX,7.81276,4218.55,16229.8,4712.3
2026-06-26,21.0,IEX,10.0,2703.65,18809.33,2920.75
2026-06-26,22.0,IEX,10.0,2284.02,23908.9,2501.13
2026-06-26,23.0,IEX,10.0,1936.19,27580.13,2153.3
2026-06-26,24.0,IEX,10.0,1788.52,28164.5,2005.63
2026-06-27,1.0,IEX,10.0,1889.12,22790.3,2053.18
2026-06-27,2.0,IEX,10.0,2286.93,18638.78,2478.33
2026-06-27,3.0,IEX,10.0,3077.82,17102.25,3269.23
2026-06-27,4.0,IEX,10.0,4075.25,18615.43,4266.65
2026-06-27,5.0,IEX,10.0,4651.89,18748.78,4843.3
2026-06-27,6.0,IEX,10.0,4786.55,19008.05,4977.95
2026-06-27,7.0,IEX,10.0,6628.62,21562.05,6820.03
2026-06-27,8.0,IEX,5.475899999999999,8220.05,18737.08,11251.13
2026-06-27,9.0,IEX,2.6016999999999997,8318.17,15347.6,24402.75
2026-06-27,10.0,IEX,1.8258299999999998,9001.31,14143.65,36800.5
2026-06-27,11.0,IEX,1.2914400000000001,8851.75,13746.95,42373.43
2026-06-27,12.0,IEX,1.26591,9223.92,13867.58,42306.13
2026-06-27,13.0,IEX,1.36347,9944.83,14554.48,41511.23
2026-06-27,14.0,IEX,1.29749,9986.9,14515.8,40659.5
2026-06-27,15.0,IEX,2.1372199999999997,10357.21,17264.48,34945.33
2026-06-27,16.0,IEX,2.6126300000000002,9065.43,17178.08,28460.78
2026-06-27,17.0,IEX,3.09047,8112.34,17628.25,22330.18
2026-06-27,18.0,IEX,3.5291,7959.08,17495.78,15001.93
2026-06-27,19.0,IEX,4.41712,5975.75,15430.6,7911.05
2026-06-27,20.0,IEX,10.0,2844.64,17551.85,3042.15
2026-06-27,21.0,IEX,10.0,2180.63,21913.48,2378.13
2026-06-27,22.0,IEX,10.0,2134.35,26123.68,2331.85
2026-06-27,23.0,IEX,10.0,1770.27,31954.53,1967.78
2026-06-27,24.0,IEX,10.0,1692.14,32718.78,1889.65
2026-06-28,1.0,IEX,10.0,1903.49,27386.55,1910.3
2026-06-28,2.0,IEX,10.0,2076.83,23257.03,2083.63
2026-06-28,3.0,IEX,10.0,2372.75,21263.43,2379.55
2026-06-28,4.0,IEX,10.0,2667.87,22705.3,2674.68
2026-06-28,5.0,IEX,10.0,3059.47,22369.45,3066.28
2026-06-28,6.0,IEX,10.0,3763.45,22510.75,3770.25
2026-06-28,7.0,IEX,10.0,5611.12,23340.03,5617.93
2026-06-28,8.0,IEX,4.57801,7830.46,19189.83,11378.45
2026-06-28,9.0,IEX,2.43973,9178.62,17000.65,23183.08
2026-06-28,10.0,IEX,1.72768,10312.86,15302.95,33897.13
2026-06-28,11.0,IEX,1.09251,10370.46,15210.9,40445.6
2026-06-28,12.0,IEX,1.09252,10568.51,15522.23,40859.45
2026-06-28,13.0,IEX,1.09244,10182.01,14813.88,40094.13
2026-06-28,14.0,IEX,1.0924200000000002,10411.5,15233.08,39470.48
2026-06-28,15.0,IEX,1.58246,10972.41,16988.08,33599.8
2026-06-28,16.0,IEX,2.35065,9473.71,16612.95,26082.58
2026-06-28,17.0,IEX,2.5402,8174.76,16391.75,21085.53
2026-06-28,18.0,IEX,3.0593000000000004,7118.27,15985.9,14390.9
2026-06-28,19.0,IEX,3.2189699999999997,3938.68,13264.25,9046.03
2026-06-28,20.0,IEX,7.30028,4561.25,17318.83,4879.98
2026-06-28,21.0,IEX,10.0,3090.0,19448.88,3096.8
2026-06-28,22.0,IEX,10.0,2500.05,23517.28,2506.85
2026-06-28,23.0,IEX,10.0,2131.4,27237.23,2138.2
2026-06-28,24.0,IEX,10.0,1964.8,27883.0,1971.6
2026-06-29,1.0,IEX,10.0,1989.95,32235.08,1996.78
2026-06-29,2.0,IEX,10.0,2324.37,29448.28,2331.18
2026-06-29,3.0,IEX,10.0,2920.87,21126.4,2927.68
2026-06-29,4.0,IEX,10.0,3846.9,20365.25,3853.7
2026-06-29,5.0,IEX,10.0,4311.87,20033.7,4318.68
2026-06-29,6.0,IEX,10.0,4266.55,23110.35,4273.35
2026-06-29,7.0,IEX,10.0,6375.82,24758.8,6382.63
2026-06-29,8.0,IEX,4.390479999999999,8998.98,22875.25,13617.05
2026-06-29,9.0,IEX,2.8844499999999997,9684.85,22073.15,25658.43
2026-06-29,10.0,IEX,2.01605,11592.89,21462.28,37753.4
2026-06-29,11.0,IEX,1.61255,11289.5,21382.63,42551.43
2026-06-29,12.0,IEX,1.62339,12156.35,22290.63,43077.48
2026-06-29,13.0,IEX,1.85353,13301.4,23201.85,42444.58
2026-06-29,14.0,IEX,1.9497,13364.13,23304.5,42319.5
2026-06-29,15.0,IEX,2.44707,13215.83,25127.15,38424.1
2026-06-29,16.0,IEX,3.2422,12260.47,25389.58,27899.88
2026-06-29,17.0,IEX,3.49214,11152.9,25258.13,20614.48
2026-06-29,18.0,IEX,4.51594,9108.05,24945.48,12080.0
2026-06-29,19.0,IEX,4.48838,5820.74,20464.68,7148.33
2026-06-29,20.0,IEX,10.0,3470.55,26306.7,3477.35
2026-06-29,21.0,IEX,10.0,2763.65,34010.33,2770.45
2026-06-29,22.0,IEX,10.0,2473.97,40878.33,2480.78
2026-06-29,23.0,IEX,10.0,2230.1,46765.05,2236.9
2026-06-29,24.0,IEX,10.0,2156.34,46290.83,2163.15
